2024-08-06 15:15:57,523 [INFO] Activator:176 - 


2024-08-06 15:15:57,530 [INFO] Activator:177 - !SESSION log4j initialized
2024-08-06 15:16:10,206 [INFO] LogOutputStream:77 - [STDOUT_REDIRECT] 
2024-08-06 15:16:13,842 [INFO] ApplicationProperties:184 - Using Application install path: /opt/st/stm32cubeide_1.16.0/plugins/com.st.stm32cube.common.mx_6.12.0.202406281431
2024-08-06 15:16:13,907 [INFO] DbMcusXml:78 - Set database path to: /opt/st/stm32cubeide_1.16.0/plugins/com.st.stm32cube.common.mx_6.12.0.202406281431//db//mcu/
2024-08-06 15:16:13,908 [INFO] ApiDb:274 - Set plugin database path to: /opt/st/stm32cubeide_1.16.0/plugins/com.st.stm32cube.common.mx_6.12.0.202406281431//db//plugins/boardmanager/
2024-08-06 15:16:13,909 [WARN] ApiDb:259 - Overriding images path with different value:  => /opt/st/stm32cubeide_1.16.0/plugins/com.st.stm32cube.common.mx_6.12.0.202406281431//db//plugins/mcufinder/images/
2024-08-06 15:16:13,983 [INFO] ApiDb:250 - Set database path to: /home/leandro/.stmcufinder/plugins/mcufinder//mcu/
2024-08-06 15:16:13,984 [INFO] DbMcusAds:125 - Set database path to: /home/leandro/.stmcufinder/plugins/mcufinder//mcu/
2024-08-06 15:16:13,986 [INFO] CrossReferenceDbSqlite:203 - Set database path to: /home/leandro/.stmcufinder/plugins/mcufinder//mcu/cs/
2024-08-06 15:16:14,312 [INFO] RulesReader:64 - Compatibility file has been processed (297 Rules)
2024-08-06 15:16:14,522 [INFO] DbMcusXml:78 - Set database path to: /opt/st/stm32cubeide_1.16.0/plugins/com.st.stm32cube.common.mx_6.12.0.202406281431//db//mcu/
2024-08-06 15:16:14,522 [INFO] ApiDb:274 - Set plugin database path to: /opt/st/stm32cubeide_1.16.0/plugins/com.st.stm32cube.common.mx_6.12.0.202406281431//db//plugins/boardmanager/
2024-08-06 15:16:14,523 [INFO] ApiDb:261 - Set plugin images path to: /opt/st/stm32cubeide_1.16.0/plugins/com.st.stm32cube.common.mx_6.12.0.202406281431//db//plugins/mcufinder/images/
2024-08-06 15:16:14,523 [WARN] DbFile:41 - Overriding database path with different value: /home/leandro/.stmcufinder/plugins/mcufinder/ => /home/leandro/.stmcufinder/plugins/mcufinder
2024-08-06 15:16:14,523 [INFO] ApiDb:250 - Set database path to: /home/leandro/.stmcufinder/plugins/mcufinder//mcu/
2024-08-06 15:16:14,524 [WARN] DbFile:41 - Overriding database path with different value: /home/leandro/.stmcufinder/plugins/mcufinder/ => /home/leandro/.stmcufinder/plugins/mcufinder
2024-08-06 15:16:14,524 [INFO] DbMcusAds:125 - Set database path to: /home/leandro/.stmcufinder/plugins/mcufinder//mcu/
2024-08-06 15:16:14,524 [WARN] DbFile:41 - Overriding database path with different value: /home/leandro/.stmcufinder/plugins/mcufinder/ => /home/leandro/.stmcufinder/plugins/mcufinder
2024-08-06 15:16:14,524 [WARN] DbFile:41 - Overriding database path with different value: /home/leandro/.stmcufinder/plugins/mcufinder/ => /home/leandro/.stmcufinder/plugins/mcufinder
2024-08-06 15:16:14,524 [INFO] CrossReferenceDbSqlite:203 - Set database path to: /home/leandro/.stmcufinder/plugins/mcufinder//mcu/cs/
2024-08-06 15:16:14,880 [INFO] MainPanel:268 - HeapMemory: 268435456
2024-08-06 15:16:15,556 [INFO] DbMcusXml:78 - Set database path to: /opt/st/stm32cubeide_1.16.0/plugins/com.st.stm32cube.common.mx_6.12.0.202406281431//db//mcu/
2024-08-06 15:16:15,556 [INFO] ApiDb:274 - Set plugin database path to: /opt/st/stm32cubeide_1.16.0/plugins/com.st.stm32cube.common.mx_6.12.0.202406281431//db//plugins/boardmanager/
2024-08-06 15:16:15,556 [INFO] ApiDb:261 - Set plugin images path to: /opt/st/stm32cubeide_1.16.0/plugins/com.st.stm32cube.common.mx_6.12.0.202406281431//db//plugins/mcufinder/images/
2024-08-06 15:16:15,557 [WARN] DbFile:41 - Overriding database path with different value: /home/leandro/.stmcufinder/plugins/mcufinder/ => /home/leandro/.stmcufinder/plugins/mcufinder
2024-08-06 15:16:15,557 [INFO] ApiDb:250 - Set database path to: /home/leandro/.stmcufinder/plugins/mcufinder//mcu/
2024-08-06 15:16:15,557 [WARN] DbFile:41 - Overriding database path with different value: /home/leandro/.stmcufinder/plugins/mcufinder/ => /home/leandro/.stmcufinder/plugins/mcufinder
2024-08-06 15:16:15,557 [INFO] DbMcusAds:125 - Set database path to: /home/leandro/.stmcufinder/plugins/mcufinder//mcu/
2024-08-06 15:16:15,557 [WARN] DbFile:41 - Overriding database path with different value: /home/leandro/.stmcufinder/plugins/mcufinder/ => /home/leandro/.stmcufinder/plugins/mcufinder
2024-08-06 15:16:15,557 [WARN] DbFile:41 - Overriding database path with different value: /home/leandro/.stmcufinder/plugins/mcufinder/ => /home/leandro/.stmcufinder/plugins/mcufinder
2024-08-06 15:16:15,557 [INFO] CrossReferenceDbSqlite:203 - Set database path to: /home/leandro/.stmcufinder/plugins/mcufinder//mcu/cs/
2024-08-06 15:16:15,607 [INFO] ApplicationProperties:184 - Using Application install path: /opt/st/stm32cubeide_1.16.0/plugins/com.st.stm32cube.common.mx_6.12.0.202406281431
2024-08-06 15:16:15,609 [INFO] PluginManage:196 - Search for loadable plugins [exclusion list=, ]
2024-08-06 15:16:15,644 [INFO] PluginManage:310 - Check plugin analytics
2024-08-06 15:16:15,987 [INFO] AnalyticsPlugin:253 - Accepted Software Licenses: 
2024-08-06 15:16:15,987 [INFO] AnalyticsPlugin:255 - Accepted CMSIS Pack Licenses: 
2024-08-06 15:16:15,987 [INFO] AnalyticsPlugin:257 - Accepted Firmware Licenses: FW.F4.1.27.0
2024-08-06 15:16:15,991 [INFO] PluginManage:359 - Loaded plugin analytics (category:tool,tabindex:-1)
2024-08-06 15:16:15,992 [INFO] PluginManage:310 - Check plugin cadmodel
2024-08-06 15:16:16,050 [INFO] CADModel:105 - Init CAD model plugin
2024-08-06 15:16:16,051 [INFO] PluginManage:359 - Loaded plugin cadmodel (category:power,tabindex:5)
2024-08-06 15:16:16,051 [INFO] PluginManage:310 - Check plugin clock
2024-08-06 15:16:16,120 [INFO] PluginManage:359 - Loaded plugin clock (category:base,tabindex:2)
2024-08-06 15:16:16,120 [INFO] PluginManage:310 - Check plugin ddr
2024-08-06 15:16:16,142 [INFO] PluginManage:359 - Loaded plugin ddr (category:tool,tabindex:6)
2024-08-06 15:16:16,142 [INFO] PluginManage:310 - Check plugin filemanager
2024-08-06 15:16:16,761 [INFO] PluginManage:359 - Loaded plugin filemanager (category:base,tabindex:10)
2024-08-06 15:16:16,761 [INFO] PluginManage:310 - Check plugin ipmanager
2024-08-06 15:16:16,794 [INFO] PluginManage:359 - Loaded plugin ipmanager (category:base,tabindex:5)
2024-08-06 15:16:16,794 [INFO] PluginManage:310 - Check plugin lpbam
2024-08-06 15:16:16,898 [INFO] PluginManage:359 - Loaded plugin lpbam (category:base,tabindex:0)
2024-08-06 15:16:16,898 [INFO] PluginManage:310 - Check plugin memorymap
2024-08-06 15:16:17,105 [INFO] PluginManage:359 - Loaded plugin memorymap (category:base,tabindex:4)
2024-08-06 15:16:17,105 [INFO] PluginManage:310 - Check plugin pinoutandconfiguration
2024-08-06 15:16:17,202 [INFO] PluginManage:359 - Loaded plugin pinoutandconfiguration (category:base,tabindex:1)
2024-08-06 15:16:17,202 [INFO] PluginManage:310 - Check plugin pinoutconfig
2024-08-06 15:16:17,634 [WARN] SupportedApi:132 - Cannot load RTOS API schema: s4s-elt-must-match.1: The content of 'definitions' must match (annotation?, (simpleType | complexType)?, (unique | key | keyref)*)). A problem was found starting at: attribute.
2024-08-06 15:16:18,483 [INFO] PluginManage:359 - Loaded plugin pinoutconfig (category:base,tabindex:0)
2024-08-06 15:16:18,483 [INFO] PluginManage:310 - Check plugin power
2024-08-06 15:16:18,542 [INFO] PluginManage:359 - Loaded plugin power (category:power,tabindex:4)
2024-08-06 15:16:18,542 [INFO] PluginManage:310 - Check plugin projectmanager
2024-08-06 15:16:18,631 [INFO] PluginManage:359 - Loaded plugin projectmanager (category:projectmanager,tabindex:4)
2024-08-06 15:16:18,631 [INFO] PluginManage:310 - Check plugin rif
2024-08-06 15:16:18,691 [INFO] PluginManage:359 - Loaded plugin rif (category:base,tabindex:3)
2024-08-06 15:16:18,692 [INFO] PluginManage:310 - Check plugin thirdparty
2024-08-06 15:16:19,241 [INFO] PluginManage:359 - Loaded plugin thirdparty (category:base,tabindex:-1)
2024-08-06 15:16:19,242 [INFO] PluginManage:310 - Check plugin tools
2024-08-06 15:16:19,242 [WARN] IntegrityCheckThread:84 - waiting for thirdparty lock release [integrity check]
2024-08-06 15:16:19,242 [INFO] IntegrityCheckThread:86 - entering critical section [integrity check]
2024-08-06 15:16:19,243 [INFO] ThirdPartyUpdaterWithRetryManager:70 - Updater plugin not ready yet. [1/15]
2024-08-06 15:16:19,277 [INFO] PluginManage:359 - Loaded plugin tools (category:base,tabindex:7)
2024-08-06 15:16:19,277 [INFO] PluginManage:310 - Check plugin tutovideos
2024-08-06 15:16:19,579 [INFO] PluginManage:359 - Loaded plugin tutovideos (category:base,tabindex:-1)
2024-08-06 15:16:19,580 [INFO] PluginManage:310 - Check plugin updater
2024-08-06 15:16:19,628 [INFO] PluginManage:359 - Loaded plugin updater (category:base,tabindex:12)
2024-08-06 15:16:19,628 [INFO] PluginManage:310 - Check plugin userauth
2024-08-06 15:16:19,661 [INFO] UserAuth:113 - Init User Auth plugin
2024-08-06 15:16:19,661 [INFO] PluginManage:359 - Loaded plugin userauth (category:base,tabindex:14)
2024-08-06 15:16:19,661 [INFO] PluginManage:283 - PluginManage : Loaded plugins [18]
2024-08-06 15:16:20,199 [INFO] PinOutPanel:1561 - setPackage(No Configuration,No Configuration)
2024-08-06 15:16:20,437 [INFO] CADModel:165 - CPN selected for project level
2024-08-06 15:16:20,437 [INFO] CADModel:114 - Register for checkConnection events
2024-08-06 15:16:20,556 [INFO] IPUIPlugin:80 - create IPUIPlugin
2024-08-06 15:16:20,556 [INFO] PluginManager:220 - loadIPPluginJar : add ddr_ctrl_phy
2024-08-06 15:16:20,581 [INFO] IPUIPlugin:80 - create IPUIPlugin
2024-08-06 15:16:20,582 [INFO] PluginManager:220 - loadIPPluginJar : add tim
2024-08-06 15:16:20,592 [INFO] IPUIPlugin:80 - create IPUIPlugin
2024-08-06 15:16:20,592 [INFO] PluginManager:220 - loadIPPluginJar : add openamp
2024-08-06 15:16:20,595 [INFO] IPUIPlugin:80 - create IPUIPlugin
2024-08-06 15:16:20,596 [INFO] PluginManager:220 - loadIPPluginJar : add pdm2pcm
2024-08-06 15:16:20,657 [INFO] IPUIPlugin:80 - create IPUIPlugin
2024-08-06 15:16:20,658 [INFO] PluginManager:220 - loadIPPluginJar : add resmgrutility
2024-08-06 15:16:20,735 [INFO] IPUIPlugin:80 - create IPUIPlugin
2024-08-06 15:16:20,736 [INFO] PluginManager:220 - loadIPPluginJar : add mdma
2024-08-06 15:16:20,740 [INFO] IPUIPlugin:80 - create IPUIPlugin
2024-08-06 15:16:20,740 [INFO] PluginManager:220 - loadIPPluginJar : add tsc
2024-08-06 15:16:20,753 [INFO] IPUIPlugin:80 - create IPUIPlugin
2024-08-06 15:16:20,754 [INFO] PluginManager:220 - loadIPPluginJar : add genericplugin
2024-08-06 15:16:20,758 [INFO] IPUIPlugin:80 - create IPUIPlugin
2024-08-06 15:16:20,759 [INFO] PluginManager:220 - loadIPPluginJar : add radio
2024-08-06 15:16:20,796 [INFO] IPUIPlugin:80 - create IPUIPlugin
2024-08-06 15:16:20,796 [INFO] PluginManager:220 - loadIPPluginJar : add comp
2024-08-06 15:16:20,799 [INFO] IPUIPlugin:80 - create IPUIPlugin
2024-08-06 15:16:20,799 [INFO] PluginManager:220 - loadIPPluginJar : add quadspi
2024-08-06 15:16:20,803 [INFO] IPUIPlugin:80 - create IPUIPlugin
2024-08-06 15:16:20,803 [INFO] PluginManager:220 - loadIPPluginJar : add extmemmanager
2024-08-06 15:16:20,807 [INFO] IPUIPlugin:80 - create IPUIPlugin
2024-08-06 15:16:20,808 [INFO] PluginManager:220 - loadIPPluginJar : add hash
2024-08-06 15:16:20,812 [INFO] IPUIPlugin:80 - create IPUIPlugin
2024-08-06 15:16:20,813 [INFO] PluginManager:220 - loadIPPluginJar : add sai
2024-08-06 15:16:20,818 [INFO] IPUIPlugin:80 - create IPUIPlugin
2024-08-06 15:16:20,818 [INFO] PluginManager:220 - loadIPPluginJar : add touchsensing
2024-08-06 15:16:20,820 [INFO] IPUIPlugin:80 - create IPUIPlugin
2024-08-06 15:16:20,820 [INFO] PluginManager:220 - loadIPPluginJar : add gfxmmu
2024-08-06 15:16:20,824 [INFO] IPUIPlugin:80 - create IPUIPlugin
2024-08-06 15:16:20,824 [INFO] PluginManager:220 - loadIPPluginJar : add i2c
2024-08-06 15:16:20,842 [INFO] IPUIPlugin:80 - create IPUIPlugin
2024-08-06 15:16:20,842 [INFO] PluginManager:220 - loadIPPluginJar : add adc
2024-08-06 15:16:20,862 [INFO] IPUIPlugin:80 - create IPUIPlugin
2024-08-06 15:16:20,862 [INFO] PluginManager:220 - loadIPPluginJar : add gpio
2024-08-06 15:16:20,868 [INFO] IPUIPlugin:80 - create IPUIPlugin
2024-08-06 15:16:20,868 [INFO] PluginManager:220 - loadIPPluginJar : add fmc
2024-08-06 15:16:20,871 [INFO] IPUIPlugin:80 - create IPUIPlugin
2024-08-06 15:16:20,871 [INFO] PluginManager:220 - loadIPPluginJar : add can
2024-08-06 15:16:20,874 [INFO] IPUIPlugin:80 - create IPUIPlugin
2024-08-06 15:16:20,874 [INFO] PluginManager:220 - loadIPPluginJar : add gtzc
2024-08-06 15:16:20,876 [INFO] IPUIPlugin:80 - create IPUIPlugin
2024-08-06 15:16:20,876 [INFO] PluginManager:220 - loadIPPluginJar : add aes
2024-08-06 15:16:20,878 [INFO] IPUIPlugin:80 - create IPUIPlugin
2024-08-06 15:16:20,878 [INFO] PluginManager:220 - loadIPPluginJar : add usart
2024-08-06 15:16:20,880 [INFO] IPUIPlugin:80 - create IPUIPlugin
2024-08-06 15:16:20,880 [INFO] PluginManager:220 - loadIPPluginJar : add ts
2024-08-06 15:16:20,883 [INFO] IPUIPlugin:80 - create IPUIPlugin
2024-08-06 15:16:20,883 [INFO] PluginManager:220 - loadIPPluginJar : add ltdc
2024-08-06 15:16:20,885 [INFO] IPUIPlugin:80 - create IPUIPlugin
2024-08-06 15:16:20,886 [INFO] PluginManager:220 - loadIPPluginJar : add tracer_emb
2024-08-06 15:16:20,889 [INFO] IPUIPlugin:80 - create IPUIPlugin
2024-08-06 15:16:20,890 [INFO] PluginManager:220 - loadIPPluginJar : add i3c
2024-08-06 15:16:20,892 [INFO] IPUIPlugin:80 - create IPUIPlugin
2024-08-06 15:16:20,893 [INFO] PluginManager:220 - loadIPPluginJar : add lorawan
2024-08-06 15:16:20,900 [INFO] IPUIPlugin:80 - create IPUIPlugin
2024-08-06 15:16:20,901 [INFO] PluginManager:220 - loadIPPluginJar : add stm32_wpan
2024-08-06 15:16:20,958 [INFO] IPUIPlugin:80 - create IPUIPlugin
2024-08-06 15:16:20,961 [INFO] PluginManager:220 - loadIPPluginJar : add plateformsettings
2024-08-06 15:16:20,984 [INFO] IPUIPlugin:80 - create IPUIPlugin
2024-08-06 15:16:20,984 [INFO] PluginManager:220 - loadIPPluginJar : add linkedlist
2024-08-06 15:16:20,991 [INFO] IPUIPlugin:80 - create IPUIPlugin
2024-08-06 15:16:20,991 [INFO] PluginManager:220 - loadIPPluginJar : add gic
2024-08-06 15:16:21,025 [INFO] IPUIPlugin:80 - create IPUIPlugin
2024-08-06 15:16:21,025 [INFO] PluginManager:220 - loadIPPluginJar : add ipddr
2024-08-06 15:16:21,029 [INFO] IPUIPlugin:80 - create IPUIPlugin
2024-08-06 15:16:21,030 [INFO] PluginManager:220 - loadIPPluginJar : add dfsdm
2024-08-06 15:16:21,033 [INFO] IPUIPlugin:80 - create IPUIPlugin
2024-08-06 15:16:21,033 [INFO] PluginManager:220 - loadIPPluginJar : add ucpd
2024-08-06 15:16:21,036 [INFO] IPUIPlugin:80 - create IPUIPlugin
2024-08-06 15:16:21,037 [INFO] PluginManager:220 - loadIPPluginJar : add opamp
2024-08-06 15:16:21,040 [INFO] IPUIPlugin:80 - create IPUIPlugin
2024-08-06 15:16:21,040 [INFO] PluginManager:220 - loadIPPluginJar : add i2s
2024-08-06 15:16:21,073 [INFO] IPUIPlugin:80 - create IPUIPlugin
2024-08-06 15:16:21,074 [INFO] PluginManager:220 - loadIPPluginJar : add freertos
2024-08-06 15:16:21,094 [INFO] IPUIPlugin:80 - create IPUIPlugin
2024-08-06 15:16:21,094 [INFO] PluginManager:220 - loadIPPluginJar : add nvic
2024-08-06 15:16:21,098 [INFO] IPUIPlugin:80 - create IPUIPlugin
2024-08-06 15:16:21,098 [INFO] PluginManager:220 - loadIPPluginJar : add usbx
2024-08-06 15:16:21,102 [INFO] IPUIPlugin:80 - create IPUIPlugin
2024-08-06 15:16:21,102 [INFO] PluginManager:220 - loadIPPluginJar : add dma3
2024-08-06 15:16:21,104 [INFO] IPUIPlugin:80 - create IPUIPlugin
2024-08-06 15:16:21,104 [INFO] PluginManager:220 - loadIPPluginJar : add spi
2024-08-06 15:16:21,106 [INFO] IPUIPlugin:80 - create IPUIPlugin
2024-08-06 15:16:21,107 [INFO] PluginManager:220 - loadIPPluginJar : add cryp
2024-08-06 15:16:21,159 [INFO] IPUIPlugin:80 - create IPUIPlugin
2024-08-06 15:16:21,159 [INFO] PluginManager:220 - loadIPPluginJar : add dma
2024-08-06 15:16:21,160 [INFO] IPUIPlugin:80 - create IPUIPlugin
2024-08-06 15:16:21,161 [INFO] PluginManager:220 - loadIPPluginJar : add fatfs
2024-08-06 15:16:21,303 [INFO] CADModel:165 - CPN selected for project level
2024-08-06 15:16:21,303 [INFO] CADModel:114 - Register for checkConnection events
2024-08-06 15:16:21,304 [FATAL] Updater:334 - Updater called before beeing initialized
2024-08-06 15:16:21,304 [ERROR] CADModel:125 - Updater not yet initialized, retry later 
2024-08-06 15:16:21,684 [INFO] CADModel:165 - CPN selected for project level
2024-08-06 15:16:21,684 [INFO] CADModel:114 - Register for checkConnection events
2024-08-06 15:16:21,685 [FATAL] Updater:334 - Updater called before beeing initialized
2024-08-06 15:16:21,685 [ERROR] CADModel:125 - Updater not yet initialized, retry later 
2024-08-06 15:16:21,690 [FATAL] Updater:334 - Updater called before beeing initialized
2024-08-06 15:16:21,941 [FATAL] Updater:334 - Updater called before beeing initialized
2024-08-06 15:16:21,959 [INFO] DbMcusAds:53 - JSON generation date=Thu May 16 06:22:00 BRT 2024 (1715851320667)
2024-08-06 15:16:21,960 [FATAL] Updater:334 - Updater called before beeing initialized
2024-08-06 15:16:22,112 [WARN] DetailPanel:346 - Failed to get advertising image, set to default
2024-08-06 15:16:22,231 [FATAL] Updater:334 - Updater called before beeing initialized
2024-08-06 15:16:22,243 [INFO] ThirdPartyUpdaterWithRetryManager:70 - Updater plugin not ready yet. [2/15]
2024-08-06 15:16:22,275 [FATAL] Updater:334 - Updater called before beeing initialized
2024-08-06 15:16:22,276 [FATAL] Updater:334 - Updater called before beeing initialized
2024-08-06 15:16:22,276 [WARN] DetailPanel:346 - Failed to get advertising image, set to default
2024-08-06 15:16:22,277 [FATAL] Updater:334 - Updater called before beeing initialized
2024-08-06 15:16:22,372 [ERROR] Updater:1164 - MainUpdater not yet initialized. External WinMGr cannot be set.
2024-08-06 15:16:22,391 [INFO] Updater:1100 - Updater Version found : 6.12.0
2024-08-06 15:16:22,433 [INFO] ApplicationProperties:184 - Using Application install path: /opt/st/stm32cubeide_1.16.0/plugins/com.st.stm32cube.common.mx_6.12.0.202406281431
2024-08-06 15:16:22,507 [ERROR] LogOutputStream:75 - [STDERR_REDIRECT] Aug 06, 2024 3:16:22 PM java.util.prefs.FileSystemPreferences$2 run
2024-08-06 15:16:22,508 [ERROR] LogOutputStream:75 - [STDERR_REDIRECT] WARNING: Could not create system preferences directory. System preferences are unusable.
2024-08-06 15:16:22,508 [ERROR] LogOutputStream:75 - [STDERR_REDIRECT] 
2024-08-06 15:16:23,169 [INFO] MainUpdater:2873 - connection check result : 10
2024-08-06 15:16:23,170 [INFO] MainUpdater:3567 - Updater definition file requires update
2024-08-06 15:16:23,171 [INFO] MainUpdater:290 - Updater Check For Update Now.
2024-08-06 15:16:23,171 [INFO] MicroXplorer:498 - Change Database Version : DB.6.0.120
2024-08-06 15:16:23,194 [INFO] McuFinderGlobals:63 - Set McuFinder mode to 2 (CubeIDE integrated)
2024-08-06 15:16:23,218 [INFO] UserAuth:417 - Internet connection configuration mode: 1
2024-08-06 15:16:23,285 [INFO] ServerAccessManage:473 - Download File updaters.zip
2024-08-06 15:16:23,318 [INFO] JxBrowserEngine:152 - Initiate JxBrowser Engine with user profile folder
2024-08-06 15:16:23,441 [INFO] FileExtend:240 - Unzip File : updaters.zip
2024-08-06 15:16:23,441 [INFO] FileExtend:255 - Standard Zip Deflate
2024-08-06 15:16:23,742 [INFO] ServerAccessManage:473 - Download File PacksControlFlags.xml
2024-08-06 15:16:23,954 [INFO] ServerAccessManage:473 - Download File cubemx.pidx
2024-08-06 15:16:24,291 [INFO] LoadServerUpdatesThread:375 - End of LoadServerUpdate Thread
2024-08-06 15:16:24,538 [INFO] CheckServerUpdateThread:120 - End of CheckServer Thread
2024-08-06 15:16:26,298 [WARN] PackLoader:240 - Cannot read IP mode file for STMicroelectronics.FP-SNS-MOTENVWB1.1.4.0
2024-08-06 15:16:26,352 [WARN] PackLoader:240 - Cannot read IP mode file for STMicroelectronics.X-CUBE-SMBUS.2.1.0
2024-08-06 15:16:26,384 [WARN] PackLoader:240 - Cannot read IP mode file for STMicroelectronics.FP-SNS-FLIGHT1.5.0.2
2024-08-06 15:16:26,471 [WARN] PackLoader:240 - Cannot read IP mode file for STMicroelectronics.X-CUBE-DISPLAY.3.0.0
2024-08-06 15:16:26,530 [WARN] PackLoader:240 - Cannot read IP mode file for STMicroelectronics.X-CUBE-BLE1.7.0.0
2024-08-06 15:16:26,607 [WARN] PackLoader:240 - Cannot read IP mode file for STMicroelectronics.X-CUBE-BLEMGR.3.1.0
2024-08-06 15:16:26,646 [WARN] PackLoader:240 - Cannot read IP mode file for STMicroelectronics.FP-SNS-SMARTAG2.1.2.0
2024-08-06 15:16:26,672 [WARN] PackLoader:240 - Cannot read IP mode file for STMicroelectronics.FP-SNS-MOTENV1.5.0.0
2024-08-06 15:16:26,705 [WARN] PackLoader:240 - Cannot read IP mode file for STMicroelectronics.X-CUBE-BLE2.3.3.0
2024-08-06 15:16:26,885 [WARN] PackLoader:240 - Cannot read IP mode file for STMicroelectronics.X-CUBE-SAFEA1.1.2.2
2024-08-06 15:16:26,916 [WARN] PackLoader:240 - Cannot read IP mode file for STMicroelectronics.X-CUBE-NFC4.3.0.0
2024-08-06 15:16:26,940 [WARN] PackLoader:240 - Cannot read IP mode file for STMicroelectronics.FP-ATR-SIGFOX1.3.2.0
2024-08-06 15:16:27,015 [WARN] PackLoader:240 - Cannot read IP mode file for STMicroelectronics.X-CUBE-EEPRMA1.5.1.0
2024-08-06 15:16:27,060 [WARN] PackLoader:240 - Cannot read IP mode file for STMicroelectronics.X-CUBE-GNSS1.6.0.0
2024-08-06 15:16:27,107 [WARN] PackLoader:240 - Cannot read IP mode file for STMicroelectronics.X-CUBE-FREERTOS.1.2.0
2024-08-06 15:16:27,151 [WARN] PackLoader:240 - Cannot read IP mode file for STMicroelectronics.X-CUBE-NFC6.3.1.0
2024-08-06 15:16:27,178 [WARN] PackLoader:240 - Cannot read IP mode file for STMicroelectronics.X-CUBE-AI.9.0.0
2024-08-06 15:16:27,208 [WARN] PackLoader:240 - Cannot read IP mode file for STMicroelectronics.X-CUBE-NFC7.1.0.1
2024-08-06 15:16:27,257 [WARN] PackLoader:240 - Cannot read IP mode file for STMicroelectronics.X-CUBE-SFXS2LP1.4.0.0
2024-08-06 15:16:27,311 [WARN] PackLoader:240 - Cannot read IP mode file for STMicroelectronics.X-CUBE-SUBG2.5.0.0
2024-08-06 15:16:27,339 [WARN] PackLoader:240 - Cannot read IP mode file for STMicroelectronics.X-CUBE-ISPU.2.0.0
2024-08-06 15:16:27,365 [WARN] PackLoader:240 - Cannot read IP mode file for STMicroelectronics.X-CUBE-ALS.1.0.2
2024-08-06 15:16:27,528 [WARN] PackLoader:240 - Cannot read IP mode file for STMicroelectronics.X-CUBE-MEMS1.10.0.0
2024-08-06 15:16:27,970 [WARN] PackLoader:240 - Cannot read IP mode file for STMicroelectronics.FP-ATR-ASTRA1.2.0.0
2024-08-06 15:16:27,972 [INFO] ThirdParty:978 - Integrity check success = true
2024-08-06 15:16:27,972 [INFO] IntegrityCheckThread:100 - exiting critical section [integrity check]
2024-08-06 15:16:27,972 [INFO] IntegrityCheckThread:103 - End integrity checks thread
2024-08-06 15:16:35,635 [ERROR] LogOutputStream:75 - [STDERR_REDIRECT] Aug 06, 2024 3:16:35 PM java.util.prefs.FileSystemPreferences checkLockFile0ErrorCode
2024-08-06 15:16:35,635 [ERROR] LogOutputStream:75 - [STDERR_REDIRECT] WARNING: Could not lock System prefs. Unix error code 2.
2024-08-06 15:16:35,636 [ERROR] LogOutputStream:75 - [STDERR_REDIRECT] 
2024-08-06 15:16:35,637 [ERROR] LogOutputStream:75 - [STDERR_REDIRECT] Aug 06, 2024 3:16:35 PM java.util.prefs.FileSystemPreferences syncWorld
2024-08-06 15:16:35,637 [ERROR] LogOutputStream:75 - [STDERR_REDIRECT] WARNING: Couldn't flush system prefs: java.util.prefs.BackingStoreException: Couldn't get file lock.
2024-08-06 15:16:35,637 [ERROR] LogOutputStream:75 - [STDERR_REDIRECT] 
2024-08-06 15:16:50,065 [INFO] WebApp:167 - Instantiating new browser for Auth
2024-08-06 15:17:03,917 [INFO] WebApp:448 - Apply proxy settings
2024-08-06 15:17:03,918 [INFO] WebApp:533 - Chromium requires no authentication
2024-08-06 15:17:04,102 [INFO] WebApp:476 - Direct internet connection detected
2024-08-06 15:17:04,239 [INFO] WebApp:869 - Register for checkConnection events
2024-08-06 15:17:04,239 [INFO] WebApp:448 - Apply proxy settings
2024-08-06 15:17:04,239 [INFO] WebApp:533 - Chromium requires no authentication
2024-08-06 15:17:04,240 [INFO] WebApp:476 - Direct internet connection detected
2024-08-06 15:17:05,623 [ERROR] LogOutputStream:75 - [STDERR_REDIRECT] Aug 06, 2024 3:17:05 PM java.util.prefs.FileSystemPreferences checkLockFile0ErrorCode
2024-08-06 15:17:05,623 [ERROR] LogOutputStream:75 - [STDERR_REDIRECT] WARNING: Could not lock System prefs. Unix error code 2.
2024-08-06 15:17:05,624 [ERROR] LogOutputStream:75 - [STDERR_REDIRECT] 
2024-08-06 15:17:05,626 [ERROR] LogOutputStream:75 - [STDERR_REDIRECT] Aug 06, 2024 3:17:05 PM java.util.prefs.FileSystemPreferences syncWorld
2024-08-06 15:17:05,627 [ERROR] LogOutputStream:75 - [STDERR_REDIRECT] WARNING: Couldn't flush system prefs: java.util.prefs.BackingStoreException: Couldn't get file lock.
2024-08-06 15:17:05,627 [ERROR] LogOutputStream:75 - [STDERR_REDIRECT] 
2024-08-06 15:17:06,439 [INFO] WebApp:220 - Starting web application
2024-08-06 15:17:06,439 [INFO] WebApp:578 - Web application path used /opt/st/stm32cubeide_1.16.0/plugins/com.st.stm32cube.common.mx_6.12.0.202406281431/db/plugins/mcufinder/reactClient1/index.html
2024-08-06 15:17:06,967 [INFO] WebApp:186 - Connection restablished
2024-08-06 15:17:08,169 [INFO] UserAuth:417 - Internet connection configuration mode: 1
2024-08-06 15:17:35,623 [ERROR] LogOutputStream:75 - [STDERR_REDIRECT] Aug 06, 2024 3:17:35 PM java.util.prefs.FileSystemPreferences checkLockFile0ErrorCode
2024-08-06 15:17:35,623 [ERROR] LogOutputStream:75 - [STDERR_REDIRECT] WARNING: Could not lock System prefs. Unix error code 2.
2024-08-06 15:17:35,624 [ERROR] LogOutputStream:75 - [STDERR_REDIRECT] 
2024-08-06 15:17:35,626 [ERROR] LogOutputStream:75 - [STDERR_REDIRECT] Aug 06, 2024 3:17:35 PM java.util.prefs.FileSystemPreferences syncWorld
2024-08-06 15:17:35,628 [ERROR] LogOutputStream:75 - [STDERR_REDIRECT] WARNING: Couldn't flush system prefs: java.util.prefs.BackingStoreException: Couldn't get file lock.
2024-08-06 15:17:35,629 [ERROR] LogOutputStream:75 - [STDERR_REDIRECT] 
2024-08-06 15:18:05,623 [ERROR] LogOutputStream:75 - [STDERR_REDIRECT] Aug 06, 2024 3:18:05 PM java.util.prefs.FileSystemPreferences checkLockFile0ErrorCode
2024-08-06 15:18:05,623 [ERROR] LogOutputStream:75 - [STDERR_REDIRECT] WARNING: Could not lock System prefs. Unix error code 2.
2024-08-06 15:18:05,624 [ERROR] LogOutputStream:75 - [STDERR_REDIRECT] 
2024-08-06 15:18:05,624 [ERROR] LogOutputStream:75 - [STDERR_REDIRECT] Aug 06, 2024 3:18:05 PM java.util.prefs.FileSystemPreferences syncWorld
2024-08-06 15:18:05,625 [ERROR] LogOutputStream:75 - [STDERR_REDIRECT] WARNING: Couldn't flush system prefs: java.util.prefs.BackingStoreException: Couldn't get file lock.
2024-08-06 15:18:05,625 [ERROR] LogOutputStream:75 - [STDERR_REDIRECT] 
2024-08-06 15:18:35,622 [ERROR] LogOutputStream:75 - [STDERR_REDIRECT] Aug 06, 2024 3:18:35 PM java.util.prefs.FileSystemPreferences checkLockFile0ErrorCode
2024-08-06 15:18:35,622 [ERROR] LogOutputStream:75 - [STDERR_REDIRECT] WARNING: Could not lock System prefs. Unix error code 2.
2024-08-06 15:18:35,623 [ERROR] LogOutputStream:75 - [STDERR_REDIRECT] 
2024-08-06 15:18:35,623 [ERROR] LogOutputStream:75 - [STDERR_REDIRECT] Aug 06, 2024 3:18:35 PM java.util.prefs.FileSystemPreferences syncWorld
2024-08-06 15:18:35,624 [ERROR] LogOutputStream:75 - [STDERR_REDIRECT] WARNING: Couldn't flush system prefs: java.util.prefs.BackingStoreException: Couldn't get file lock.
2024-08-06 15:18:35,624 [ERROR] LogOutputStream:75 - [STDERR_REDIRECT] 
2024-08-06 15:19:05,623 [ERROR] LogOutputStream:75 - [STDERR_REDIRECT] Aug 06, 2024 3:19:05 PM java.util.prefs.FileSystemPreferences checkLockFile0ErrorCode
2024-08-06 15:19:05,623 [ERROR] LogOutputStream:75 - [STDERR_REDIRECT] WARNING: Could not lock System prefs. Unix error code 2.
2024-08-06 15:19:05,624 [ERROR] LogOutputStream:75 - [STDERR_REDIRECT] 
2024-08-06 15:19:05,626 [ERROR] LogOutputStream:75 - [STDERR_REDIRECT] Aug 06, 2024 3:19:05 PM java.util.prefs.FileSystemPreferences syncWorld
2024-08-06 15:19:05,626 [ERROR] LogOutputStream:75 - [STDERR_REDIRECT] WARNING: Couldn't flush system prefs: java.util.prefs.BackingStoreException: Couldn't get file lock.
2024-08-06 15:19:05,627 [ERROR] LogOutputStream:75 - [STDERR_REDIRECT] 
2024-08-06 15:19:35,624 [ERROR] LogOutputStream:75 - [STDERR_REDIRECT] Aug 06, 2024 3:19:35 PM java.util.prefs.FileSystemPreferences checkLockFile0ErrorCode
2024-08-06 15:19:35,625 [ERROR] LogOutputStream:75 - [STDERR_REDIRECT] WARNING: Could not lock System prefs. Unix error code 2.
2024-08-06 15:19:35,626 [ERROR] LogOutputStream:75 - [STDERR_REDIRECT] 
2024-08-06 15:19:35,627 [ERROR] LogOutputStream:75 - [STDERR_REDIRECT] Aug 06, 2024 3:19:35 PM java.util.prefs.FileSystemPreferences syncWorld
2024-08-06 15:19:35,628 [ERROR] LogOutputStream:75 - [STDERR_REDIRECT] WARNING: Couldn't flush system prefs: java.util.prefs.BackingStoreException: Couldn't get file lock.
2024-08-06 15:19:35,628 [ERROR] LogOutputStream:75 - [STDERR_REDIRECT] 
2024-08-06 15:20:05,623 [ERROR] LogOutputStream:75 - [STDERR_REDIRECT] Aug 06, 2024 3:20:05 PM java.util.prefs.FileSystemPreferences checkLockFile0ErrorCode
2024-08-06 15:20:05,624 [ERROR] LogOutputStream:75 - [STDERR_REDIRECT] WARNING: Could not lock System prefs. Unix error code 2.
2024-08-06 15:20:05,625 [ERROR] LogOutputStream:75 - [STDERR_REDIRECT] 
2024-08-06 15:20:05,627 [ERROR] LogOutputStream:75 - [STDERR_REDIRECT] Aug 06, 2024 3:20:05 PM java.util.prefs.FileSystemPreferences syncWorld
2024-08-06 15:20:05,627 [ERROR] LogOutputStream:75 - [STDERR_REDIRECT] WARNING: Couldn't flush system prefs: java.util.prefs.BackingStoreException: Couldn't get file lock.
2024-08-06 15:20:05,628 [ERROR] LogOutputStream:75 - [STDERR_REDIRECT] 
2024-08-06 15:20:35,622 [ERROR] LogOutputStream:75 - [STDERR_REDIRECT] Aug 06, 2024 3:20:35 PM java.util.prefs.FileSystemPreferences checkLockFile0ErrorCode
2024-08-06 15:20:35,623 [ERROR] LogOutputStream:75 - [STDERR_REDIRECT] WARNING: Could not lock System prefs. Unix error code 2.
2024-08-06 15:20:35,623 [ERROR] LogOutputStream:75 - [STDERR_REDIRECT] 
2024-08-06 15:20:35,624 [ERROR] LogOutputStream:75 - [STDERR_REDIRECT] Aug 06, 2024 3:20:35 PM java.util.prefs.FileSystemPreferences syncWorld
2024-08-06 15:20:35,625 [ERROR] LogOutputStream:75 - [STDERR_REDIRECT] WARNING: Couldn't flush system prefs: java.util.prefs.BackingStoreException: Couldn't get file lock.
2024-08-06 15:20:35,625 [ERROR] LogOutputStream:75 - [STDERR_REDIRECT] 
2024-08-06 15:21:05,622 [ERROR] LogOutputStream:75 - [STDERR_REDIRECT] Aug 06, 2024 3:21:05 PM java.util.prefs.FileSystemPreferences checkLockFile0ErrorCode
2024-08-06 15:21:05,622 [ERROR] LogOutputStream:75 - [STDERR_REDIRECT] WARNING: Could not lock System prefs. Unix error code 2.
2024-08-06 15:21:05,623 [ERROR] LogOutputStream:75 - [STDERR_REDIRECT] 
2024-08-06 15:21:05,624 [ERROR] LogOutputStream:75 - [STDERR_REDIRECT] Aug 06, 2024 3:21:05 PM java.util.prefs.FileSystemPreferences syncWorld
2024-08-06 15:21:05,624 [ERROR] LogOutputStream:75 - [STDERR_REDIRECT] WARNING: Couldn't flush system prefs: java.util.prefs.BackingStoreException: Couldn't get file lock.
2024-08-06 15:21:05,624 [ERROR] LogOutputStream:75 - [STDERR_REDIRECT] 
2024-08-06 15:21:35,624 [ERROR] LogOutputStream:75 - [STDERR_REDIRECT] Aug 06, 2024 3:21:35 PM java.util.prefs.FileSystemPreferences checkLockFile0ErrorCode
2024-08-06 15:21:35,624 [ERROR] LogOutputStream:75 - [STDERR_REDIRECT] WARNING: Could not lock System prefs. Unix error code 2.
2024-08-06 15:21:35,624 [ERROR] LogOutputStream:75 - [STDERR_REDIRECT] 
2024-08-06 15:21:35,625 [ERROR] LogOutputStream:75 - [STDERR_REDIRECT] Aug 06, 2024 3:21:35 PM java.util.prefs.FileSystemPreferences syncWorld
2024-08-06 15:21:35,626 [ERROR] LogOutputStream:75 - [STDERR_REDIRECT] WARNING: Couldn't flush system prefs: java.util.prefs.BackingStoreException: Couldn't get file lock.
2024-08-06 15:21:35,626 [ERROR] LogOutputStream:75 - [STDERR_REDIRECT] 
2024-08-06 15:22:05,621 [ERROR] LogOutputStream:75 - [STDERR_REDIRECT] Aug 06, 2024 3:22:05 PM java.util.prefs.FileSystemPreferences checkLockFile0ErrorCode
2024-08-06 15:22:05,622 [ERROR] LogOutputStream:75 - [STDERR_REDIRECT] WARNING: Could not lock System prefs. Unix error code 2.
2024-08-06 15:22:05,622 [ERROR] LogOutputStream:75 - [STDERR_REDIRECT] 
2024-08-06 15:22:05,622 [ERROR] LogOutputStream:75 - [STDERR_REDIRECT] Aug 06, 2024 3:22:05 PM java.util.prefs.FileSystemPreferences syncWorld
2024-08-06 15:22:05,623 [ERROR] LogOutputStream:75 - [STDERR_REDIRECT] WARNING: Couldn't flush system prefs: java.util.prefs.BackingStoreException: Couldn't get file lock.
2024-08-06 15:22:05,623 [ERROR] LogOutputStream:75 - [STDERR_REDIRECT] 
2024-08-06 15:22:35,623 [ERROR] LogOutputStream:75 - [STDERR_REDIRECT] Aug 06, 2024 3:22:35 PM java.util.prefs.FileSystemPreferences checkLockFile0ErrorCode
2024-08-06 15:22:35,624 [ERROR] LogOutputStream:75 - [STDERR_REDIRECT] WARNING: Could not lock System prefs. Unix error code 2.
2024-08-06 15:22:35,625 [ERROR] LogOutputStream:75 - [STDERR_REDIRECT] 
2024-08-06 15:22:35,627 [ERROR] LogOutputStream:75 - [STDERR_REDIRECT] Aug 06, 2024 3:22:35 PM java.util.prefs.FileSystemPreferences syncWorld
2024-08-06 15:22:35,628 [ERROR] LogOutputStream:75 - [STDERR_REDIRECT] WARNING: Couldn't flush system prefs: java.util.prefs.BackingStoreException: Couldn't get file lock.
2024-08-06 15:22:35,629 [ERROR] LogOutputStream:75 - [STDERR_REDIRECT] 
2024-08-06 15:23:05,623 [ERROR] LogOutputStream:75 - [STDERR_REDIRECT] Aug 06, 2024 3:23:05 PM java.util.prefs.FileSystemPreferences checkLockFile0ErrorCode
2024-08-06 15:23:05,624 [ERROR] LogOutputStream:75 - [STDERR_REDIRECT] WARNING: Could not lock System prefs. Unix error code 2.
2024-08-06 15:23:05,624 [ERROR] LogOutputStream:75 - [STDERR_REDIRECT] 
2024-08-06 15:23:05,626 [ERROR] LogOutputStream:75 - [STDERR_REDIRECT] Aug 06, 2024 3:23:05 PM java.util.prefs.FileSystemPreferences syncWorld
2024-08-06 15:23:05,626 [ERROR] LogOutputStream:75 - [STDERR_REDIRECT] WARNING: Couldn't flush system prefs: java.util.prefs.BackingStoreException: Couldn't get file lock.
2024-08-06 15:23:05,627 [ERROR] LogOutputStream:75 - [STDERR_REDIRECT] 
2024-08-06 15:23:27,914 [INFO] McuFinderGlobals:63 - Set McuFinder mode to 2 (CubeIDE integrated)
2024-08-06 15:23:30,339 [INFO] MainUpdater:2873 - connection check result : 10
2024-08-06 15:23:30,347 [INFO] MainUpdater:2873 - connection check result : 10
2024-08-06 15:23:30,511 [INFO] RulesReader:64 - Compatibility file has been processed (297 Rules)
2024-08-06 15:23:30,532 [INFO] RulesReader:64 - Compatibility file has been processed (297 Rules)
2024-08-06 15:23:30,546 [INFO] MicroXplorer:468 - Change Database Path : 
2024-08-06 15:23:30,546 [INFO] MicroXplorer:498 - Change Database Version : DB.6.0.120
2024-08-06 15:23:30,619 [WARN] ThirdParty:871 - waiting for thirdparty lock release [close project]
2024-08-06 15:23:30,624 [INFO] ThirdParty:873 - entering critical section [close project]
2024-08-06 15:23:30,626 [INFO] ThirdParty:883 - exiting critical section [close project]
2024-08-06 15:23:30,631 [INFO] PinOutPanel:1561 - setPackage(No Configuration,No Configuration)
2024-08-06 15:23:30,639 [INFO] UtilMem:75 - Begin LoadConfig() Used Memory: 414929800 Bytes (611319808)
2024-08-06 15:23:30,677 [INFO] MicroXplorer:468 - Change Database Path : /home/leandro/.stm32cubemx/databases/DB.6.0.92/db/
2024-08-06 15:23:30,677 [INFO] MicroXplorer:498 - Change Database Version : DB.6.0.92
2024-08-06 15:23:35,621 [ERROR] LogOutputStream:75 - [STDERR_REDIRECT] Aug 06, 2024 3:23:35 PM java.util.prefs.FileSystemPreferences checkLockFile0ErrorCode
2024-08-06 15:23:35,621 [ERROR] LogOutputStream:75 - [STDERR_REDIRECT] WARNING: Could not lock System prefs. Unix error code 2.
2024-08-06 15:23:35,622 [ERROR] LogOutputStream:75 - [STDERR_REDIRECT] 
2024-08-06 15:23:35,622 [ERROR] LogOutputStream:75 - [STDERR_REDIRECT] Aug 06, 2024 3:23:35 PM java.util.prefs.FileSystemPreferences syncWorld
2024-08-06 15:23:35,622 [ERROR] LogOutputStream:75 - [STDERR_REDIRECT] WARNING: Couldn't flush system prefs: java.util.prefs.BackingStoreException: Couldn't get file lock.
2024-08-06 15:23:35,622 [ERROR] LogOutputStream:75 - [STDERR_REDIRECT] 
2024-08-06 15:23:36,923 [INFO] OpenFileManager:332 - Change cursor
2024-08-06 15:23:37,276 [INFO] Mcu:2032 - Initializing MCU STM32F407V(E-G)Tx STM32F407VETx STM32F407VET6
2024-08-06 15:23:42,343 [INFO] Context:742 - Trying to add GPIOservice into a context  which must be forbidden
2024-08-06 15:23:43,740 [WARN] ModelIntegratedComponent:63 - No mode defined for component null
2024-08-06 15:23:43,741 [WARN] ModelIntegratedComponent:63 - No mode defined for component null
2024-08-06 15:23:43,741 [WARN] ModelIntegratedComponent:63 - No mode defined for component null
2024-08-06 15:23:43,741 [WARN] ModelIntegratedComponent:63 - No mode defined for component null
2024-08-06 15:23:43,741 [WARN] ModelIntegratedComponent:63 - No mode defined for component null
2024-08-06 15:23:43,741 [WARN] ModelIntegratedComponent:63 - No mode defined for component null
2024-08-06 15:23:43,741 [WARN] ModelIntegratedComponent:63 - No mode defined for component null
2024-08-06 15:23:43,741 [WARN] ModelIntegratedComponent:63 - No mode defined for component null
2024-08-06 15:23:43,741 [WARN] ModelIntegratedComponent:63 - No mode defined for component null
2024-08-06 15:23:43,742 [WARN] ModelIntegratedComponent:63 - No mode defined for component null
2024-08-06 15:23:43,742 [WARN] ModelIntegratedComponent:63 - No mode defined for component null
2024-08-06 15:23:43,742 [WARN] ModelIntegratedComponent:63 - No mode defined for component null
2024-08-06 15:23:43,742 [WARN] ModelIntegratedComponent:63 - No mode defined for component null
2024-08-06 15:23:43,742 [WARN] ModelIntegratedComponent:63 - No mode defined for component null
2024-08-06 15:23:43,742 [WARN] ModelIntegratedComponent:63 - No mode defined for component null
2024-08-06 15:23:43,742 [WARN] ModelIntegratedComponent:63 - No mode defined for component null
2024-08-06 15:23:43,742 [WARN] ModelIntegratedComponent:63 - No mode defined for component null
2024-08-06 15:23:43,742 [WARN] ModelIntegratedComponent:63 - No mode defined for component null
2024-08-06 15:23:43,743 [WARN] ModelIntegratedComponent:63 - No mode defined for component null
2024-08-06 15:23:43,743 [WARN] ModelIntegratedComponent:63 - No mode defined for component null
2024-08-06 15:23:43,743 [WARN] ModelIntegratedComponent:63 - No mode defined for component null
2024-08-06 15:23:43,743 [WARN] ModelIntegratedComponent:63 - No mode defined for component null
2024-08-06 15:23:43,743 [WARN] ModelIntegratedComponent:63 - No mode defined for component null
2024-08-06 15:23:43,743 [WARN] ModelIntegratedComponent:63 - No mode defined for component null
2024-08-06 15:23:43,743 [WARN] ModelIntegratedComponent:63 - No mode defined for component null
2024-08-06 15:23:43,744 [WARN] ModelIntegratedComponent:63 - No mode defined for component null
2024-08-06 15:23:43,744 [WARN] ModelIntegratedComponent:63 - No mode defined for component null
2024-08-06 15:23:43,744 [WARN] ModelIntegratedComponent:63 - No mode defined for component null
2024-08-06 15:23:43,745 [WARN] ModelIntegratedComponent:63 - No mode defined for component null
2024-08-06 15:23:43,745 [WARN] ModelIntegratedComponent:63 - No mode defined for component null
2024-08-06 15:23:43,746 [WARN] ModelIntegratedComponent:63 - No mode defined for component null
2024-08-06 15:23:43,746 [WARN] ModelIntegratedComponent:63 - No mode defined for component null
2024-08-06 15:23:43,746 [WARN] ModelIntegratedComponent:63 - No mode defined for component null
2024-08-06 15:23:43,746 [WARN] ModelIntegratedComponent:63 - No mode defined for component null
2024-08-06 15:23:43,746 [WARN] ModelIntegratedComponent:63 - No mode defined for component null
2024-08-06 15:23:43,747 [WARN] ModelPack:524 - Component already loaded: STMicroelectronics:HAL Drivers:0.0.0:STMicroelectronics:Device:STMicro_Driver:XSPI:HAL::0.0.1:HAL_XSPI
2024-08-06 15:23:43,947 [INFO] RtosManager:555 - Registered RTOS mode: class=CMSIS, group=RTOS, mode=CMSIS_V1, owner=FREERTOS
2024-08-06 15:23:43,948 [INFO] RtosManager:555 - Registered RTOS mode: class=CMSIS, group=RTOS2, mode=CMSIS_V2, owner=FREERTOS
2024-08-06 15:23:43,948 [INFO] RtosManager:555 - Registered RTOS mode: class=RTOS, group=Core, mode=CMSIS_V1, owner=FREERTOS
2024-08-06 15:23:43,948 [INFO] RtosManager:555 - Registered RTOS mode: class=RTOS, group=Core, mode=CMSIS_V2, owner=FREERTOS
2024-08-06 15:23:43,949 [WARN] ModelIntegratedComponent:184 - Missing modes for component STMicroelectronics:FreeRTOS:0.0.1:STMicroelectronics:RTOS:FreeRTOS:Core:::10.2.0:
2024-08-06 15:23:43,979 [INFO] ThirdPartyModel:298 - Start build external matchings
2024-08-06 15:23:44,138 [INFO] ThirdPartyModel:316 - End build external matchings
2024-08-06 15:23:44,168 [INFO] ImportTextPane:205 - (OptionalMessage_ERROR) IP (RCC) : Parameter (RTCHSEDivFreq_Value) has invalid value (12500000)
2024-08-06 15:23:45,177 [INFO] ApiDb:581 - Connected to CubeFinder SQLite database (/home/leandro/.stmcufinder/plugins/mcufinder/mcu/cube-finder-db.db)
2024-08-06 15:23:47,159 [INFO] ApiDb:668 - CubeFinder database Data Model version=2.1
2024-08-06 15:23:47,159 [INFO] ApiDb:669 - CubeFinder database Configuration version=3.0.39
2024-08-06 15:23:47,160 [INFO] ApiDb:670 - CubeFinder database generation date=2024-06-20 (1718880634)
2024-08-06 15:23:47,160 [INFO] ApiDb:671 - CubeFinder database FW Pack versions=[FP-ATR-ASTRA1_V2.0.0, FP-SNS-FLIGHT1_V5.0.2, FP-SNS-MOTENV1_V5.0.0, FP-SNS-MOTENVWB1_V1.4.0, FP-SNS-SMARTAG2_V1.2.0, STM32Cube_FW_C0_V1.2.0, STM32Cube_FW_F4_V1.28.0, STM32Cube_FW_F7_V1.17.2, STM32Cube_FW_G0_V1.6.2, STM32Cube_FW_G4_V1.6.0, STM32Cube_FW_H5_V1.3.0, STM32Cube_FW_H7RS_V1.1.0, STM32Cube_FW_H7_V1.11.2, STM32Cube_FW_L0_V1.12.2, STM32Cube_FW_L5_V1.5.1, STM32Cube_FW_U0_V1.1.0, STM32Cube_FW_U5_V1.6.0, STM32Cube_FW_WB0_V1.0.0, STM32Cube_FW_WBA_V1.4.0, STM32Cube_FW_WB_V1.20.0, STM32Cube_FW_WL_V1.3.0, X-CUBE-ALGOBUILD_V1.4.0, X-CUBE-ALS_V1.0.2, X-CUBE-AZRTOS-F4_V1.1.0, X-CUBE-AZRTOS-F7_V1.1.0, X-CUBE-AZRTOS-G0_V1.1.0, X-CUBE-AZRTOS-G4_V2.0.0, X-CUBE-AZRTOS-H7RS_V1.0.0, X-CUBE-AZRTOS-H7_V3.2.0, X-CUBE-AZRTOS-L4_V2.0.0, X-CUBE-AZRTOS-L5_V1.1.0, X-CUBE-AZRTOS-WB_V2.0.0, X-CUBE-AZRTOS-WL_V2.0.0, X-CUBE-BLE1_V7.0.0, X-CUBE-BLE2_V3.3.0, X-CUBE-BLEMGR_V3.1.0, X-CUBE-EEPRMA1_V5.1.0, X-CUBE-FREERTOS_V1.2.0, X-CUBE-GNSS1_V6.0.0, X-CUBE-MEMS1_V10.0.0, X-CUBE-NFC4_V3.0.0, X-CUBE-NFC7_V1.0.1, X-CUBE-SFXS2LP1_V4.0.0, X-CUBE-SUBG2_V5.0.0, X-CUBE-TOF1_V3.4.1]
2024-08-06 15:23:58,060 [INFO] DbBoardsSqlite:226 - include board P-NUCLEO-WB55-NUCLEO as a kit item of type 'Nucleo-64'
2024-08-06 15:23:58,061 [INFO] DbBoardsSqlite:226 - include board P-NUCLEO-WB55-USBDONGLE as a kit item of type 'Nucleo USB Dongle'
2024-08-06 15:23:58,440 [INFO] DbBoardsSqlite:226 - include board STEVAL-IDP005V1 as a kit item of type 'Evaluation Board'
2024-08-06 15:23:58,441 [INFO] DbBoardsSqlite:226 - include board STEVAL-IDP005V2 as a kit item of type 'Evaluation Board'
2024-08-06 15:24:02,067 [INFO] ApiDb:240 - Found 646 in-development CPN: [B-G473E-ZEST1S, B-WB1M-WPAN1, B-WL5M-SUBG1, NUCLEO-C031C6, NUCLEO-C071RB, NUCLEO-H503RB, NUCLEO-H533RE, NUCLEO-H563ZI, NUCLEO-H7S3L8, NUCLEO-U031R8, NUCLEO-U083RC, NUCLEO-U545RE-Q, NUCLEO-U5A5ZJ-Q, NUCLEO-WB05KZ, NUCLEO-WB07CC, NUCLEO-WB09KE, NUCLEO-WBA52CG, NUCLEO-WBA55CG, STEVAL-PROTEUS1, STEVAL-SMARTAG2, STEVAL-STWINBX1, STM320518-EVAL, STM32C0116-DK, STM32C011D6Y3TR, STM32C011D6Y6TR, STM32C011F4P3, STM32C011F4P6, STM32C011F4U3, STM32C011F4U6TR, STM32C011F6P3, STM32C011F6P6, STM32C011F6U3, STM32C011F6U6TR, STM32C011J4M3, STM32C011J4M6, STM32C011J6M3, STM32C011J6M6, STM32C0316-DK, STM32C031C4T3, STM32C031C4T6, STM32C031C4U3, STM32C031C4U6, STM32C031C6T3, STM32C031C6T6, STM32C031C6U3, STM32C031C6U6, STM32C031F4P3, STM32C031F4P6, STM32C031F6P3, STM32C031F6P6, STM32C031G4U3, STM32C031G4U6, STM32C031G6U3, STM32C031G6U6, STM32C031K4T3, STM32C031K4T6, STM32C031K4U3, STM32C031K4U6, STM32C031K6T3, STM32C031K6T6, STM32C031K6U3, STM32C031K6U6, STM32C071C8T6, STM32C071C8T6N, STM32C071C8U6, STM32C071C8U6N, STM32C071CBT6, STM32C071CBT6N, STM32C071CBU6, STM32C071CBU6N, STM32C071F8P6, STM32C071F8P6N, STM32C071FBP6, STM32C071FBP6N, STM32C071FBY6TR, STM32C071G8U6, STM32C071G8U6N, STM32C071GBU6, STM32C071GBU6N, STM32C071K8T6, STM32C071K8T6N, STM32C071K8U6, STM32C071K8U6N, STM32C071KBT6, STM32C071KBT6N, STM32C071KBU6, STM32C071KBU6N, STM32C071R8T6, STM32C071R8T6N, STM32C071RBI6N, STM32C071RBT6, STM32C071RBT6N, STM32G071K8TXN, STM32G071K8UXN, STM32G081GBU6N, STM32G081KBT6N, STM32G081KBUXN, STM32G0B1CCT6N, STM32G0B1KCT6, STM32G0B1NEY6TR, STM32G0B1RCT6N, STM32G0C1CCT6, STM32G0C1CCT6N, STM32G0C1CCU6N, STM32G0C1CET6N, STM32G0C1CEU6N, STM32G0C1KCT6, STM32G0C1NEY6TR, STM32G0C1RCI6N, STM32G0C1RCT6N, STM32G0C1REI6N, STM32G0C1RET6N, STM32G0C1VCI6, STM32G0C1VEI6, STM32G411C6T3, STM32G411C6T6, STM32G411C6U3, STM32G411C6U6, STM32G411C8T3, STM32G411C8T6, STM32G411C8U3, STM32G411C8U6, STM32G411CBT3, STM32G411CBT6, STM32G411CBU3, STM32G411CBU6, STM32G411K6T3, STM32G411K6T6, STM32G411K6U3, STM32G411K6U6, STM32G411K8T3, STM32G411K8T6, STM32G411K8U3, STM32G411K8U6, STM32G411KBT3, STM32G411KBT6, STM32G411KBU3, STM32G411KBU6, STM32G411M6T3, STM32G411M6T6, STM32G411M8T3, STM32G411M8T6, STM32G411MBT3, STM32G411MBT6, STM32G411R6T3, STM32G411R6T6, STM32G411R8T3, STM32G411R8T6, STM32G411RBT3, STM32G411RBT6, STM32G414CBT3, STM32G414CBT6, STM32G414CBU3, STM32G414CBU6, STM32G414CCT3, STM32G414CCT6, STM32G414CCU3, STM32G414CCU6, STM32G414MBT3, STM32G414MBT6, STM32G414MCT3, STM32G414MCT6, STM32G414RBT3, STM32G414RBT6, STM32G414RCT3, STM32G414RCT6, STM32G414VBT3, STM32G414VBT6, STM32G414VCT3, STM32G414VCT6, STM32G431CBT3Z, STM32G431RBT3Z, STM32G471CCT6, STM32G471CCU6, STM32G471CET3, STM32G471CET6, STM32G471CEU3, STM32G471CEU6, STM32G471MCT6, STM32G471MET3, STM32G471MET6, STM32G471MEY6TR, STM32G471QCT6, STM32G471QET3, STM32G471RCT6, STM32G471RET3, STM32G471RET6, STM32G471VCH6, STM32G471VCI6, STM32G471VCT6, STM32G471VEH3, STM32G471VEH6, STM32G471VEI3, STM32G471VEI6, STM32G471VET3, STM32G471VET6, STM32G473QET3Z, STM32G473RET3Z, STM32G474CCT6, STM32G491RET3Z, STM32H503CBT6, STM32H503CBU6, STM32H503EBY6TR, STM32H503KBU6, STM32H503RBT6, STM32H523CCT6, STM32H523CCU6, STM32H523CET6, STM32H523CEU6, STM32H523HEY6TR, STM32H523RCT6, STM32H523RET6, STM32H523VCI6, STM32H523VCT6, STM32H523VEI6, STM32H523VET6, STM32H523ZCJ6, STM32H523ZCT6, STM32H523ZEJ6, STM32H523ZET6, STM32H533CET6, STM32H533CEU6, STM32H533HEY6TR, STM32H533RET6, STM32H533VEI6, STM32H533VET6, STM32H533ZEJ6, STM32H533ZET6, STM32H562AGI6, STM32H562AII6, STM32H562IGK6, STM32H562IGT6, STM32H562IIK6, STM32H562IIT6, STM32H562RGT6, STM32H562RGV6, STM32H562RIT6, STM32H562RIV6, STM32H562VGT6, STM32H562VIT6, STM32H562ZGT6, STM32H562ZIT6, STM32H563AGI6, STM32H563AII3Q, STM32H563AII6, STM32H563IGK6, STM32H563IGT6, STM32H563IIK3Q, STM32H563IIK6, STM32H563IIT3Q, STM32H563IIT6, STM32H563MIY3QTR, STM32H563RGT6, STM32H563RGV6, STM32H563RIT6, STM32H563RIV6, STM32H563VGT6, STM32H563VIT3Q, STM32H563VIT6, STM32H563ZGT6, STM32H563ZIT3Q, STM32H563ZIT6, STM32H573AII3Q, STM32H573AII6, STM32H573I-DK, STM32H573IIK3Q, STM32H573IIK6, STM32H573IIT3Q, STM32H573IIT6, STM32H573MIY3QTR, STM32H573RIT6, STM32H573RIV6, STM32H573VIT3Q, STM32H573VIT6, STM32H573ZIT3Q, STM32H573ZIT6, STM32H7R3A8I6, STM32H7R3I8K6, STM32H7R3I8T6, STM32H7R3L8H6, STM32H7R3L8H6H, STM32H7R3R8V6, STM32H7R3V8H6, STM32H7R3V8T6, STM32H7R3V8Y6TR, STM32H7R3Z8J6, STM32H7R3Z8T6, STM32H7R7A8I6, STM32H7R7I8K6, STM32H7R7I8T6, STM32H7R7L8H6, STM32H7R7L8H6H, STM32H7R7Z8J6, STM32H7S3A8I6, STM32H7S3I8K6, STM32H7S3I8T6, STM32H7S3L8H6, STM32H7S3L8H6H, STM32H7S3R8V6, STM32H7S3V8H6, STM32H7S3V8T6, STM32H7S3V8Y6TR, STM32H7S3Z8J6, STM32H7S3Z8T6, STM32H7S78-DK, STM32H7S7A8I6, STM32H7S7I8K6, STM32H7S7I8T6, STM32H7S7L8H6, STM32H7S7L8H6H, STM32H7S7Z8J6, STM32L4R5QGI6STR, STM32MP131AAE3, STM32MP131AAF3, STM32MP131AAG3, STM32MP131CAE3, STM32MP131CAF3, STM32MP131CAG3, STM32MP131DAE7, STM32MP131DAF7, STM32MP131DAG7, STM32MP131FAE7, STM32MP131FAF7, STM32MP131FAG7, STM32MP133AAE3, STM32MP133AAF3, STM32MP133AAG3, STM32MP133CAE3, STM32MP133CAF3, STM32MP133CAG3, STM32MP133DAE7, STM32MP133DAF7, STM32MP133DAG7, STM32MP133FAE7, STM32MP133FAF7, STM32MP133FAG7, STM32MP135AAE3, STM32MP135AAF3, STM32MP135AAG3, STM32MP135CAE3, STM32MP135CAF3, STM32MP135CAG3, STM32MP135DAE7, STM32MP135DAF7, STM32MP135DAG7, STM32MP135F-DK, STM32MP135FAE7, STM32MP135FAF7, STM32MP135FAF7T, STM32MP135FAF7U, STM32MP135FAG7, STM32MP251AAI3, STM32MP251AAK3, STM32MP251AAL3, STM32MP251CAI3, STM32MP251CAK3, STM32MP251CAL3, STM32MP251DAI3, STM32MP251DAK3, STM32MP251DAL3, STM32MP251FAI3, STM32MP251FAK3, STM32MP251FAL3, STM32MP253AAI3, STM32MP253AAK3, STM32MP253AAL3, STM32MP253CAI3, STM32MP253CAK3, STM32MP253CAL3, STM32MP253DAI3, STM32MP253DAK3, STM32MP253DAL3, STM32MP253FAI3, STM32MP253FAK3, STM32MP253FAL3, STM32MP255AAI3, STM32MP255AAK3, STM32MP255AAL3, STM32MP255CAI3, STM32MP255CAK3, STM32MP255CAL3, STM32MP255DAI3, STM32MP255DAK3, STM32MP255DAL3, STM32MP255FAI3, STM32MP255FAK3, STM32MP255FAL3, STM32MP257AAI3, STM32MP257AAK3, STM32MP257AAL3, STM32MP257CAI3, STM32MP257CAK3, STM32MP257CAL3, STM32MP257DAI3, STM32MP257DAK3, STM32MP257DAL3, STM32MP257F-DK, STM32MP257F-EV1, STM32MP257FAI3, STM32MP257FAK3, STM32MP257FAL3, STM32U031C6T6, STM32U031C6U6, STM32U031C8T6, STM32U031C8U6, STM32U031F4P6, STM32U031F6P6, STM32U031F8P6, STM32U031G6Y6TR, STM32U031G8Y6TR, STM32U031K4U6, STM32U031K6U6, STM32U031K8U6, STM32U031R6I6, STM32U031R6T6, STM32U031R8I6, STM32U031R8T6, STM32U073C8T6, STM32U073C8U6, STM32U073CBT6, STM32U073CBU6, STM32U073CCT6, STM32U073CCU6, STM32U073H8Y6TR, STM32U073HBY6TR, STM32U073HCY6TR, STM32U073K8U6, STM32U073KBU6, STM32U073KCU6, STM32U073M8I6, STM32U073M8T6, STM32U073MBI6, STM32U073MBT6, STM32U073MCI6, STM32U073MCT6, STM32U073R8I6, STM32U073R8T6, STM32U073RBI6, STM32U073RBT6, STM32U073RCI6, STM32U073RCT6, STM32U083C-DK, STM32U083CCT6, STM32U083CCU6, STM32U083HCY6TR, STM32U083KCU6, STM32U083MCI6, STM32U083MCT6, STM32U083RCI6, STM32U083RCT6, STM32U535CBT6, STM32U535CBT6Q, STM32U535CBU6, STM32U535CBU6Q, STM32U535CCT6, STM32U535CCT6Q, STM32U535CCU6, STM32U535CCU6Q, STM32U535CET6, STM32U535CET6Q, STM32U535CEU6, STM32U535CEU6Q, STM32U535JEY6QTR, STM32U535NCY6QTR, STM32U535NEY6QTR, STM32U535RBI6, STM32U535RBI6Q, STM32U535RBT6, STM32U535RBT6Q, STM32U535RCI6, STM32U535RCI6Q, STM32U535RCT6, STM32U535RCT6Q, STM32U535REI6, STM32U535REI6Q, STM32U535RET6, STM32U535RET6Q, STM32U535VCI6, STM32U535VCI6Q, STM32U535VCT6, STM32U535VCT6Q, STM32U535VEI6, STM32U535VEI6Q, STM32U535VET6, STM32U535VET6Q, STM32U545CET6, STM32U545CET6Q, STM32U545CEU6, STM32U545CEU6Q, STM32U545JEY6QTR, STM32U545NEY6QTR, STM32U545REI6, STM32U545REI6Q, STM32U545RET6, STM32U545RET6Q, STM32U545VEI6, STM32U545VEI6Q, STM32U545VET6, STM32U545VET6Q, STM32U595AIH6, STM32U595AIH6Q, STM32U595AJH6, STM32U595AJH6Q, STM32U595QII6, STM32U595QII6Q, STM32U595QJI6, STM32U595QJI6Q, STM32U595RIT6, STM32U595RIT6Q, STM32U595RJT6, STM32U595RJT6Q, STM32U595VIT6, STM32U595VIT6Q, STM32U595VJT6, STM32U595VJT6Q, STM32U595ZIT6, STM32U595ZIT6Q, STM32U595ZIY6QTR, STM32U595ZJT6, STM32U595ZJT6Q, STM32U595ZJY6QTR, STM32U599BJY6QTR, STM32U599NIH6Q, STM32U599NJH6Q, STM32U599VIT6Q, STM32U599VJT6, STM32U599VJT6Q, STM32U599ZIT6Q, STM32U599ZIY6QTR, STM32U599ZJT6Q, STM32U599ZJY6QTR, STM32U5A5AJH6, STM32U5A5AJH6Q, STM32U5A5QII3Q , STM32U5A5QJI6, STM32U5A5QJI6Q, STM32U5A5RJT6, STM32U5A5RJT6Q, STM32U5A5VJT6, STM32U5A5VJT6Q, STM32U5A5ZJT6, STM32U5A5ZJT6Q, STM32U5A5ZJY6QTR, STM32U5A9BJY6QTR, STM32U5A9J-DK, STM32U5A9NJH6Q, STM32U5A9VJT6Q, STM32U5A9ZJT6Q, STM32U5A9ZJY6QTR, STM32U5F7VIT6, STM32U5F7VIT6Q, STM32U5F7VJT6, STM32U5F7VJT6Q, STM32U5F9BJY6QTR, STM32U5F9NJH6Q, STM32U5F9VIT6Q, STM32U5F9VJT6Q, STM32U5F9ZIJ6QTR, STM32U5F9ZIT6Q, STM32U5F9ZJJ6QTR, STM32U5F9ZJT6Q, STM32U5G7VJT6, STM32U5G7VJT6Q, STM32U5G9BJY6QTR, STM32U5G9J-DK1, STM32U5G9J-DK2, STM32U5G9NJH6Q, STM32U5G9VJT6Q, STM32U5G9ZJJ6QTR, STM32U5G9ZJT6Q, STM32WB05KZV6TR, STM32WB05KZV7TR, STM32WB05TZF6TR, STM32WB05TZF7TR, STM32WB06CCF6TR, STM32WB06CCF7TR, STM32WB06CCV6TR, STM32WB06CCV7TR, STM32WB06KCV6TR, STM32WB06KCV7TR, STM32WB07CCF6TR, STM32WB07CCF7TR, STM32WB07CCV6TR, STM32WB07CCV7TR, STM32WB07KCV6TR, STM32WB07KCV7TR, STM32WB09KEV6TR, STM32WB09KEV7TR, STM32WB09TEF6TR, STM32WB09TEF7TR, STM32WB1MMCH6, STM32WBA50KGU6, STM32WBA50KGU6TR, STM32WBA52CEU6, STM32WBA52CEU6TR, STM32WBA52CEU7, STM32WBA52CEU7TR, STM32WBA52CGU6, STM32WBA52CGU6TR, STM32WBA52CGU6U, STM32WBA52CGU7, STM32WBA52CGU7TR, STM32WBA52KEU6, STM32WBA52KEU6TR, STM32WBA52KGU6, STM32WBA52KGU6TR, STM32WBA54CEU6, STM32WBA54CEU6TR, STM32WBA54CEU7, STM32WBA54CEU7TR, STM32WBA54CGU6, STM32WBA54CGU6TR, STM32WBA54CGU7, STM32WBA54CGU7TR, STM32WBA54KEU6, STM32WBA54KEU6TR, STM32WBA54KEU7, STM32WBA54KEU7TR, STM32WBA54KGU6, STM32WBA54KGU6TR, STM32WBA54KGU7, STM32WBA54KGU7TR, STM32WBA55CEU6, STM32WBA55CEU6TR, STM32WBA55CEU7, STM32WBA55CEU7TR, STM32WBA55CGU6, STM32WBA55CGU6TR, STM32WBA55CGU6U, STM32WBA55CGU7, STM32WBA55CGU7TR, STM32WBA55G-DK1, STM32WBA55HEF6, STM32WBA55HEF7, STM32WBA55HGF6, STM32WBA55HGF7, STM32WBA55UEI6, STM32WBA55UEI6TR, STM32WBA55UEI7, STM32WBA55UEI7TR, STM32WBA55UGI6, STM32WBA55UGI6TR, STM32WBA55UGI7, STM32WBA55UGI7TR, STM32WL5MOCH6, STM32WL5MOCH6TR]
2024-08-06 15:24:02,383 [INFO] BoardInfo:889 - No configuration file found for board P-NUCLEO-WB55
2024-08-06 15:24:02,383 [INFO] DbBoards:161 - Kit is not supported: P-NUCLEO-WB55
2024-08-06 15:24:02,388 [INFO] BoardInfo:889 - No configuration file found for board STEVAL-BFA001V1B
2024-08-06 15:24:02,388 [INFO] DbBoards:161 - Kit is not supported: STEVAL-BFA001V1B
2024-08-06 15:24:02,390 [INFO] BoardInfo:889 - No configuration file found for board STEVAL-BFA001V2B
2024-08-06 15:24:02,390 [INFO] DbBoards:161 - Kit is not supported: STEVAL-BFA001V2B
2024-08-06 15:24:02,536 [INFO] DbBoards:168 - Found 201 boards, 198 are supported
2024-08-06 15:24:02,536 [INFO] DbBoards:169 - Found 201 boards, 25 of them is supported for  Bsp
2024-08-06 15:24:02,558 [INFO] ApiDb:668 - CubeFinder database Data Model version=2.1
2024-08-06 15:24:02,558 [INFO] ApiDb:669 - CubeFinder database Configuration version=3.0.39
2024-08-06 15:24:02,558 [INFO] ApiDb:670 - CubeFinder database generation date=2024-06-20 (1718880634)
2024-08-06 15:24:02,558 [INFO] ApiDb:671 - CubeFinder database FW Pack versions=[FP-ATR-ASTRA1_V2.0.0, FP-SNS-FLIGHT1_V5.0.2, FP-SNS-MOTENV1_V5.0.0, FP-SNS-MOTENVWB1_V1.4.0, FP-SNS-SMARTAG2_V1.2.0, STM32Cube_FW_C0_V1.2.0, STM32Cube_FW_F4_V1.28.0, STM32Cube_FW_F7_V1.17.2, STM32Cube_FW_G0_V1.6.2, STM32Cube_FW_G4_V1.6.0, STM32Cube_FW_H5_V1.3.0, STM32Cube_FW_H7RS_V1.1.0, STM32Cube_FW_H7_V1.11.2, STM32Cube_FW_L0_V1.12.2, STM32Cube_FW_L5_V1.5.1, STM32Cube_FW_U0_V1.1.0, STM32Cube_FW_U5_V1.6.0, STM32Cube_FW_WB0_V1.0.0, STM32Cube_FW_WBA_V1.4.0, STM32Cube_FW_WB_V1.20.0, STM32Cube_FW_WL_V1.3.0, X-CUBE-ALGOBUILD_V1.4.0, X-CUBE-ALS_V1.0.2, X-CUBE-AZRTOS-F4_V1.1.0, X-CUBE-AZRTOS-F7_V1.1.0, X-CUBE-AZRTOS-G0_V1.1.0, X-CUBE-AZRTOS-G4_V2.0.0, X-CUBE-AZRTOS-H7RS_V1.0.0, X-CUBE-AZRTOS-H7_V3.2.0, X-CUBE-AZRTOS-L4_V2.0.0, X-CUBE-AZRTOS-L5_V1.1.0, X-CUBE-AZRTOS-WB_V2.0.0, X-CUBE-AZRTOS-WL_V2.0.0, X-CUBE-BLE1_V7.0.0, X-CUBE-BLE2_V3.3.0, X-CUBE-BLEMGR_V3.1.0, X-CUBE-EEPRMA1_V5.1.0, X-CUBE-FREERTOS_V1.2.0, X-CUBE-GNSS1_V6.0.0, X-CUBE-MEMS1_V10.0.0, X-CUBE-NFC4_V3.0.0, X-CUBE-NFC7_V1.0.1, X-CUBE-SFXS2LP1_V4.0.0, X-CUBE-SUBG2_V5.0.0, X-CUBE-TOF1_V3.4.1]
2024-08-06 15:24:05,621 [ERROR] LogOutputStream:75 - [STDERR_REDIRECT] Aug 06, 2024 3:24:05 PM java.util.prefs.FileSystemPreferences checkLockFile0ErrorCode
2024-08-06 15:24:05,622 [ERROR] LogOutputStream:75 - [STDERR_REDIRECT] WARNING: Could not lock System prefs. Unix error code 2.
2024-08-06 15:24:05,622 [ERROR] LogOutputStream:75 - [STDERR_REDIRECT] 
2024-08-06 15:24:05,623 [ERROR] LogOutputStream:75 - [STDERR_REDIRECT] Aug 06, 2024 3:24:05 PM java.util.prefs.FileSystemPreferences syncWorld
2024-08-06 15:24:05,623 [ERROR] LogOutputStream:75 - [STDERR_REDIRECT] WARNING: Couldn't flush system prefs: java.util.prefs.BackingStoreException: Couldn't get file lock.
2024-08-06 15:24:05,623 [ERROR] LogOutputStream:75 - [STDERR_REDIRECT] 
2024-08-06 15:24:05,807 [INFO] ApiDb:240 - Found 646 in-development CPN: [B-G473E-ZEST1S, B-WB1M-WPAN1, B-WL5M-SUBG1, NUCLEO-C031C6, NUCLEO-C071RB, NUCLEO-H503RB, NUCLEO-H533RE, NUCLEO-H563ZI, NUCLEO-H7S3L8, NUCLEO-U031R8, NUCLEO-U083RC, NUCLEO-U545RE-Q, NUCLEO-U5A5ZJ-Q, NUCLEO-WB05KZ, NUCLEO-WB07CC, NUCLEO-WB09KE, NUCLEO-WBA52CG, NUCLEO-WBA55CG, STEVAL-PROTEUS1, STEVAL-SMARTAG2, STEVAL-STWINBX1, STM320518-EVAL, STM32C0116-DK, STM32C011D6Y3TR, STM32C011D6Y6TR, STM32C011F4P3, STM32C011F4P6, STM32C011F4U3, STM32C011F4U6TR, STM32C011F6P3, STM32C011F6P6, STM32C011F6U3, STM32C011F6U6TR, STM32C011J4M3, STM32C011J4M6, STM32C011J6M3, STM32C011J6M6, STM32C0316-DK, STM32C031C4T3, STM32C031C4T6, STM32C031C4U3, STM32C031C4U6, STM32C031C6T3, STM32C031C6T6, STM32C031C6U3, STM32C031C6U6, STM32C031F4P3, STM32C031F4P6, STM32C031F6P3, STM32C031F6P6, STM32C031G4U3, STM32C031G4U6, STM32C031G6U3, STM32C031G6U6, STM32C031K4T3, STM32C031K4T6, STM32C031K4U3, STM32C031K4U6, STM32C031K6T3, STM32C031K6T6, STM32C031K6U3, STM32C031K6U6, STM32C071C8T6, STM32C071C8T6N, STM32C071C8U6, STM32C071C8U6N, STM32C071CBT6, STM32C071CBT6N, STM32C071CBU6, STM32C071CBU6N, STM32C071F8P6, STM32C071F8P6N, STM32C071FBP6, STM32C071FBP6N, STM32C071FBY6TR, STM32C071G8U6, STM32C071G8U6N, STM32C071GBU6, STM32C071GBU6N, STM32C071K8T6, STM32C071K8T6N, STM32C071K8U6, STM32C071K8U6N, STM32C071KBT6, STM32C071KBT6N, STM32C071KBU6, STM32C071KBU6N, STM32C071R8T6, STM32C071R8T6N, STM32C071RBI6N, STM32C071RBT6, STM32C071RBT6N, STM32G071K8TXN, STM32G071K8UXN, STM32G081GBU6N, STM32G081KBT6N, STM32G081KBUXN, STM32G0B1CCT6N, STM32G0B1KCT6, STM32G0B1NEY6TR, STM32G0B1RCT6N, STM32G0C1CCT6, STM32G0C1CCT6N, STM32G0C1CCU6N, STM32G0C1CET6N, STM32G0C1CEU6N, STM32G0C1KCT6, STM32G0C1NEY6TR, STM32G0C1RCI6N, STM32G0C1RCT6N, STM32G0C1REI6N, STM32G0C1RET6N, STM32G0C1VCI6, STM32G0C1VEI6, STM32G411C6T3, STM32G411C6T6, STM32G411C6U3, STM32G411C6U6, STM32G411C8T3, STM32G411C8T6, STM32G411C8U3, STM32G411C8U6, STM32G411CBT3, STM32G411CBT6, STM32G411CBU3, STM32G411CBU6, STM32G411K6T3, STM32G411K6T6, STM32G411K6U3, STM32G411K6U6, STM32G411K8T3, STM32G411K8T6, STM32G411K8U3, STM32G411K8U6, STM32G411KBT3, STM32G411KBT6, STM32G411KBU3, STM32G411KBU6, STM32G411M6T3, STM32G411M6T6, STM32G411M8T3, STM32G411M8T6, STM32G411MBT3, STM32G411MBT6, STM32G411R6T3, STM32G411R6T6, STM32G411R8T3, STM32G411R8T6, STM32G411RBT3, STM32G411RBT6, STM32G414CBT3, STM32G414CBT6, STM32G414CBU3, STM32G414CBU6, STM32G414CCT3, STM32G414CCT6, STM32G414CCU3, STM32G414CCU6, STM32G414MBT3, STM32G414MBT6, STM32G414MCT3, STM32G414MCT6, STM32G414RBT3, STM32G414RBT6, STM32G414RCT3, STM32G414RCT6, STM32G414VBT3, STM32G414VBT6, STM32G414VCT3, STM32G414VCT6, STM32G431CBT3Z, STM32G431RBT3Z, STM32G471CCT6, STM32G471CCU6, STM32G471CET3, STM32G471CET6, STM32G471CEU3, STM32G471CEU6, STM32G471MCT6, STM32G471MET3, STM32G471MET6, STM32G471MEY6TR, STM32G471QCT6, STM32G471QET3, STM32G471RCT6, STM32G471RET3, STM32G471RET6, STM32G471VCH6, STM32G471VCI6, STM32G471VCT6, STM32G471VEH3, STM32G471VEH6, STM32G471VEI3, STM32G471VEI6, STM32G471VET3, STM32G471VET6, STM32G473QET3Z, STM32G473RET3Z, STM32G474CCT6, STM32G491RET3Z, STM32H503CBT6, STM32H503CBU6, STM32H503EBY6TR, STM32H503KBU6, STM32H503RBT6, STM32H523CCT6, STM32H523CCU6, STM32H523CET6, STM32H523CEU6, STM32H523HEY6TR, STM32H523RCT6, STM32H523RET6, STM32H523VCI6, STM32H523VCT6, STM32H523VEI6, STM32H523VET6, STM32H523ZCJ6, STM32H523ZCT6, STM32H523ZEJ6, STM32H523ZET6, STM32H533CET6, STM32H533CEU6, STM32H533HEY6TR, STM32H533RET6, STM32H533VEI6, STM32H533VET6, STM32H533ZEJ6, STM32H533ZET6, STM32H562AGI6, STM32H562AII6, STM32H562IGK6, STM32H562IGT6, STM32H562IIK6, STM32H562IIT6, STM32H562RGT6, STM32H562RGV6, STM32H562RIT6, STM32H562RIV6, STM32H562VGT6, STM32H562VIT6, STM32H562ZGT6, STM32H562ZIT6, STM32H563AGI6, STM32H563AII3Q, STM32H563AII6, STM32H563IGK6, STM32H563IGT6, STM32H563IIK3Q, STM32H563IIK6, STM32H563IIT3Q, STM32H563IIT6, STM32H563MIY3QTR, STM32H563RGT6, STM32H563RGV6, STM32H563RIT6, STM32H563RIV6, STM32H563VGT6, STM32H563VIT3Q, STM32H563VIT6, STM32H563ZGT6, STM32H563ZIT3Q, STM32H563ZIT6, STM32H573AII3Q, STM32H573AII6, STM32H573I-DK, STM32H573IIK3Q, STM32H573IIK6, STM32H573IIT3Q, STM32H573IIT6, STM32H573MIY3QTR, STM32H573RIT6, STM32H573RIV6, STM32H573VIT3Q, STM32H573VIT6, STM32H573ZIT3Q, STM32H573ZIT6, STM32H7R3A8I6, STM32H7R3I8K6, STM32H7R3I8T6, STM32H7R3L8H6, STM32H7R3L8H6H, STM32H7R3R8V6, STM32H7R3V8H6, STM32H7R3V8T6, STM32H7R3V8Y6TR, STM32H7R3Z8J6, STM32H7R3Z8T6, STM32H7R7A8I6, STM32H7R7I8K6, STM32H7R7I8T6, STM32H7R7L8H6, STM32H7R7L8H6H, STM32H7R7Z8J6, STM32H7S3A8I6, STM32H7S3I8K6, STM32H7S3I8T6, STM32H7S3L8H6, STM32H7S3L8H6H, STM32H7S3R8V6, STM32H7S3V8H6, STM32H7S3V8T6, STM32H7S3V8Y6TR, STM32H7S3Z8J6, STM32H7S3Z8T6, STM32H7S78-DK, STM32H7S7A8I6, STM32H7S7I8K6, STM32H7S7I8T6, STM32H7S7L8H6, STM32H7S7L8H6H, STM32H7S7Z8J6, STM32L4R5QGI6STR, STM32MP131AAE3, STM32MP131AAF3, STM32MP131AAG3, STM32MP131CAE3, STM32MP131CAF3, STM32MP131CAG3, STM32MP131DAE7, STM32MP131DAF7, STM32MP131DAG7, STM32MP131FAE7, STM32MP131FAF7, STM32MP131FAG7, STM32MP133AAE3, STM32MP133AAF3, STM32MP133AAG3, STM32MP133CAE3, STM32MP133CAF3, STM32MP133CAG3, STM32MP133DAE7, STM32MP133DAF7, STM32MP133DAG7, STM32MP133FAE7, STM32MP133FAF7, STM32MP133FAG7, STM32MP135AAE3, STM32MP135AAF3, STM32MP135AAG3, STM32MP135CAE3, STM32MP135CAF3, STM32MP135CAG3, STM32MP135DAE7, STM32MP135DAF7, STM32MP135DAG7, STM32MP135F-DK, STM32MP135FAE7, STM32MP135FAF7, STM32MP135FAF7T, STM32MP135FAF7U, STM32MP135FAG7, STM32MP251AAI3, STM32MP251AAK3, STM32MP251AAL3, STM32MP251CAI3, STM32MP251CAK3, STM32MP251CAL3, STM32MP251DAI3, STM32MP251DAK3, STM32MP251DAL3, STM32MP251FAI3, STM32MP251FAK3, STM32MP251FAL3, STM32MP253AAI3, STM32MP253AAK3, STM32MP253AAL3, STM32MP253CAI3, STM32MP253CAK3, STM32MP253CAL3, STM32MP253DAI3, STM32MP253DAK3, STM32MP253DAL3, STM32MP253FAI3, STM32MP253FAK3, STM32MP253FAL3, STM32MP255AAI3, STM32MP255AAK3, STM32MP255AAL3, STM32MP255CAI3, STM32MP255CAK3, STM32MP255CAL3, STM32MP255DAI3, STM32MP255DAK3, STM32MP255DAL3, STM32MP255FAI3, STM32MP255FAK3, STM32MP255FAL3, STM32MP257AAI3, STM32MP257AAK3, STM32MP257AAL3, STM32MP257CAI3, STM32MP257CAK3, STM32MP257CAL3, STM32MP257DAI3, STM32MP257DAK3, STM32MP257DAL3, STM32MP257F-DK, STM32MP257F-EV1, STM32MP257FAI3, STM32MP257FAK3, STM32MP257FAL3, STM32U031C6T6, STM32U031C6U6, STM32U031C8T6, STM32U031C8U6, STM32U031F4P6, STM32U031F6P6, STM32U031F8P6, STM32U031G6Y6TR, STM32U031G8Y6TR, STM32U031K4U6, STM32U031K6U6, STM32U031K8U6, STM32U031R6I6, STM32U031R6T6, STM32U031R8I6, STM32U031R8T6, STM32U073C8T6, STM32U073C8U6, STM32U073CBT6, STM32U073CBU6, STM32U073CCT6, STM32U073CCU6, STM32U073H8Y6TR, STM32U073HBY6TR, STM32U073HCY6TR, STM32U073K8U6, STM32U073KBU6, STM32U073KCU6, STM32U073M8I6, STM32U073M8T6, STM32U073MBI6, STM32U073MBT6, STM32U073MCI6, STM32U073MCT6, STM32U073R8I6, STM32U073R8T6, STM32U073RBI6, STM32U073RBT6, STM32U073RCI6, STM32U073RCT6, STM32U083C-DK, STM32U083CCT6, STM32U083CCU6, STM32U083HCY6TR, STM32U083KCU6, STM32U083MCI6, STM32U083MCT6, STM32U083RCI6, STM32U083RCT6, STM32U535CBT6, STM32U535CBT6Q, STM32U535CBU6, STM32U535CBU6Q, STM32U535CCT6, STM32U535CCT6Q, STM32U535CCU6, STM32U535CCU6Q, STM32U535CET6, STM32U535CET6Q, STM32U535CEU6, STM32U535CEU6Q, STM32U535JEY6QTR, STM32U535NCY6QTR, STM32U535NEY6QTR, STM32U535RBI6, STM32U535RBI6Q, STM32U535RBT6, STM32U535RBT6Q, STM32U535RCI6, STM32U535RCI6Q, STM32U535RCT6, STM32U535RCT6Q, STM32U535REI6, STM32U535REI6Q, STM32U535RET6, STM32U535RET6Q, STM32U535VCI6, STM32U535VCI6Q, STM32U535VCT6, STM32U535VCT6Q, STM32U535VEI6, STM32U535VEI6Q, STM32U535VET6, STM32U535VET6Q, STM32U545CET6, STM32U545CET6Q, STM32U545CEU6, STM32U545CEU6Q, STM32U545JEY6QTR, STM32U545NEY6QTR, STM32U545REI6, STM32U545REI6Q, STM32U545RET6, STM32U545RET6Q, STM32U545VEI6, STM32U545VEI6Q, STM32U545VET6, STM32U545VET6Q, STM32U595AIH6, STM32U595AIH6Q, STM32U595AJH6, STM32U595AJH6Q, STM32U595QII6, STM32U595QII6Q, STM32U595QJI6, STM32U595QJI6Q, STM32U595RIT6, STM32U595RIT6Q, STM32U595RJT6, STM32U595RJT6Q, STM32U595VIT6, STM32U595VIT6Q, STM32U595VJT6, STM32U595VJT6Q, STM32U595ZIT6, STM32U595ZIT6Q, STM32U595ZIY6QTR, STM32U595ZJT6, STM32U595ZJT6Q, STM32U595ZJY6QTR, STM32U599BJY6QTR, STM32U599NIH6Q, STM32U599NJH6Q, STM32U599VIT6Q, STM32U599VJT6, STM32U599VJT6Q, STM32U599ZIT6Q, STM32U599ZIY6QTR, STM32U599ZJT6Q, STM32U599ZJY6QTR, STM32U5A5AJH6, STM32U5A5AJH6Q, STM32U5A5QII3Q , STM32U5A5QJI6, STM32U5A5QJI6Q, STM32U5A5RJT6, STM32U5A5RJT6Q, STM32U5A5VJT6, STM32U5A5VJT6Q, STM32U5A5ZJT6, STM32U5A5ZJT6Q, STM32U5A5ZJY6QTR, STM32U5A9BJY6QTR, STM32U5A9J-DK, STM32U5A9NJH6Q, STM32U5A9VJT6Q, STM32U5A9ZJT6Q, STM32U5A9ZJY6QTR, STM32U5F7VIT6, STM32U5F7VIT6Q, STM32U5F7VJT6, STM32U5F7VJT6Q, STM32U5F9BJY6QTR, STM32U5F9NJH6Q, STM32U5F9VIT6Q, STM32U5F9VJT6Q, STM32U5F9ZIJ6QTR, STM32U5F9ZIT6Q, STM32U5F9ZJJ6QTR, STM32U5F9ZJT6Q, STM32U5G7VJT6, STM32U5G7VJT6Q, STM32U5G9BJY6QTR, STM32U5G9J-DK1, STM32U5G9J-DK2, STM32U5G9NJH6Q, STM32U5G9VJT6Q, STM32U5G9ZJJ6QTR, STM32U5G9ZJT6Q, STM32WB05KZV6TR, STM32WB05KZV7TR, STM32WB05TZF6TR, STM32WB05TZF7TR, STM32WB06CCF6TR, STM32WB06CCF7TR, STM32WB06CCV6TR, STM32WB06CCV7TR, STM32WB06KCV6TR, STM32WB06KCV7TR, STM32WB07CCF6TR, STM32WB07CCF7TR, STM32WB07CCV6TR, STM32WB07CCV7TR, STM32WB07KCV6TR, STM32WB07KCV7TR, STM32WB09KEV6TR, STM32WB09KEV7TR, STM32WB09TEF6TR, STM32WB09TEF7TR, STM32WB1MMCH6, STM32WBA50KGU6, STM32WBA50KGU6TR, STM32WBA52CEU6, STM32WBA52CEU6TR, STM32WBA52CEU7, STM32WBA52CEU7TR, STM32WBA52CGU6, STM32WBA52CGU6TR, STM32WBA52CGU6U, STM32WBA52CGU7, STM32WBA52CGU7TR, STM32WBA52KEU6, STM32WBA52KEU6TR, STM32WBA52KGU6, STM32WBA52KGU6TR, STM32WBA54CEU6, STM32WBA54CEU6TR, STM32WBA54CEU7, STM32WBA54CEU7TR, STM32WBA54CGU6, STM32WBA54CGU6TR, STM32WBA54CGU7, STM32WBA54CGU7TR, STM32WBA54KEU6, STM32WBA54KEU6TR, STM32WBA54KEU7, STM32WBA54KEU7TR, STM32WBA54KGU6, STM32WBA54KGU6TR, STM32WBA54KGU7, STM32WBA54KGU7TR, STM32WBA55CEU6, STM32WBA55CEU6TR, STM32WBA55CEU7, STM32WBA55CEU7TR, STM32WBA55CGU6, STM32WBA55CGU6TR, STM32WBA55CGU6U, STM32WBA55CGU7, STM32WBA55CGU7TR, STM32WBA55G-DK1, STM32WBA55HEF6, STM32WBA55HEF7, STM32WBA55HGF6, STM32WBA55HGF7, STM32WBA55UEI6, STM32WBA55UEI6TR, STM32WBA55UEI7, STM32WBA55UEI7TR, STM32WBA55UGI6, STM32WBA55UGI6TR, STM32WBA55UGI7, STM32WBA55UGI7TR, STM32WL5MOCH6, STM32WL5MOCH6TR]
2024-08-06 15:24:05,813 [INFO] DbMcus:218 - Found 4251 MCUs, 4251 are supported
2024-08-06 15:24:05,832 [INFO] ApiDb:423 - Load user favorites file /home/leandro/.stm32cubeide/favorites.mcus.txt: 1 item(s)
2024-08-06 15:24:05,832 [INFO] ApiDb:427 - User favorites MCUs=[STM32F103C6T6A]
2024-08-06 15:24:05,832 [INFO] DbMcus:224 - Set 1 / 1 favorites MCUs
2024-08-06 15:24:06,534 [INFO] ApiDb:414 - User favorites file not found: /home/leandro/.stm32cubeide/favorites.boards.txt
2024-08-06 15:24:06,534 [INFO] DbBoards:198 - Set 0 / 0 favorites Boards
2024-08-06 15:24:06,632 [INFO] UtilMem:75 - End LoadConfig() Used Memory: 310792696 Bytes (611319808)
2024-08-06 15:24:07,033 [WARN] ThirdParty:833 - waiting for thirdparty lock release [change project]
2024-08-06 15:24:07,034 [INFO] ThirdParty:835 - entering critical section [change project]
2024-08-06 15:24:07,034 [INFO] ThirdParty:1030 - CMSIS Pack Vendor :STMicroelectronics USBPD 4.1
2024-08-06 15:24:07,034 [INFO] ThirdParty:1030 - CMSIS Pack Vendor :STMicroelectronics X-CUBE-DISPLAY 3.0.0
2024-08-06 15:24:07,034 [INFO] ThirdParty:1030 - CMSIS Pack Vendor :STMicroelectronics X-CUBE-GNSS1 6.0.0
2024-08-06 15:24:07,034 [INFO] ThirdParty:1030 - CMSIS Pack Vendor :STMicroelectronics USB_HOST 2.0.0
2024-08-06 15:24:07,034 [INFO] ThirdParty:1030 - CMSIS Pack Vendor :STMicroelectronics FP-SNS-MOTENVWB1 1.4.0
2024-08-06 15:24:07,034 [INFO] ThirdParty:1030 - CMSIS Pack Vendor :STMicroelectronics LIBJPEG 8.0.0
2024-08-06 15:24:07,034 [INFO] ThirdParty:1030 - CMSIS Pack Vendor :STMicroelectronics X-CUBE-BLE1 7.0.0
2024-08-06 15:24:07,034 [INFO] ThirdParty:1030 - CMSIS Pack Vendor :STMicroelectronics FP-ATR-SIGFOX1 3.2.0
2024-08-06 15:24:07,034 [INFO] ThirdParty:1030 - CMSIS Pack Vendor :STMicroelectronics X-CUBE-SMBUS 2.1.0
2024-08-06 15:24:07,034 [INFO] ThirdParty:1030 - CMSIS Pack Vendor :STMicroelectronics X-CUBE-ISPU 2.0.0
2024-08-06 15:24:07,034 [INFO] ThirdParty:1030 - CMSIS Pack Vendor :STMicroelectronics USB_DEVICE 3.0.0
2024-08-06 15:24:07,034 [INFO] ThirdParty:1030 - CMSIS Pack Vendor :STMicroelectronics X-CUBE-EEPRMA1 5.1.0
2024-08-06 15:24:07,035 [INFO] ThirdParty:1030 - CMSIS Pack Vendor :STMicroelectronics HAL Drivers 0.0.0
2024-08-06 15:24:07,035 [INFO] ThirdParty:1030 - CMSIS Pack Vendor :STMicroelectronics MBEDTLS 2.16.2
2024-08-06 15:24:07,035 [INFO] ThirdParty:1030 - CMSIS Pack Vendor :STMicroelectronics X-CUBE-FREERTOS 1.2.0
2024-08-06 15:24:07,035 [INFO] ThirdParty:1030 - CMSIS Pack Vendor :STMicroelectronics X-CUBE-ALS 1.0.2
2024-08-06 15:24:07,035 [INFO] ThirdParty:1030 - CMSIS Pack Vendor :STMicroelectronics X-CUBE-MEMS1 10.0.0
2024-08-06 15:24:07,035 [INFO] ThirdParty:1030 - CMSIS Pack Vendor :STMicroelectronics X-CUBE-NFC7 1.0.1
2024-08-06 15:24:07,035 [INFO] ThirdParty:1030 - CMSIS Pack Vendor :STMicroelectronics MBEDTLS 2.14.1
2024-08-06 15:24:07,035 [INFO] ThirdParty:1030 - CMSIS Pack Vendor :STMicroelectronics USB_DEVICE 2.0.0
2024-08-06 15:24:07,035 [INFO] ThirdParty:1030 - CMSIS Pack Vendor :STMicroelectronics X-CUBE-NFC6 3.1.0
2024-08-06 15:24:07,035 [INFO] ThirdParty:1030 - CMSIS Pack Vendor :STMicroelectronics X-CUBE-BLEMGR 3.1.0
2024-08-06 15:24:07,035 [INFO] ThirdParty:1030 - CMSIS Pack Vendor :STMicroelectronics ThreadX 1.0.0
2024-08-06 15:24:07,035 [INFO] ThirdParty:1030 - CMSIS Pack Vendor :STMicroelectronics FP-SNS-SMARTAG2 1.2.0
2024-08-06 15:24:07,035 [INFO] ThirdParty:1030 - CMSIS Pack Vendor :STMicroelectronics FreeRTOS 0.0.1
2024-08-06 15:24:07,035 [INFO] ThirdParty:1030 - CMSIS Pack Vendor :STMicroelectronics FP-SNS-MOTENV1 5.0.0
2024-08-06 15:24:07,035 [INFO] ThirdParty:1030 - CMSIS Pack Vendor :STMicroelectronics USB_DEVICE 1.0.0
2024-08-06 15:24:07,035 [INFO] ThirdParty:1030 - CMSIS Pack Vendor :STMicroelectronics X-CUBE-SAFEA1 1.2.2
2024-08-06 15:24:07,035 [INFO] ThirdParty:1030 - CMSIS Pack Vendor :STMicroelectronics X-CUBE-NFC4 3.0.0
2024-08-06 15:24:07,036 [INFO] ThirdParty:1030 - CMSIS Pack Vendor :STMicroelectronics X-CUBE-SUBG2 5.0.0
2024-08-06 15:24:07,036 [INFO] ThirdParty:1030 - CMSIS Pack Vendor :STMicroelectronics STM32_WPAN 1.0.0
2024-08-06 15:24:07,036 [INFO] ThirdParty:1030 - CMSIS Pack Vendor :STMicroelectronics ThreadX 0.0.2
2024-08-06 15:24:07,036 [INFO] ThirdParty:1030 - CMSIS Pack Vendor :STMicroelectronics FP-ATR-ASTRA1 2.0.0
2024-08-06 15:24:07,036 [INFO] ThirdParty:1030 - CMSIS Pack Vendor :STMicroelectronics lwIP 2.1.2
2024-08-06 15:24:07,036 [INFO] ThirdParty:1030 - CMSIS Pack Vendor :STMicroelectronics lwIP 2.0.3
2024-08-06 15:24:07,036 [INFO] ThirdParty:1030 - CMSIS Pack Vendor :STMicroelectronics X-CUBE-SFXS2LP1 4.0.0
2024-08-06 15:24:07,036 [INFO] ThirdParty:1030 - CMSIS Pack Vendor :STMicroelectronics FP-SNS-FLIGHT1 5.0.2
2024-08-06 15:24:07,036 [INFO] ThirdParty:1030 - CMSIS Pack Vendor :STMicroelectronics X-CUBE-BLE2 3.3.0
2024-08-06 15:24:07,036 [INFO] ThirdParty:1030 - CMSIS Pack Vendor :STMicroelectronics USB_HOST 1.0.0
2024-08-06 15:24:07,036 [INFO] ThirdParty:1030 - CMSIS Pack Vendor :STMicroelectronics X-CUBE-AI 9.0.0
2024-08-06 15:24:07,036 [INFO] ThirdParty:1030 - CMSIS Pack Vendor :STMicroelectronics PDM2PCM 3.1.0
2024-08-06 15:24:07,036 [INFO] ThirdParty:1030 - CMSIS Pack Vendor :STMicroelectronics PDM2PCM 3.2.0
2024-08-06 15:24:07,037 [INFO] ThirdParty:1030 - CMSIS Pack Vendor :STMicroelectronics PDM2PCM 3.3.0
2024-08-06 15:24:07,037 [INFO] ThirdParty:841 - exiting critical section [change project]
2024-08-06 15:24:08,179 [INFO] PinOutPanel:1561 - setPackage(No Configuration,No Configuration)
2024-08-06 15:24:08,220 [INFO] PinOutPanel:1561 - setPackage(STM32F407VETx,LQFP100)
2024-08-06 15:24:09,107 [INFO] UtilMem:75 - Before build in PCC Used Memory: 246120976 Bytes (611319808)
2024-08-06 15:24:10,863 [INFO] UtilMem:75 - After build in PCC Used Memory: 388414640 Bytes (611319808)
2024-08-06 15:24:10,956 [INFO] IPUIPlugin:80 - create IPUIPlugin
2024-08-06 15:24:10,956 [INFO] IPUIPlugin:80 - create IPUIPlugin
2024-08-06 15:24:10,957 [INFO] IPUIPlugin:80 - create IPUIPlugin
2024-08-06 15:24:10,957 [INFO] IPUIPlugin:80 - create IPUIPlugin
2024-08-06 15:24:10,957 [INFO] IPUIPlugin:80 - create IPUIPlugin
2024-08-06 15:24:10,957 [INFO] IPUIPlugin:80 - create IPUIPlugin
2024-08-06 15:24:10,958 [INFO] IPUIPlugin:80 - create IPUIPlugin
2024-08-06 15:24:10,958 [INFO] IPUIPlugin:80 - create IPUIPlugin
2024-08-06 15:24:10,958 [INFO] IPUIPlugin:80 - create IPUIPlugin
2024-08-06 15:24:10,959 [INFO] IPUIPlugin:80 - create IPUIPlugin
2024-08-06 15:24:10,959 [INFO] IPUIPlugin:80 - create IPUIPlugin
2024-08-06 15:24:10,959 [INFO] IPUIPlugin:80 - create IPUIPlugin
2024-08-06 15:24:10,960 [INFO] IPUIPlugin:80 - create IPUIPlugin
2024-08-06 15:24:10,960 [INFO] IPUIPlugin:80 - create IPUIPlugin
2024-08-06 15:24:10,960 [INFO] IPUIPlugin:80 - create IPUIPlugin
2024-08-06 15:24:10,960 [INFO] IPUIPlugin:80 - create IPUIPlugin
2024-08-06 15:24:10,962 [INFO] IPUIPlugin:80 - create IPUIPlugin
2024-08-06 15:24:10,965 [INFO] IPUIPlugin:80 - create IPUIPlugin
2024-08-06 15:24:10,966 [INFO] IPUIPlugin:80 - create IPUIPlugin
2024-08-06 15:24:10,966 [INFO] IPUIPlugin:80 - create IPUIPlugin
2024-08-06 15:24:10,967 [INFO] IPUIPlugin:80 - create IPUIPlugin
2024-08-06 15:24:10,967 [INFO] IPUIPlugin:80 - create IPUIPlugin
2024-08-06 15:24:10,968 [INFO] IPUIPlugin:80 - create IPUIPlugin
2024-08-06 15:24:10,968 [INFO] IPUIPlugin:80 - create IPUIPlugin
2024-08-06 15:24:10,968 [INFO] IPUIPlugin:80 - create IPUIPlugin
2024-08-06 15:24:10,969 [INFO] IPUIPlugin:80 - create IPUIPlugin
2024-08-06 15:24:10,969 [INFO] IPUIPlugin:80 - create IPUIPlugin
2024-08-06 15:24:10,970 [INFO] IPUIPlugin:80 - create IPUIPlugin
2024-08-06 15:24:10,970 [INFO] IPUIPlugin:80 - create IPUIPlugin
2024-08-06 15:24:10,971 [INFO] IPUIPlugin:80 - create IPUIPlugin
2024-08-06 15:24:10,971 [INFO] IPUIPlugin:80 - create IPUIPlugin
2024-08-06 15:24:10,972 [INFO] IPUIPlugin:80 - create IPUIPlugin
2024-08-06 15:24:10,972 [INFO] IPUIPlugin:80 - create IPUIPlugin
2024-08-06 15:24:10,972 [INFO] IPUIPlugin:80 - create IPUIPlugin
2024-08-06 15:24:10,972 [INFO] IPUIPlugin:80 - create IPUIPlugin
2024-08-06 15:24:10,972 [INFO] IPUIPlugin:80 - create IPUIPlugin
2024-08-06 15:24:10,973 [INFO] IPUIPlugin:80 - create IPUIPlugin
2024-08-06 15:24:10,973 [INFO] IPUIPlugin:80 - create IPUIPlugin
2024-08-06 15:24:10,973 [INFO] IPUIPlugin:80 - create IPUIPlugin
2024-08-06 15:24:10,973 [INFO] IPUIPlugin:80 - create IPUIPlugin
2024-08-06 15:24:10,974 [INFO] IPUIPlugin:80 - create IPUIPlugin
2024-08-06 15:24:10,974 [INFO] IPUIPlugin:80 - create IPUIPlugin
2024-08-06 15:24:10,974 [INFO] IPUIPlugin:80 - create IPUIPlugin
2024-08-06 15:24:10,974 [INFO] IPUIPlugin:80 - create IPUIPlugin
2024-08-06 15:24:10,974 [INFO] IPUIPlugin:80 - create IPUIPlugin
2024-08-06 15:24:10,974 [INFO] IPUIPlugin:80 - create IPUIPlugin
2024-08-06 15:24:10,974 [INFO] IPUIPlugin:80 - create IPUIPlugin
2024-08-06 15:24:10,975 [INFO] IPUIPlugin:80 - create IPUIPlugin
2024-08-06 15:24:10,975 [INFO] IPUIPlugin:80 - create IPUIPlugin
2024-08-06 15:24:10,976 [INFO] IPUIPlugin:80 - create IPUIPlugin
2024-08-06 15:24:10,976 [INFO] IPUIPlugin:80 - create IPUIPlugin
2024-08-06 15:24:10,976 [INFO] IPUIPlugin:80 - create IPUIPlugin
2024-08-06 15:24:10,977 [INFO] IPUIPlugin:80 - create IPUIPlugin
2024-08-06 15:24:10,978 [INFO] IPUIPlugin:80 - create IPUIPlugin
2024-08-06 15:24:10,979 [INFO] IPUIPlugin:80 - create IPUIPlugin
2024-08-06 15:24:10,980 [INFO] IPUIPlugin:80 - create IPUIPlugin
2024-08-06 15:24:10,981 [INFO] IPUIPlugin:80 - create IPUIPlugin
2024-08-06 15:24:10,981 [INFO] IPUIPlugin:80 - create IPUIPlugin
2024-08-06 15:24:11,098 [INFO] ApiDbMcu:508 - Load IP Config File for PDM2PCM
2024-08-06 15:24:11,623 [INFO] CADModel:165 - CPN selected for project levelSTM32F407VET6
2024-08-06 15:24:11,623 [INFO] CADModel:114 - Register for checkConnection events
2024-08-06 15:24:11,676 [INFO] OpenFileManager:363 - Restore cursor
2024-08-06 15:24:35,626 [ERROR] LogOutputStream:75 - [STDERR_REDIRECT] Aug 06, 2024 3:24:35 PM java.util.prefs.FileSystemPreferences checkLockFile0ErrorCode
2024-08-06 15:24:35,627 [ERROR] LogOutputStream:75 - [STDERR_REDIRECT] WARNING: Could not lock System prefs. Unix error code 2.
2024-08-06 15:24:35,627 [ERROR] LogOutputStream:75 - [STDERR_REDIRECT] 
2024-08-06 15:24:35,627 [ERROR] LogOutputStream:75 - [STDERR_REDIRECT] Aug 06, 2024 3:24:35 PM java.util.prefs.FileSystemPreferences syncWorld
2024-08-06 15:24:35,628 [ERROR] LogOutputStream:75 - [STDERR_REDIRECT] WARNING: Couldn't flush system prefs: java.util.prefs.BackingStoreException: Couldn't get file lock.
2024-08-06 15:24:35,628 [ERROR] LogOutputStream:75 - [STDERR_REDIRECT] 
2024-08-06 15:25:05,624 [ERROR] LogOutputStream:75 - [STDERR_REDIRECT] Aug 06, 2024 3:25:05 PM java.util.prefs.FileSystemPreferences checkLockFile0ErrorCode
2024-08-06 15:25:05,625 [ERROR] LogOutputStream:75 - [STDERR_REDIRECT] WARNING: Could not lock System prefs. Unix error code 2.
2024-08-06 15:25:05,625 [ERROR] LogOutputStream:75 - [STDERR_REDIRECT] 
2024-08-06 15:25:05,626 [ERROR] LogOutputStream:75 - [STDERR_REDIRECT] Aug 06, 2024 3:25:05 PM java.util.prefs.FileSystemPreferences syncWorld
2024-08-06 15:25:05,626 [ERROR] LogOutputStream:75 - [STDERR_REDIRECT] WARNING: Couldn't flush system prefs: java.util.prefs.BackingStoreException: Couldn't get file lock.
2024-08-06 15:25:05,626 [ERROR] LogOutputStream:75 - [STDERR_REDIRECT] 
2024-08-06 15:25:35,624 [ERROR] LogOutputStream:75 - [STDERR_REDIRECT] Aug 06, 2024 3:25:35 PM java.util.prefs.FileSystemPreferences checkLockFile0ErrorCode
2024-08-06 15:25:35,624 [ERROR] LogOutputStream:75 - [STDERR_REDIRECT] WARNING: Could not lock System prefs. Unix error code 2.
2024-08-06 15:25:35,624 [ERROR] LogOutputStream:75 - [STDERR_REDIRECT] 
2024-08-06 15:25:35,625 [ERROR] LogOutputStream:75 - [STDERR_REDIRECT] Aug 06, 2024 3:25:35 PM java.util.prefs.FileSystemPreferences syncWorld
2024-08-06 15:25:35,625 [ERROR] LogOutputStream:75 - [STDERR_REDIRECT] WARNING: Couldn't flush system prefs: java.util.prefs.BackingStoreException: Couldn't get file lock.
2024-08-06 15:25:35,625 [ERROR] LogOutputStream:75 - [STDERR_REDIRECT] 
2024-08-06 15:26:05,626 [ERROR] LogOutputStream:75 - [STDERR_REDIRECT] Aug 06, 2024 3:26:05 PM java.util.prefs.FileSystemPreferences checkLockFile0ErrorCode
2024-08-06 15:26:05,627 [ERROR] LogOutputStream:75 - [STDERR_REDIRECT] WARNING: Could not lock System prefs. Unix error code 2.
2024-08-06 15:26:05,629 [ERROR] LogOutputStream:75 - [STDERR_REDIRECT] 
2024-08-06 15:26:05,630 [ERROR] LogOutputStream:75 - [STDERR_REDIRECT] Aug 06, 2024 3:26:05 PM java.util.prefs.FileSystemPreferences syncWorld
2024-08-06 15:26:05,630 [ERROR] LogOutputStream:75 - [STDERR_REDIRECT] WARNING: Couldn't flush system prefs: java.util.prefs.BackingStoreException: Couldn't get file lock.
2024-08-06 15:26:05,630 [ERROR] LogOutputStream:75 - [STDERR_REDIRECT] 
2024-08-06 15:26:35,626 [ERROR] LogOutputStream:75 - [STDERR_REDIRECT] Aug 06, 2024 3:26:35 PM java.util.prefs.FileSystemPreferences checkLockFile0ErrorCode
2024-08-06 15:26:35,627 [ERROR] LogOutputStream:75 - [STDERR_REDIRECT] WARNING: Could not lock System prefs. Unix error code 2.
2024-08-06 15:26:35,629 [ERROR] LogOutputStream:75 - [STDERR_REDIRECT] 
2024-08-06 15:26:35,630 [ERROR] LogOutputStream:75 - [STDERR_REDIRECT] Aug 06, 2024 3:26:35 PM java.util.prefs.FileSystemPreferences syncWorld
2024-08-06 15:26:35,631 [ERROR] LogOutputStream:75 - [STDERR_REDIRECT] WARNING: Couldn't flush system prefs: java.util.prefs.BackingStoreException: Couldn't get file lock.
2024-08-06 15:26:35,631 [ERROR] LogOutputStream:75 - [STDERR_REDIRECT] 
2024-08-06 15:27:05,625 [ERROR] LogOutputStream:75 - [STDERR_REDIRECT] Aug 06, 2024 3:27:05 PM java.util.prefs.FileSystemPreferences checkLockFile0ErrorCode
2024-08-06 15:27:05,626 [ERROR] LogOutputStream:75 - [STDERR_REDIRECT] WARNING: Could not lock System prefs. Unix error code 2.
2024-08-06 15:27:05,626 [ERROR] LogOutputStream:75 - [STDERR_REDIRECT] 
2024-08-06 15:27:05,627 [ERROR] LogOutputStream:75 - [STDERR_REDIRECT] Aug 06, 2024 3:27:05 PM java.util.prefs.FileSystemPreferences syncWorld
2024-08-06 15:27:05,628 [ERROR] LogOutputStream:75 - [STDERR_REDIRECT] WARNING: Couldn't flush system prefs: java.util.prefs.BackingStoreException: Couldn't get file lock.
2024-08-06 15:27:05,628 [ERROR] LogOutputStream:75 - [STDERR_REDIRECT] 
2024-08-06 15:27:35,624 [ERROR] LogOutputStream:75 - [STDERR_REDIRECT] Aug 06, 2024 3:27:35 PM java.util.prefs.FileSystemPreferences checkLockFile0ErrorCode
2024-08-06 15:27:35,625 [ERROR] LogOutputStream:75 - [STDERR_REDIRECT] WARNING: Could not lock System prefs. Unix error code 2.
2024-08-06 15:27:35,626 [ERROR] LogOutputStream:75 - [STDERR_REDIRECT] 
2024-08-06 15:27:35,627 [ERROR] LogOutputStream:75 - [STDERR_REDIRECT] Aug 06, 2024 3:27:35 PM java.util.prefs.FileSystemPreferences syncWorld
2024-08-06 15:27:35,628 [ERROR] LogOutputStream:75 - [STDERR_REDIRECT] WARNING: Couldn't flush system prefs: java.util.prefs.BackingStoreException: Couldn't get file lock.
2024-08-06 15:27:35,628 [ERROR] LogOutputStream:75 - [STDERR_REDIRECT] 
2024-08-06 15:28:05,623 [ERROR] LogOutputStream:75 - [STDERR_REDIRECT] Aug 06, 2024 3:28:05 PM java.util.prefs.FileSystemPreferences checkLockFile0ErrorCode
2024-08-06 15:28:05,624 [ERROR] LogOutputStream:75 - [STDERR_REDIRECT] WARNING: Could not lock System prefs. Unix error code 2.
2024-08-06 15:28:05,624 [ERROR] LogOutputStream:75 - [STDERR_REDIRECT] 
2024-08-06 15:28:05,624 [ERROR] LogOutputStream:75 - [STDERR_REDIRECT] Aug 06, 2024 3:28:05 PM java.util.prefs.FileSystemPreferences syncWorld
2024-08-06 15:28:05,625 [ERROR] LogOutputStream:75 - [STDERR_REDIRECT] WARNING: Couldn't flush system prefs: java.util.prefs.BackingStoreException: Couldn't get file lock.
2024-08-06 15:28:05,625 [ERROR] LogOutputStream:75 - [STDERR_REDIRECT] 
2024-08-06 15:28:35,625 [ERROR] LogOutputStream:75 - [STDERR_REDIRECT] Aug 06, 2024 3:28:35 PM java.util.prefs.FileSystemPreferences checkLockFile0ErrorCode
2024-08-06 15:28:35,625 [ERROR] LogOutputStream:75 - [STDERR_REDIRECT] WARNING: Could not lock System prefs. Unix error code 2.
2024-08-06 15:28:35,626 [ERROR] LogOutputStream:75 - [STDERR_REDIRECT] 
2024-08-06 15:28:35,626 [ERROR] LogOutputStream:75 - [STDERR_REDIRECT] Aug 06, 2024 3:28:35 PM java.util.prefs.FileSystemPreferences syncWorld
2024-08-06 15:28:35,627 [ERROR] LogOutputStream:75 - [STDERR_REDIRECT] WARNING: Couldn't flush system prefs: java.util.prefs.BackingStoreException: Couldn't get file lock.
2024-08-06 15:28:35,627 [ERROR] LogOutputStream:75 - [STDERR_REDIRECT] 
2024-08-06 15:29:05,625 [ERROR] LogOutputStream:75 - [STDERR_REDIRECT] Aug 06, 2024 3:29:05 PM java.util.prefs.FileSystemPreferences checkLockFile0ErrorCode
2024-08-06 15:29:05,626 [ERROR] LogOutputStream:75 - [STDERR_REDIRECT] WARNING: Could not lock System prefs. Unix error code 2.
2024-08-06 15:29:05,626 [ERROR] LogOutputStream:75 - [STDERR_REDIRECT] 
2024-08-06 15:29:05,628 [ERROR] LogOutputStream:75 - [STDERR_REDIRECT] Aug 06, 2024 3:29:05 PM java.util.prefs.FileSystemPreferences syncWorld
2024-08-06 15:29:05,629 [ERROR] LogOutputStream:75 - [STDERR_REDIRECT] WARNING: Couldn't flush system prefs: java.util.prefs.BackingStoreException: Couldn't get file lock.
2024-08-06 15:29:05,630 [ERROR] LogOutputStream:75 - [STDERR_REDIRECT] 
2024-08-06 15:29:35,625 [ERROR] LogOutputStream:75 - [STDERR_REDIRECT] Aug 06, 2024 3:29:35 PM java.util.prefs.FileSystemPreferences checkLockFile0ErrorCode
2024-08-06 15:29:35,626 [ERROR] LogOutputStream:75 - [STDERR_REDIRECT] WARNING: Could not lock System prefs. Unix error code 2.
2024-08-06 15:29:35,626 [ERROR] LogOutputStream:75 - [STDERR_REDIRECT] 
2024-08-06 15:29:35,628 [ERROR] LogOutputStream:75 - [STDERR_REDIRECT] Aug 06, 2024 3:29:35 PM java.util.prefs.FileSystemPreferences syncWorld
2024-08-06 15:29:35,628 [ERROR] LogOutputStream:75 - [STDERR_REDIRECT] WARNING: Couldn't flush system prefs: java.util.prefs.BackingStoreException: Couldn't get file lock.
2024-08-06 15:29:35,629 [ERROR] LogOutputStream:75 - [STDERR_REDIRECT] 
2024-08-06 15:30:05,627 [ERROR] LogOutputStream:75 - [STDERR_REDIRECT] Aug 06, 2024 3:30:05 PM java.util.prefs.FileSystemPreferences checkLockFile0ErrorCode
2024-08-06 15:30:05,628 [ERROR] LogOutputStream:75 - [STDERR_REDIRECT] WARNING: Could not lock System prefs. Unix error code 2.
2024-08-06 15:30:05,628 [ERROR] LogOutputStream:75 - [STDERR_REDIRECT] 
2024-08-06 15:30:05,629 [ERROR] LogOutputStream:75 - [STDERR_REDIRECT] Aug 06, 2024 3:30:05 PM java.util.prefs.FileSystemPreferences syncWorld
2024-08-06 15:30:05,629 [ERROR] LogOutputStream:75 - [STDERR_REDIRECT] WARNING: Couldn't flush system prefs: java.util.prefs.BackingStoreException: Couldn't get file lock.
2024-08-06 15:30:05,629 [ERROR] LogOutputStream:75 - [STDERR_REDIRECT] 
2024-08-06 15:30:35,625 [ERROR] LogOutputStream:75 - [STDERR_REDIRECT] Aug 06, 2024 3:30:35 PM java.util.prefs.FileSystemPreferences checkLockFile0ErrorCode
2024-08-06 15:30:35,626 [ERROR] LogOutputStream:75 - [STDERR_REDIRECT] WARNING: Could not lock System prefs. Unix error code 2.
2024-08-06 15:30:35,626 [ERROR] LogOutputStream:75 - [STDERR_REDIRECT] 
2024-08-06 15:30:35,627 [ERROR] LogOutputStream:75 - [STDERR_REDIRECT] Aug 06, 2024 3:30:35 PM java.util.prefs.FileSystemPreferences syncWorld
2024-08-06 15:30:35,628 [ERROR] LogOutputStream:75 - [STDERR_REDIRECT] WARNING: Couldn't flush system prefs: java.util.prefs.BackingStoreException: Couldn't get file lock.
2024-08-06 15:30:35,628 [ERROR] LogOutputStream:75 - [STDERR_REDIRECT] 
2024-08-06 15:31:05,625 [ERROR] LogOutputStream:75 - [STDERR_REDIRECT] Aug 06, 2024 3:31:05 PM java.util.prefs.FileSystemPreferences checkLockFile0ErrorCode
2024-08-06 15:31:05,626 [ERROR] LogOutputStream:75 - [STDERR_REDIRECT] WARNING: Could not lock System prefs. Unix error code 2.
2024-08-06 15:31:05,627 [ERROR] LogOutputStream:75 - [STDERR_REDIRECT] 
2024-08-06 15:31:05,630 [ERROR] LogOutputStream:75 - [STDERR_REDIRECT] Aug 06, 2024 3:31:05 PM java.util.prefs.FileSystemPreferences syncWorld
2024-08-06 15:31:05,633 [ERROR] LogOutputStream:75 - [STDERR_REDIRECT] WARNING: Couldn't flush system prefs: java.util.prefs.BackingStoreException: Couldn't get file lock.
2024-08-06 15:31:05,634 [ERROR] LogOutputStream:75 - [STDERR_REDIRECT] 
2024-08-06 15:31:35,624 [ERROR] LogOutputStream:75 - [STDERR_REDIRECT] Aug 06, 2024 3:31:35 PM java.util.prefs.FileSystemPreferences checkLockFile0ErrorCode
2024-08-06 15:31:35,625 [ERROR] LogOutputStream:75 - [STDERR_REDIRECT] WARNING: Could not lock System prefs. Unix error code 2.
2024-08-06 15:31:35,626 [ERROR] LogOutputStream:75 - [STDERR_REDIRECT] 
2024-08-06 15:31:35,629 [ERROR] LogOutputStream:75 - [STDERR_REDIRECT] Aug 06, 2024 3:31:35 PM java.util.prefs.FileSystemPreferences syncWorld
2024-08-06 15:31:35,630 [ERROR] LogOutputStream:75 - [STDERR_REDIRECT] WARNING: Couldn't flush system prefs: java.util.prefs.BackingStoreException: Couldn't get file lock.
2024-08-06 15:31:35,631 [ERROR] LogOutputStream:75 - [STDERR_REDIRECT] 
2024-08-06 15:32:05,624 [ERROR] LogOutputStream:75 - [STDERR_REDIRECT] Aug 06, 2024 3:32:05 PM java.util.prefs.FileSystemPreferences checkLockFile0ErrorCode
2024-08-06 15:32:05,625 [ERROR] LogOutputStream:75 - [STDERR_REDIRECT] WARNING: Could not lock System prefs. Unix error code 2.
2024-08-06 15:32:05,626 [ERROR] LogOutputStream:75 - [STDERR_REDIRECT] 
2024-08-06 15:32:05,627 [ERROR] LogOutputStream:75 - [STDERR_REDIRECT] Aug 06, 2024 3:32:05 PM java.util.prefs.FileSystemPreferences syncWorld
2024-08-06 15:32:05,629 [ERROR] LogOutputStream:75 - [STDERR_REDIRECT] WARNING: Couldn't flush system prefs: java.util.prefs.BackingStoreException: Couldn't get file lock.
2024-08-06 15:32:05,629 [ERROR] LogOutputStream:75 - [STDERR_REDIRECT] 
2024-08-06 15:32:35,624 [ERROR] LogOutputStream:75 - [STDERR_REDIRECT] Aug 06, 2024 3:32:35 PM java.util.prefs.FileSystemPreferences checkLockFile0ErrorCode
2024-08-06 15:32:35,625 [ERROR] LogOutputStream:75 - [STDERR_REDIRECT] WARNING: Could not lock System prefs. Unix error code 2.
2024-08-06 15:32:35,626 [ERROR] LogOutputStream:75 - [STDERR_REDIRECT] 
2024-08-06 15:32:35,627 [ERROR] LogOutputStream:75 - [STDERR_REDIRECT] Aug 06, 2024 3:32:35 PM java.util.prefs.FileSystemPreferences syncWorld
2024-08-06 15:32:35,629 [ERROR] LogOutputStream:75 - [STDERR_REDIRECT] WARNING: Couldn't flush system prefs: java.util.prefs.BackingStoreException: Couldn't get file lock.
2024-08-06 15:32:35,629 [ERROR] LogOutputStream:75 - [STDERR_REDIRECT] 
2024-08-06 15:33:05,626 [ERROR] LogOutputStream:75 - [STDERR_REDIRECT] Aug 06, 2024 3:33:05 PM java.util.prefs.FileSystemPreferences checkLockFile0ErrorCode
2024-08-06 15:33:05,627 [ERROR] LogOutputStream:75 - [STDERR_REDIRECT] WARNING: Could not lock System prefs. Unix error code 2.
2024-08-06 15:33:05,629 [ERROR] LogOutputStream:75 - [STDERR_REDIRECT] 
2024-08-06 15:33:05,631 [ERROR] LogOutputStream:75 - [STDERR_REDIRECT] Aug 06, 2024 3:33:05 PM java.util.prefs.FileSystemPreferences syncWorld
2024-08-06 15:33:05,633 [ERROR] LogOutputStream:75 - [STDERR_REDIRECT] WARNING: Couldn't flush system prefs: java.util.prefs.BackingStoreException: Couldn't get file lock.
2024-08-06 15:33:05,633 [ERROR] LogOutputStream:75 - [STDERR_REDIRECT] 
2024-08-06 15:33:35,626 [ERROR] LogOutputStream:75 - [STDERR_REDIRECT] Aug 06, 2024 3:33:35 PM java.util.prefs.FileSystemPreferences checkLockFile0ErrorCode
2024-08-06 15:33:35,626 [ERROR] LogOutputStream:75 - [STDERR_REDIRECT] WARNING: Could not lock System prefs. Unix error code 2.
2024-08-06 15:33:35,626 [ERROR] LogOutputStream:75 - [STDERR_REDIRECT] 
2024-08-06 15:33:35,627 [ERROR] LogOutputStream:75 - [STDERR_REDIRECT] Aug 06, 2024 3:33:35 PM java.util.prefs.FileSystemPreferences syncWorld
2024-08-06 15:33:35,627 [ERROR] LogOutputStream:75 - [STDERR_REDIRECT] WARNING: Couldn't flush system prefs: java.util.prefs.BackingStoreException: Couldn't get file lock.
2024-08-06 15:33:35,627 [ERROR] LogOutputStream:75 - [STDERR_REDIRECT] 
2024-08-06 15:34:05,627 [ERROR] LogOutputStream:75 - [STDERR_REDIRECT] Aug 06, 2024 3:34:05 PM java.util.prefs.FileSystemPreferences checkLockFile0ErrorCode
2024-08-06 15:34:05,627 [ERROR] LogOutputStream:75 - [STDERR_REDIRECT] WARNING: Could not lock System prefs. Unix error code 2.
2024-08-06 15:34:05,628 [ERROR] LogOutputStream:75 - [STDERR_REDIRECT] 
2024-08-06 15:34:05,629 [ERROR] LogOutputStream:75 - [STDERR_REDIRECT] Aug 06, 2024 3:34:05 PM java.util.prefs.FileSystemPreferences syncWorld
2024-08-06 15:34:05,630 [ERROR] LogOutputStream:75 - [STDERR_REDIRECT] WARNING: Couldn't flush system prefs: java.util.prefs.BackingStoreException: Couldn't get file lock.
2024-08-06 15:34:05,630 [ERROR] LogOutputStream:75 - [STDERR_REDIRECT] 
2024-08-06 15:34:35,626 [ERROR] LogOutputStream:75 - [STDERR_REDIRECT] Aug 06, 2024 3:34:35 PM java.util.prefs.FileSystemPreferences checkLockFile0ErrorCode
2024-08-06 15:34:35,626 [ERROR] LogOutputStream:75 - [STDERR_REDIRECT] WARNING: Could not lock System prefs. Unix error code 2.
2024-08-06 15:34:35,626 [ERROR] LogOutputStream:75 - [STDERR_REDIRECT] 
2024-08-06 15:34:35,627 [ERROR] LogOutputStream:75 - [STDERR_REDIRECT] Aug 06, 2024 3:34:35 PM java.util.prefs.FileSystemPreferences syncWorld
2024-08-06 15:34:35,627 [ERROR] LogOutputStream:75 - [STDERR_REDIRECT] WARNING: Couldn't flush system prefs: java.util.prefs.BackingStoreException: Couldn't get file lock.
2024-08-06 15:34:35,627 [ERROR] LogOutputStream:75 - [STDERR_REDIRECT] 
2024-08-06 15:35:05,626 [ERROR] LogOutputStream:75 - [STDERR_REDIRECT] Aug 06, 2024 3:35:05 PM java.util.prefs.FileSystemPreferences checkLockFile0ErrorCode
2024-08-06 15:35:05,627 [ERROR] LogOutputStream:75 - [STDERR_REDIRECT] WARNING: Could not lock System prefs. Unix error code 2.
2024-08-06 15:35:05,627 [ERROR] LogOutputStream:75 - [STDERR_REDIRECT] 
2024-08-06 15:35:05,629 [ERROR] LogOutputStream:75 - [STDERR_REDIRECT] Aug 06, 2024 3:35:05 PM java.util.prefs.FileSystemPreferences syncWorld
2024-08-06 15:35:05,629 [ERROR] LogOutputStream:75 - [STDERR_REDIRECT] WARNING: Couldn't flush system prefs: java.util.prefs.BackingStoreException: Couldn't get file lock.
2024-08-06 15:35:05,630 [ERROR] LogOutputStream:75 - [STDERR_REDIRECT] 
2024-08-06 15:35:35,627 [ERROR] LogOutputStream:75 - [STDERR_REDIRECT] Aug 06, 2024 3:35:35 PM java.util.prefs.FileSystemPreferences checkLockFile0ErrorCode
2024-08-06 15:35:35,627 [ERROR] LogOutputStream:75 - [STDERR_REDIRECT] WARNING: Could not lock System prefs. Unix error code 2.
2024-08-06 15:35:35,628 [ERROR] LogOutputStream:75 - [STDERR_REDIRECT] 
2024-08-06 15:35:35,629 [ERROR] LogOutputStream:75 - [STDERR_REDIRECT] Aug 06, 2024 3:35:35 PM java.util.prefs.FileSystemPreferences syncWorld
2024-08-06 15:35:35,630 [ERROR] LogOutputStream:75 - [STDERR_REDIRECT] WARNING: Couldn't flush system prefs: java.util.prefs.BackingStoreException: Couldn't get file lock.
2024-08-06 15:35:35,630 [ERROR] LogOutputStream:75 - [STDERR_REDIRECT] 
2024-08-06 15:36:05,627 [ERROR] LogOutputStream:75 - [STDERR_REDIRECT] Aug 06, 2024 3:36:05 PM java.util.prefs.FileSystemPreferences checkLockFile0ErrorCode
2024-08-06 15:36:05,628 [ERROR] LogOutputStream:75 - [STDERR_REDIRECT] WARNING: Could not lock System prefs. Unix error code 2.
2024-08-06 15:36:05,628 [ERROR] LogOutputStream:75 - [STDERR_REDIRECT] 
2024-08-06 15:36:05,630 [ERROR] LogOutputStream:75 - [STDERR_REDIRECT] Aug 06, 2024 3:36:05 PM java.util.prefs.FileSystemPreferences syncWorld
2024-08-06 15:36:05,630 [ERROR] LogOutputStream:75 - [STDERR_REDIRECT] WARNING: Couldn't flush system prefs: java.util.prefs.BackingStoreException: Couldn't get file lock.
2024-08-06 15:36:05,631 [ERROR] LogOutputStream:75 - [STDERR_REDIRECT] 
2024-08-06 15:36:35,629 [ERROR] LogOutputStream:75 - [STDERR_REDIRECT] Aug 06, 2024 3:36:35 PM java.util.prefs.FileSystemPreferences checkLockFile0ErrorCode
2024-08-06 15:36:35,630 [ERROR] LogOutputStream:75 - [STDERR_REDIRECT] WARNING: Could not lock System prefs. Unix error code 2.
2024-08-06 15:36:35,631 [ERROR] LogOutputStream:75 - [STDERR_REDIRECT] 
2024-08-06 15:36:35,632 [ERROR] LogOutputStream:75 - [STDERR_REDIRECT] Aug 06, 2024 3:36:35 PM java.util.prefs.FileSystemPreferences syncWorld
2024-08-06 15:36:35,633 [ERROR] LogOutputStream:75 - [STDERR_REDIRECT] WARNING: Couldn't flush system prefs: java.util.prefs.BackingStoreException: Couldn't get file lock.
2024-08-06 15:36:35,633 [ERROR] LogOutputStream:75 - [STDERR_REDIRECT] 
2024-08-06 15:37:05,627 [ERROR] LogOutputStream:75 - [STDERR_REDIRECT] Aug 06, 2024 3:37:05 PM java.util.prefs.FileSystemPreferences checkLockFile0ErrorCode
2024-08-06 15:37:05,628 [ERROR] LogOutputStream:75 - [STDERR_REDIRECT] WARNING: Could not lock System prefs. Unix error code 2.
2024-08-06 15:37:05,629 [ERROR] LogOutputStream:75 - [STDERR_REDIRECT] 
2024-08-06 15:37:05,630 [ERROR] LogOutputStream:75 - [STDERR_REDIRECT] Aug 06, 2024 3:37:05 PM java.util.prefs.FileSystemPreferences syncWorld
2024-08-06 15:37:05,631 [ERROR] LogOutputStream:75 - [STDERR_REDIRECT] WARNING: Couldn't flush system prefs: java.util.prefs.BackingStoreException: Couldn't get file lock.
2024-08-06 15:37:05,631 [ERROR] LogOutputStream:75 - [STDERR_REDIRECT] 
2024-08-06 15:37:35,627 [ERROR] LogOutputStream:75 - [STDERR_REDIRECT] Aug 06, 2024 3:37:35 PM java.util.prefs.FileSystemPreferences checkLockFile0ErrorCode
2024-08-06 15:37:35,628 [ERROR] LogOutputStream:75 - [STDERR_REDIRECT] WARNING: Could not lock System prefs. Unix error code 2.
2024-08-06 15:37:35,628 [ERROR] LogOutputStream:75 - [STDERR_REDIRECT] 
2024-08-06 15:37:35,631 [ERROR] LogOutputStream:75 - [STDERR_REDIRECT] Aug 06, 2024 3:37:35 PM java.util.prefs.FileSystemPreferences syncWorld
2024-08-06 15:37:35,632 [ERROR] LogOutputStream:75 - [STDERR_REDIRECT] WARNING: Couldn't flush system prefs: java.util.prefs.BackingStoreException: Couldn't get file lock.
2024-08-06 15:37:35,633 [ERROR] LogOutputStream:75 - [STDERR_REDIRECT] 
2024-08-06 15:38:05,628 [ERROR] LogOutputStream:75 - [STDERR_REDIRECT] Aug 06, 2024 3:38:05 PM java.util.prefs.FileSystemPreferences checkLockFile0ErrorCode
2024-08-06 15:38:05,629 [ERROR] LogOutputStream:75 - [STDERR_REDIRECT] WARNING: Could not lock System prefs. Unix error code 2.
2024-08-06 15:38:05,630 [ERROR] LogOutputStream:75 - [STDERR_REDIRECT] 
2024-08-06 15:38:05,631 [ERROR] LogOutputStream:75 - [STDERR_REDIRECT] Aug 06, 2024 3:38:05 PM java.util.prefs.FileSystemPreferences syncWorld
2024-08-06 15:38:05,633 [ERROR] LogOutputStream:75 - [STDERR_REDIRECT] WARNING: Couldn't flush system prefs: java.util.prefs.BackingStoreException: Couldn't get file lock.
2024-08-06 15:38:05,633 [ERROR] LogOutputStream:75 - [STDERR_REDIRECT] 
2024-08-06 15:38:35,627 [ERROR] LogOutputStream:75 - [STDERR_REDIRECT] Aug 06, 2024 3:38:35 PM java.util.prefs.FileSystemPreferences checkLockFile0ErrorCode
2024-08-06 15:38:35,627 [ERROR] LogOutputStream:75 - [STDERR_REDIRECT] WARNING: Could not lock System prefs. Unix error code 2.
2024-08-06 15:38:35,628 [ERROR] LogOutputStream:75 - [STDERR_REDIRECT] 
2024-08-06 15:38:35,628 [ERROR] LogOutputStream:75 - [STDERR_REDIRECT] Aug 06, 2024 3:38:35 PM java.util.prefs.FileSystemPreferences syncWorld
2024-08-06 15:38:35,628 [ERROR] LogOutputStream:75 - [STDERR_REDIRECT] WARNING: Couldn't flush system prefs: java.util.prefs.BackingStoreException: Couldn't get file lock.
2024-08-06 15:38:35,628 [ERROR] LogOutputStream:75 - [STDERR_REDIRECT] 
2024-08-06 15:39:05,627 [ERROR] LogOutputStream:75 - [STDERR_REDIRECT] Aug 06, 2024 3:39:05 PM java.util.prefs.FileSystemPreferences checkLockFile0ErrorCode
2024-08-06 15:39:05,628 [ERROR] LogOutputStream:75 - [STDERR_REDIRECT] WARNING: Could not lock System prefs. Unix error code 2.
2024-08-06 15:39:05,629 [ERROR] LogOutputStream:75 - [STDERR_REDIRECT] 
2024-08-06 15:39:05,630 [ERROR] LogOutputStream:75 - [STDERR_REDIRECT] Aug 06, 2024 3:39:05 PM java.util.prefs.FileSystemPreferences syncWorld
2024-08-06 15:39:05,631 [ERROR] LogOutputStream:75 - [STDERR_REDIRECT] WARNING: Couldn't flush system prefs: java.util.prefs.BackingStoreException: Couldn't get file lock.
2024-08-06 15:39:05,631 [ERROR] LogOutputStream:75 - [STDERR_REDIRECT] 
2024-08-06 15:39:35,629 [ERROR] LogOutputStream:75 - [STDERR_REDIRECT] Aug 06, 2024 3:39:35 PM java.util.prefs.FileSystemPreferences checkLockFile0ErrorCode
2024-08-06 15:39:35,630 [ERROR] LogOutputStream:75 - [STDERR_REDIRECT] WARNING: Could not lock System prefs. Unix error code 2.
2024-08-06 15:39:35,630 [ERROR] LogOutputStream:75 - [STDERR_REDIRECT] 
2024-08-06 15:39:35,631 [ERROR] LogOutputStream:75 - [STDERR_REDIRECT] Aug 06, 2024 3:39:35 PM java.util.prefs.FileSystemPreferences syncWorld
2024-08-06 15:39:35,632 [ERROR] LogOutputStream:75 - [STDERR_REDIRECT] WARNING: Couldn't flush system prefs: java.util.prefs.BackingStoreException: Couldn't get file lock.
2024-08-06 15:39:35,632 [ERROR] LogOutputStream:75 - [STDERR_REDIRECT] 
2024-08-06 15:40:05,628 [ERROR] LogOutputStream:75 - [STDERR_REDIRECT] Aug 06, 2024 3:40:05 PM java.util.prefs.FileSystemPreferences checkLockFile0ErrorCode
2024-08-06 15:40:05,629 [ERROR] LogOutputStream:75 - [STDERR_REDIRECT] WARNING: Could not lock System prefs. Unix error code 2.
2024-08-06 15:40:05,630 [ERROR] LogOutputStream:75 - [STDERR_REDIRECT] 
2024-08-06 15:40:05,631 [ERROR] LogOutputStream:75 - [STDERR_REDIRECT] Aug 06, 2024 3:40:05 PM java.util.prefs.FileSystemPreferences syncWorld
2024-08-06 15:40:05,632 [ERROR] LogOutputStream:75 - [STDERR_REDIRECT] WARNING: Couldn't flush system prefs: java.util.prefs.BackingStoreException: Couldn't get file lock.
2024-08-06 15:40:05,632 [ERROR] LogOutputStream:75 - [STDERR_REDIRECT] 
2024-08-06 15:40:35,628 [ERROR] LogOutputStream:75 - [STDERR_REDIRECT] Aug 06, 2024 3:40:35 PM java.util.prefs.FileSystemPreferences checkLockFile0ErrorCode
2024-08-06 15:40:35,629 [ERROR] LogOutputStream:75 - [STDERR_REDIRECT] WARNING: Could not lock System prefs. Unix error code 2.
2024-08-06 15:40:35,630 [ERROR] LogOutputStream:75 - [STDERR_REDIRECT] 
2024-08-06 15:40:35,631 [ERROR] LogOutputStream:75 - [STDERR_REDIRECT] Aug 06, 2024 3:40:35 PM java.util.prefs.FileSystemPreferences syncWorld
2024-08-06 15:40:35,632 [ERROR] LogOutputStream:75 - [STDERR_REDIRECT] WARNING: Couldn't flush system prefs: java.util.prefs.BackingStoreException: Couldn't get file lock.
2024-08-06 15:40:35,632 [ERROR] LogOutputStream:75 - [STDERR_REDIRECT] 
2024-08-06 15:41:05,630 [ERROR] LogOutputStream:75 - [STDERR_REDIRECT] Aug 06, 2024 3:41:05 PM java.util.prefs.FileSystemPreferences checkLockFile0ErrorCode
2024-08-06 15:41:05,632 [ERROR] LogOutputStream:75 - [STDERR_REDIRECT] WARNING: Could not lock System prefs. Unix error code 2.
2024-08-06 15:41:05,633 [ERROR] LogOutputStream:75 - [STDERR_REDIRECT] 
2024-08-06 15:41:05,634 [ERROR] LogOutputStream:75 - [STDERR_REDIRECT] Aug 06, 2024 3:41:05 PM java.util.prefs.FileSystemPreferences syncWorld
2024-08-06 15:41:05,635 [ERROR] LogOutputStream:75 - [STDERR_REDIRECT] WARNING: Couldn't flush system prefs: java.util.prefs.BackingStoreException: Couldn't get file lock.
2024-08-06 15:41:05,635 [ERROR] LogOutputStream:75 - [STDERR_REDIRECT] 
2024-08-06 15:41:35,630 [ERROR] LogOutputStream:75 - [STDERR_REDIRECT] Aug 06, 2024 3:41:35 PM java.util.prefs.FileSystemPreferences checkLockFile0ErrorCode
2024-08-06 15:41:35,631 [ERROR] LogOutputStream:75 - [STDERR_REDIRECT] WARNING: Could not lock System prefs. Unix error code 2.
2024-08-06 15:41:35,631 [ERROR] LogOutputStream:75 - [STDERR_REDIRECT] 
2024-08-06 15:41:35,631 [ERROR] LogOutputStream:75 - [STDERR_REDIRECT] Aug 06, 2024 3:41:35 PM java.util.prefs.FileSystemPreferences syncWorld
2024-08-06 15:41:35,632 [ERROR] LogOutputStream:75 - [STDERR_REDIRECT] WARNING: Couldn't flush system prefs: java.util.prefs.BackingStoreException: Couldn't get file lock.
2024-08-06 15:41:35,632 [ERROR] LogOutputStream:75 - [STDERR_REDIRECT] 
2024-08-06 15:42:05,628 [ERROR] LogOutputStream:75 - [STDERR_REDIRECT] Aug 06, 2024 3:42:05 PM java.util.prefs.FileSystemPreferences checkLockFile0ErrorCode
2024-08-06 15:42:05,629 [ERROR] LogOutputStream:75 - [STDERR_REDIRECT] WARNING: Could not lock System prefs. Unix error code 2.
2024-08-06 15:42:05,629 [ERROR] LogOutputStream:75 - [STDERR_REDIRECT] 
2024-08-06 15:42:05,629 [ERROR] LogOutputStream:75 - [STDERR_REDIRECT] Aug 06, 2024 3:42:05 PM java.util.prefs.FileSystemPreferences syncWorld
2024-08-06 15:42:05,630 [ERROR] LogOutputStream:75 - [STDERR_REDIRECT] WARNING: Couldn't flush system prefs: java.util.prefs.BackingStoreException: Couldn't get file lock.
2024-08-06 15:42:05,630 [ERROR] LogOutputStream:75 - [STDERR_REDIRECT] 
2024-08-06 15:42:35,629 [ERROR] LogOutputStream:75 - [STDERR_REDIRECT] Aug 06, 2024 3:42:35 PM java.util.prefs.FileSystemPreferences checkLockFile0ErrorCode
2024-08-06 15:42:35,630 [ERROR] LogOutputStream:75 - [STDERR_REDIRECT] WARNING: Could not lock System prefs. Unix error code 2.
2024-08-06 15:42:35,631 [ERROR] LogOutputStream:75 - [STDERR_REDIRECT] 
2024-08-06 15:42:35,632 [ERROR] LogOutputStream:75 - [STDERR_REDIRECT] Aug 06, 2024 3:42:35 PM java.util.prefs.FileSystemPreferences syncWorld
2024-08-06 15:42:35,632 [ERROR] LogOutputStream:75 - [STDERR_REDIRECT] WARNING: Couldn't flush system prefs: java.util.prefs.BackingStoreException: Couldn't get file lock.
2024-08-06 15:42:35,633 [ERROR] LogOutputStream:75 - [STDERR_REDIRECT] 
2024-08-06 15:43:05,629 [ERROR] LogOutputStream:75 - [STDERR_REDIRECT] Aug 06, 2024 3:43:05 PM java.util.prefs.FileSystemPreferences checkLockFile0ErrorCode
2024-08-06 15:43:05,630 [ERROR] LogOutputStream:75 - [STDERR_REDIRECT] WARNING: Could not lock System prefs. Unix error code 2.
2024-08-06 15:43:05,631 [ERROR] LogOutputStream:75 - [STDERR_REDIRECT] 
2024-08-06 15:43:05,632 [ERROR] LogOutputStream:75 - [STDERR_REDIRECT] Aug 06, 2024 3:43:05 PM java.util.prefs.FileSystemPreferences syncWorld
2024-08-06 15:43:05,632 [ERROR] LogOutputStream:75 - [STDERR_REDIRECT] WARNING: Couldn't flush system prefs: java.util.prefs.BackingStoreException: Couldn't get file lock.
2024-08-06 15:43:05,633 [ERROR] LogOutputStream:75 - [STDERR_REDIRECT] 
2024-08-06 15:43:35,628 [ERROR] LogOutputStream:75 - [STDERR_REDIRECT] Aug 06, 2024 3:43:35 PM java.util.prefs.FileSystemPreferences checkLockFile0ErrorCode
2024-08-06 15:43:35,628 [ERROR] LogOutputStream:75 - [STDERR_REDIRECT] WARNING: Could not lock System prefs. Unix error code 2.
2024-08-06 15:43:35,628 [ERROR] LogOutputStream:75 - [STDERR_REDIRECT] 
2024-08-06 15:43:35,629 [ERROR] LogOutputStream:75 - [STDERR_REDIRECT] Aug 06, 2024 3:43:35 PM java.util.prefs.FileSystemPreferences syncWorld
2024-08-06 15:43:35,629 [ERROR] LogOutputStream:75 - [STDERR_REDIRECT] WARNING: Couldn't flush system prefs: java.util.prefs.BackingStoreException: Couldn't get file lock.
2024-08-06 15:43:35,629 [ERROR] LogOutputStream:75 - [STDERR_REDIRECT] 
2024-08-06 15:44:05,632 [ERROR] LogOutputStream:75 - [STDERR_REDIRECT] Aug 06, 2024 3:44:05 PM java.util.prefs.FileSystemPreferences checkLockFile0ErrorCode
2024-08-06 15:44:05,633 [ERROR] LogOutputStream:75 - [STDERR_REDIRECT] WARNING: Could not lock System prefs. Unix error code 2.
2024-08-06 15:44:05,634 [ERROR] LogOutputStream:75 - [STDERR_REDIRECT] 
2024-08-06 15:44:05,636 [ERROR] LogOutputStream:75 - [STDERR_REDIRECT] Aug 06, 2024 3:44:05 PM java.util.prefs.FileSystemPreferences syncWorld
2024-08-06 15:44:05,636 [ERROR] LogOutputStream:75 - [STDERR_REDIRECT] WARNING: Couldn't flush system prefs: java.util.prefs.BackingStoreException: Couldn't get file lock.
2024-08-06 15:44:05,636 [ERROR] LogOutputStream:75 - [STDERR_REDIRECT] 
2024-08-06 15:44:35,631 [ERROR] LogOutputStream:75 - [STDERR_REDIRECT] Aug 06, 2024 3:44:35 PM java.util.prefs.FileSystemPreferences checkLockFile0ErrorCode
2024-08-06 15:44:35,631 [ERROR] LogOutputStream:75 - [STDERR_REDIRECT] WARNING: Could not lock System prefs. Unix error code 2.
2024-08-06 15:44:35,632 [ERROR] LogOutputStream:75 - [STDERR_REDIRECT] 
2024-08-06 15:44:35,632 [ERROR] LogOutputStream:75 - [STDERR_REDIRECT] Aug 06, 2024 3:44:35 PM java.util.prefs.FileSystemPreferences syncWorld
2024-08-06 15:44:35,632 [ERROR] LogOutputStream:75 - [STDERR_REDIRECT] WARNING: Couldn't flush system prefs: java.util.prefs.BackingStoreException: Couldn't get file lock.
2024-08-06 15:44:35,632 [ERROR] LogOutputStream:75 - [STDERR_REDIRECT] 
2024-08-06 15:45:05,628 [ERROR] LogOutputStream:75 - [STDERR_REDIRECT] Aug 06, 2024 3:45:05 PM java.util.prefs.FileSystemPreferences checkLockFile0ErrorCode
2024-08-06 15:45:05,628 [ERROR] LogOutputStream:75 - [STDERR_REDIRECT] WARNING: Could not lock System prefs. Unix error code 2.
2024-08-06 15:45:05,629 [ERROR] LogOutputStream:75 - [STDERR_REDIRECT] 
2024-08-06 15:45:05,629 [ERROR] LogOutputStream:75 - [STDERR_REDIRECT] Aug 06, 2024 3:45:05 PM java.util.prefs.FileSystemPreferences syncWorld
2024-08-06 15:45:05,629 [ERROR] LogOutputStream:75 - [STDERR_REDIRECT] WARNING: Couldn't flush system prefs: java.util.prefs.BackingStoreException: Couldn't get file lock.
2024-08-06 15:45:05,629 [ERROR] LogOutputStream:75 - [STDERR_REDIRECT] 
2024-08-06 15:45:35,646 [ERROR] LogOutputStream:75 - [STDERR_REDIRECT] Aug 06, 2024 3:45:35 PM java.util.prefs.FileSystemPreferences checkLockFile0ErrorCode
2024-08-06 15:45:35,646 [ERROR] LogOutputStream:75 - [STDERR_REDIRECT] WARNING: Could not lock System prefs. Unix error code 2.
2024-08-06 15:45:35,647 [ERROR] LogOutputStream:75 - [STDERR_REDIRECT] 
2024-08-06 15:45:35,647 [ERROR] LogOutputStream:75 - [STDERR_REDIRECT] Aug 06, 2024 3:45:35 PM java.util.prefs.FileSystemPreferences syncWorld
2024-08-06 15:45:35,648 [ERROR] LogOutputStream:75 - [STDERR_REDIRECT] WARNING: Couldn't flush system prefs: java.util.prefs.BackingStoreException: Couldn't get file lock.
2024-08-06 15:45:35,648 [ERROR] LogOutputStream:75 - [STDERR_REDIRECT] 
2024-08-06 15:46:05,630 [ERROR] LogOutputStream:75 - [STDERR_REDIRECT] Aug 06, 2024 3:46:05 PM java.util.prefs.FileSystemPreferences checkLockFile0ErrorCode
2024-08-06 15:46:05,631 [ERROR] LogOutputStream:75 - [STDERR_REDIRECT] WARNING: Could not lock System prefs. Unix error code 2.
2024-08-06 15:46:05,631 [ERROR] LogOutputStream:75 - [STDERR_REDIRECT] 
2024-08-06 15:46:05,632 [ERROR] LogOutputStream:75 - [STDERR_REDIRECT] Aug 06, 2024 3:46:05 PM java.util.prefs.FileSystemPreferences syncWorld
2024-08-06 15:46:05,633 [ERROR] LogOutputStream:75 - [STDERR_REDIRECT] WARNING: Couldn't flush system prefs: java.util.prefs.BackingStoreException: Couldn't get file lock.
2024-08-06 15:46:05,634 [ERROR] LogOutputStream:75 - [STDERR_REDIRECT] 
2024-08-06 15:46:35,628 [ERROR] LogOutputStream:75 - [STDERR_REDIRECT] Aug 06, 2024 3:46:35 PM java.util.prefs.FileSystemPreferences checkLockFile0ErrorCode
2024-08-06 15:46:35,628 [ERROR] LogOutputStream:75 - [STDERR_REDIRECT] WARNING: Could not lock System prefs. Unix error code 2.
2024-08-06 15:46:35,630 [ERROR] LogOutputStream:75 - [STDERR_REDIRECT] 
2024-08-06 15:46:35,630 [ERROR] LogOutputStream:75 - [STDERR_REDIRECT] Aug 06, 2024 3:46:35 PM java.util.prefs.FileSystemPreferences syncWorld
2024-08-06 15:46:35,631 [ERROR] LogOutputStream:75 - [STDERR_REDIRECT] WARNING: Couldn't flush system prefs: java.util.prefs.BackingStoreException: Couldn't get file lock.
2024-08-06 15:46:35,631 [ERROR] LogOutputStream:75 - [STDERR_REDIRECT] 
2024-08-06 15:46:59,811 [INFO] MainUpdater:2873 - connection check result : 10
2024-08-06 15:46:59,811 [INFO] MainUpdater:2873 - connection check result : 10
2024-08-06 15:47:01,846 [INFO] MicroXplorer:468 - Change Database Path : 
2024-08-06 15:47:01,847 [INFO] MicroXplorer:498 - Change Database Version : DB.6.0.120
2024-08-06 15:47:01,860 [ERROR] ProjectManagerView:394 - 
java.lang.NullPointerException: Cannot invoke "javax.swing.JTextField.getText()" because the return value of "java.util.List.get(int)" is null
	at com.st.microxplorer.plugins.projectmanager.gui.ProjectChoiceTab$10.caretUpdate(ProjectChoiceTab.java:2622) ~[filemanager.jar:?]
	at javax.swing.text.JTextComponent.fireCaretUpdate(JTextComponent.java:412) ~[?:?]
	at javax.swing.text.JTextComponent$MutableCaretEvent.fire(JTextComponent.java:4491) ~[?:?]
	at javax.swing.text.JTextComponent$MutableCaretEvent.stateChanged(JTextComponent.java:4513) ~[?:?]
	at javax.swing.text.DefaultCaret.fireStateChanged(DefaultCaret.java:842) ~[?:?]
	at javax.swing.text.DefaultCaret.changeCaretPosition(DefaultCaret.java:1313) ~[?:?]
	at javax.swing.text.DefaultCaret.handleSetDot(DefaultCaret.java:1212) ~[?:?]
	at javax.swing.text.DefaultCaret.setDot(DefaultCaret.java:1193) ~[?:?]
	at javax.swing.text.DefaultCaret$Handler.insertUpdate(DefaultCaret.java:1789) ~[?:?]
	at javax.swing.text.AbstractDocument.fireInsertUpdate(AbstractDocument.java:226) ~[?:?]
	at javax.swing.text.AbstractDocument.handleInsertString(AbstractDocument.java:780) ~[?:?]
	at javax.swing.text.AbstractDocument.insertString(AbstractDocument.java:739) ~[?:?]
	at javax.swing.text.PlainDocument.insertString(PlainDocument.java:131) ~[?:?]
	at javax.swing.text.AbstractDocument.replace(AbstractDocument.java:698) ~[?:?]
	at javax.swing.text.JTextComponent.setText(JTextComponent.java:1729) ~[?:?]
	at com.st.microxplorer.plugins.projectmanager.gui.ProjectChoiceTab.createHeapStackFields(ProjectChoiceTab.java:972) ~[filemanager.jar:?]
	at com.st.microxplorer.plugins.projectmanager.gui.ProjectChoiceTab.buildLinkSettingsPanel(ProjectChoiceTab.java:3597) ~[filemanager.jar:?]
	at com.st.microxplorer.plugins.projectmanager.gui.ProjectChoiceTab.defineWindowsFields(ProjectChoiceTab.java:1940) ~[filemanager.jar:?]
	at com.st.microxplorer.plugins.projectmanager.gui.ProjectChoiceTab.updateSettings(ProjectChoiceTab.java:550) ~[filemanager.jar:?]
	at com.st.microxplorer.plugins.projectmanager.gui.ProjectSettingsPanel.UpdateDialog(ProjectSettingsPanel.java:245) ~[filemanager.jar:?]
	at com.st.microxplorer.plugins.projectmanager.ProjectManagerView.propertyChange(ProjectManagerView.java:391) ~[filemanager.jar:?]
	at java.beans.PropertyChangeSupport.fire(PropertyChangeSupport.java:343) ~[?:?]
	at java.beans.PropertyChangeSupport.firePropertyChange(PropertyChangeSupport.java:335) ~[?:?]
	at java.beans.PropertyChangeSupport.firePropertyChange(PropertyChangeSupport.java:268) ~[?:?]
	at com.st.microxplorer.util.MXPropertyChangeSupport.firePropertyChange(MXPropertyChangeSupport.java:54) ~[STM32CubeMX.jar:?]
	at com.st.microxplorer.mxsystem.MxSystem.closeConfig(MxSystem.java:900) ~[STM32CubeMX.jar:?]
	at com.st.microxplorer.maingui.MainPanel.closeConfig(MainPanel.java:781) ~[STM32CubeMX.jar:?]
	at com.st.microxplorer.plugins.filemanager.engine.OpenFileManager.loadConfigurationFile(OpenFileManager.java:265) ~[filemanager.jar:?]
	at com.st.microxplorer.plugins.filemanager.engine.MainFileManager.userLoadConfig(MainFileManager.java:352) ~[filemanager.jar:?]
	at com.st.microxplorer.plugins.filemanager.engine.MainFileManager.userLoadConfig(MainFileManager.java:330) ~[filemanager.jar:?]
	at com.st.microxplorer.plugins.filemanager.FileManagerView.getSpecificTask(FileManagerView.java:246) ~[filemanager.jar:?]
	at com.st.stm32cube.common.mx.editor.CubeMxEditor.getMxTabbedPaneInstance(CubeMxEditor.java:1198) ~[com.st.stm32cube.common.mx_6.12.0.202406281431/:?]
	at com.st.stm32cube.common.mx.editor.CubeMxEditor$12$1.createSwingComponent(CubeMxEditor.java:1068) ~[com.st.stm32cube.common.mx_6.12.0.202406281431/:?]
	at com.st.stm32cube.common.mx.oss.core.awtswtbridge.EmbeddedSwingComposite.doComponentCreation(EmbeddedSwingComposite.java:492) ~[com.st.stm32cube.common.mx.oss_6.12.0.202406281431/:?]
	at com.st.stm32cube.common.mx.oss.core.awtswtbridge.EmbeddedSwingComposite$4.run(EmbeddedSwingComposite.java:291) ~[com.st.stm32cube.common.mx.oss_6.12.0.202406281431/:?]
	at com.st.stm32cube.common.mx.oss.core.awtswtbridge.AwtEnvironment$2.run(AwtEnvironment.java:166) ~[com.st.stm32cube.common.mx.oss_6.12.0.202406281431/:?]
	at java.awt.event.InvocationEvent.dispatch(InvocationEvent.java:318) ~[?:?]
	at java.awt.EventQueue.dispatchEventImpl(EventQueue.java:773) ~[?:?]
	at java.awt.EventQueue$4.run(EventQueue.java:720) ~[?:?]
	at java.awt.EventQueue$4.run(EventQueue.java:714) ~[?:?]
	at java.security.AccessController.doPrivileged(AccessController.java:399) ~[?:?]
	at java.security.ProtectionDomain$JavaSecurityAccessImpl.doIntersectionPrivilege(ProtectionDomain.java:86) ~[?:?]
	at java.awt.EventQueue.dispatchEvent(EventQueue.java:742) ~[?:?]
	at java.awt.EventDispatchThread.pumpOneEventForFilters(EventDispatchThread.java:203) ~[?:?]
	at java.awt.EventDispatchThread.pumpEventsForFilter(EventDispatchThread.java:124) ~[?:?]
	at java.awt.EventDispatchThread.pumpEventsForHierarchy(EventDispatchThread.java:113) ~[?:?]
	at java.awt.EventDispatchThread.pumpEvents(EventDispatchThread.java:109) ~[?:?]
	at java.awt.EventDispatchThread.pumpEvents(EventDispatchThread.java:101) ~[?:?]
	at java.awt.EventDispatchThread.run(EventDispatchThread.java:90) ~[?:?]
2024-08-06 15:47:01,867 [WARN] ThirdParty:871 - waiting for thirdparty lock release [close project]
2024-08-06 15:47:01,867 [INFO] ThirdParty:873 - entering critical section [close project]
2024-08-06 15:47:01,867 [INFO] ThirdParty:883 - exiting critical section [close project]
2024-08-06 15:47:01,868 [INFO] PinOutPanel:1561 - setPackage(No Configuration,No Configuration)
2024-08-06 15:47:01,932 [WARN] IpParametersView:151 - Warning: This peripheral hasn't parameters
2024-08-06 15:47:01,988 [WARN] MainPanel:284 - <html><b><center>Warning: This peripheral has no parameters to be configured<br></b></html>
2024-08-06 15:47:02,004 [INFO] UtilMem:75 - Begin LoadConfig() Used Memory: 495922688 Bytes (849346560)
2024-08-06 15:47:02,011 [INFO] MicroXplorer:468 - Change Database Path : /home/leandro/.stm32cubemx/databases/DB.6.0.92/db/
2024-08-06 15:47:02,012 [INFO] MicroXplorer:498 - Change Database Version : DB.6.0.92
2024-08-06 15:47:05,630 [ERROR] LogOutputStream:75 - [STDERR_REDIRECT] Aug 06, 2024 3:47:05 PM java.util.prefs.FileSystemPreferences checkLockFile0ErrorCode
2024-08-06 15:47:05,630 [ERROR] LogOutputStream:75 - [STDERR_REDIRECT] WARNING: Could not lock System prefs. Unix error code 2.
2024-08-06 15:47:05,631 [ERROR] LogOutputStream:75 - [STDERR_REDIRECT] 
2024-08-06 15:47:05,631 [ERROR] LogOutputStream:75 - [STDERR_REDIRECT] Aug 06, 2024 3:47:05 PM java.util.prefs.FileSystemPreferences syncWorld
2024-08-06 15:47:05,631 [ERROR] LogOutputStream:75 - [STDERR_REDIRECT] WARNING: Couldn't flush system prefs: java.util.prefs.BackingStoreException: Couldn't get file lock.
2024-08-06 15:47:05,631 [ERROR] LogOutputStream:75 - [STDERR_REDIRECT] 
2024-08-06 15:47:07,234 [INFO] OpenFileManager:332 - Change cursor
2024-08-06 15:47:07,260 [INFO] Mcu:2032 - Initializing MCU STM32F407V(E-G)Tx STM32F407VETx STM32F407VET6
2024-08-06 15:47:09,897 [INFO] Context:742 - Trying to add GPIOservice into a context  which must be forbidden
2024-08-06 15:47:10,662 [WARN] ModelIntegratedComponent:63 - No mode defined for component null
2024-08-06 15:47:10,663 [WARN] ModelIntegratedComponent:63 - No mode defined for component null
2024-08-06 15:47:10,663 [WARN] ModelIntegratedComponent:63 - No mode defined for component null
2024-08-06 15:47:10,663 [WARN] ModelIntegratedComponent:63 - No mode defined for component null
2024-08-06 15:47:10,663 [WARN] ModelIntegratedComponent:63 - No mode defined for component null
2024-08-06 15:47:10,663 [WARN] ModelIntegratedComponent:63 - No mode defined for component null
2024-08-06 15:47:10,664 [WARN] ModelIntegratedComponent:63 - No mode defined for component null
2024-08-06 15:47:10,664 [WARN] ModelIntegratedComponent:63 - No mode defined for component null
2024-08-06 15:47:10,664 [WARN] ModelIntegratedComponent:63 - No mode defined for component null
2024-08-06 15:47:10,664 [WARN] ModelIntegratedComponent:63 - No mode defined for component null
2024-08-06 15:47:10,664 [WARN] ModelIntegratedComponent:63 - No mode defined for component null
2024-08-06 15:47:10,664 [WARN] ModelIntegratedComponent:63 - No mode defined for component null
2024-08-06 15:47:10,664 [WARN] ModelIntegratedComponent:63 - No mode defined for component null
2024-08-06 15:47:10,664 [WARN] ModelIntegratedComponent:63 - No mode defined for component null
2024-08-06 15:47:10,664 [WARN] ModelIntegratedComponent:63 - No mode defined for component null
2024-08-06 15:47:10,664 [WARN] ModelIntegratedComponent:63 - No mode defined for component null
2024-08-06 15:47:10,664 [WARN] ModelIntegratedComponent:63 - No mode defined for component null
2024-08-06 15:47:10,665 [WARN] ModelIntegratedComponent:63 - No mode defined for component null
2024-08-06 15:47:10,665 [WARN] ModelIntegratedComponent:63 - No mode defined for component null
2024-08-06 15:47:10,665 [WARN] ModelIntegratedComponent:63 - No mode defined for component null
2024-08-06 15:47:10,665 [WARN] ModelIntegratedComponent:63 - No mode defined for component null
2024-08-06 15:47:10,665 [WARN] ModelIntegratedComponent:63 - No mode defined for component null
2024-08-06 15:47:10,665 [WARN] ModelIntegratedComponent:63 - No mode defined for component null
2024-08-06 15:47:10,665 [WARN] ModelIntegratedComponent:63 - No mode defined for component null
2024-08-06 15:47:10,665 [WARN] ModelIntegratedComponent:63 - No mode defined for component null
2024-08-06 15:47:10,665 [WARN] ModelIntegratedComponent:63 - No mode defined for component null
2024-08-06 15:47:10,665 [WARN] ModelIntegratedComponent:63 - No mode defined for component null
2024-08-06 15:47:10,665 [WARN] ModelIntegratedComponent:63 - No mode defined for component null
2024-08-06 15:47:10,666 [WARN] ModelIntegratedComponent:63 - No mode defined for component null
2024-08-06 15:47:10,666 [WARN] ModelIntegratedComponent:63 - No mode defined for component null
2024-08-06 15:47:10,666 [WARN] ModelIntegratedComponent:63 - No mode defined for component null
2024-08-06 15:47:10,666 [WARN] ModelIntegratedComponent:63 - No mode defined for component null
2024-08-06 15:47:10,666 [WARN] ModelIntegratedComponent:63 - No mode defined for component null
2024-08-06 15:47:10,666 [WARN] ModelIntegratedComponent:63 - No mode defined for component null
2024-08-06 15:47:10,666 [WARN] ModelIntegratedComponent:63 - No mode defined for component null
2024-08-06 15:47:10,667 [WARN] ModelPack:524 - Component already loaded: STMicroelectronics:HAL Drivers:0.0.0:STMicroelectronics:Device:STMicro_Driver:XSPI:HAL::0.0.1:HAL_XSPI
2024-08-06 15:47:10,794 [INFO] RtosManager:555 - Registered RTOS mode: class=CMSIS, group=RTOS, mode=CMSIS_V1, owner=FREERTOS
2024-08-06 15:47:10,795 [INFO] RtosManager:555 - Registered RTOS mode: class=CMSIS, group=RTOS2, mode=CMSIS_V2, owner=FREERTOS
2024-08-06 15:47:10,795 [INFO] RtosManager:555 - Registered RTOS mode: class=RTOS, group=Core, mode=CMSIS_V1, owner=FREERTOS
2024-08-06 15:47:10,795 [INFO] RtosManager:555 - Registered RTOS mode: class=RTOS, group=Core, mode=CMSIS_V2, owner=FREERTOS
2024-08-06 15:47:10,795 [WARN] ModelIntegratedComponent:184 - Missing modes for component STMicroelectronics:FreeRTOS:0.0.1:STMicroelectronics:RTOS:FreeRTOS:Core:::10.2.0:
2024-08-06 15:47:10,811 [INFO] ThirdPartyModel:298 - Start build external matchings
2024-08-06 15:47:10,992 [INFO] ThirdPartyModel:316 - End build external matchings
2024-08-06 15:47:11,011 [INFO] ImportTextPane:205 - (OptionalMessage_ERROR) IP (RCC) : Parameter (RTCHSEDivFreq_Value) has invalid value (12500000)
2024-08-06 15:47:11,414 [INFO] UtilMem:75 - End LoadConfig() Used Memory: 486730912 Bytes (849346560)
2024-08-06 15:47:11,435 [WARN] ThirdParty:833 - waiting for thirdparty lock release [change project]
2024-08-06 15:47:11,436 [INFO] ThirdParty:835 - entering critical section [change project]
2024-08-06 15:47:11,436 [INFO] ThirdParty:1030 - CMSIS Pack Vendor :STMicroelectronics USBPD 4.1
2024-08-06 15:47:11,436 [INFO] ThirdParty:1030 - CMSIS Pack Vendor :STMicroelectronics X-CUBE-DISPLAY 3.0.0
2024-08-06 15:47:11,436 [INFO] ThirdParty:1030 - CMSIS Pack Vendor :STMicroelectronics X-CUBE-GNSS1 6.0.0
2024-08-06 15:47:11,436 [INFO] ThirdParty:1030 - CMSIS Pack Vendor :STMicroelectronics USB_HOST 2.0.0
2024-08-06 15:47:11,436 [INFO] ThirdParty:1030 - CMSIS Pack Vendor :STMicroelectronics FP-SNS-MOTENVWB1 1.4.0
2024-08-06 15:47:11,436 [INFO] ThirdParty:1030 - CMSIS Pack Vendor :STMicroelectronics LIBJPEG 8.0.0
2024-08-06 15:47:11,436 [INFO] ThirdParty:1030 - CMSIS Pack Vendor :STMicroelectronics X-CUBE-BLE1 7.0.0
2024-08-06 15:47:11,436 [INFO] ThirdParty:1030 - CMSIS Pack Vendor :STMicroelectronics FP-ATR-SIGFOX1 3.2.0
2024-08-06 15:47:11,436 [INFO] ThirdParty:1030 - CMSIS Pack Vendor :STMicroelectronics X-CUBE-SMBUS 2.1.0
2024-08-06 15:47:11,436 [INFO] ThirdParty:1030 - CMSIS Pack Vendor :STMicroelectronics X-CUBE-ISPU 2.0.0
2024-08-06 15:47:11,436 [INFO] ThirdParty:1030 - CMSIS Pack Vendor :STMicroelectronics USB_DEVICE 3.0.0
2024-08-06 15:47:11,436 [INFO] ThirdParty:1030 - CMSIS Pack Vendor :STMicroelectronics X-CUBE-EEPRMA1 5.1.0
2024-08-06 15:47:11,436 [INFO] ThirdParty:1030 - CMSIS Pack Vendor :STMicroelectronics HAL Drivers 0.0.0
2024-08-06 15:47:11,436 [INFO] ThirdParty:1030 - CMSIS Pack Vendor :STMicroelectronics MBEDTLS 2.16.2
2024-08-06 15:47:11,437 [INFO] ThirdParty:1030 - CMSIS Pack Vendor :STMicroelectronics X-CUBE-FREERTOS 1.2.0
2024-08-06 15:47:11,437 [INFO] ThirdParty:1030 - CMSIS Pack Vendor :STMicroelectronics X-CUBE-ALS 1.0.2
2024-08-06 15:47:11,437 [INFO] ThirdParty:1030 - CMSIS Pack Vendor :STMicroelectronics X-CUBE-MEMS1 10.0.0
2024-08-06 15:47:11,437 [INFO] ThirdParty:1030 - CMSIS Pack Vendor :STMicroelectronics X-CUBE-NFC7 1.0.1
2024-08-06 15:47:11,437 [INFO] ThirdParty:1030 - CMSIS Pack Vendor :STMicroelectronics MBEDTLS 2.14.1
2024-08-06 15:47:11,437 [INFO] ThirdParty:1030 - CMSIS Pack Vendor :STMicroelectronics USB_DEVICE 2.0.0
2024-08-06 15:47:11,437 [INFO] ThirdParty:1030 - CMSIS Pack Vendor :STMicroelectronics X-CUBE-NFC6 3.1.0
2024-08-06 15:47:11,437 [INFO] ThirdParty:1030 - CMSIS Pack Vendor :STMicroelectronics X-CUBE-BLEMGR 3.1.0
2024-08-06 15:47:11,437 [INFO] ThirdParty:1030 - CMSIS Pack Vendor :STMicroelectronics ThreadX 1.0.0
2024-08-06 15:47:11,437 [INFO] ThirdParty:1030 - CMSIS Pack Vendor :STMicroelectronics FP-SNS-SMARTAG2 1.2.0
2024-08-06 15:47:11,437 [INFO] ThirdParty:1030 - CMSIS Pack Vendor :STMicroelectronics FreeRTOS 0.0.1
2024-08-06 15:47:11,437 [INFO] ThirdParty:1030 - CMSIS Pack Vendor :STMicroelectronics FP-SNS-MOTENV1 5.0.0
2024-08-06 15:47:11,437 [INFO] ThirdParty:1030 - CMSIS Pack Vendor :STMicroelectronics USB_DEVICE 1.0.0
2024-08-06 15:47:11,437 [INFO] ThirdParty:1030 - CMSIS Pack Vendor :STMicroelectronics X-CUBE-SAFEA1 1.2.2
2024-08-06 15:47:11,438 [INFO] ThirdParty:1030 - CMSIS Pack Vendor :STMicroelectronics X-CUBE-NFC4 3.0.0
2024-08-06 15:47:11,438 [INFO] ThirdParty:1030 - CMSIS Pack Vendor :STMicroelectronics X-CUBE-SUBG2 5.0.0
2024-08-06 15:47:11,438 [INFO] ThirdParty:1030 - CMSIS Pack Vendor :STMicroelectronics STM32_WPAN 1.0.0
2024-08-06 15:47:11,438 [INFO] ThirdParty:1030 - CMSIS Pack Vendor :STMicroelectronics ThreadX 0.0.2
2024-08-06 15:47:11,438 [INFO] ThirdParty:1030 - CMSIS Pack Vendor :STMicroelectronics FP-ATR-ASTRA1 2.0.0
2024-08-06 15:47:11,438 [INFO] ThirdParty:1030 - CMSIS Pack Vendor :STMicroelectronics lwIP 2.1.2
2024-08-06 15:47:11,438 [INFO] ThirdParty:1030 - CMSIS Pack Vendor :STMicroelectronics lwIP 2.0.3
2024-08-06 15:47:11,438 [INFO] ThirdParty:1030 - CMSIS Pack Vendor :STMicroelectronics X-CUBE-SFXS2LP1 4.0.0
2024-08-06 15:47:11,438 [INFO] ThirdParty:1030 - CMSIS Pack Vendor :STMicroelectronics FP-SNS-FLIGHT1 5.0.2
2024-08-06 15:47:11,438 [INFO] ThirdParty:1030 - CMSIS Pack Vendor :STMicroelectronics X-CUBE-BLE2 3.3.0
2024-08-06 15:47:11,438 [INFO] ThirdParty:1030 - CMSIS Pack Vendor :STMicroelectronics USB_HOST 1.0.0
2024-08-06 15:47:11,438 [INFO] ThirdParty:1030 - CMSIS Pack Vendor :STMicroelectronics X-CUBE-AI 9.0.0
2024-08-06 15:47:11,438 [INFO] ThirdParty:1030 - CMSIS Pack Vendor :STMicroelectronics PDM2PCM 3.1.0
2024-08-06 15:47:11,438 [INFO] ThirdParty:1030 - CMSIS Pack Vendor :STMicroelectronics PDM2PCM 3.2.0
2024-08-06 15:47:11,439 [INFO] ThirdParty:1030 - CMSIS Pack Vendor :STMicroelectronics PDM2PCM 3.3.0
2024-08-06 15:47:11,439 [INFO] ThirdParty:841 - exiting critical section [change project]
2024-08-06 15:47:12,420 [INFO] PinOutPanel:1561 - setPackage(No Configuration,No Configuration)
2024-08-06 15:47:12,421 [INFO] PinOutPanel:1561 - setPackage(STM32F407VETx,LQFP100)
2024-08-06 15:47:12,798 [INFO] UtilMem:75 - Before build in PCC Used Memory: 287063040 Bytes (849346560)
2024-08-06 15:47:13,408 [INFO] UtilMem:75 - After build in PCC Used Memory: 322714624 Bytes (849346560)
2024-08-06 15:47:13,461 [INFO] IPUIPlugin:80 - create IPUIPlugin
2024-08-06 15:47:13,462 [INFO] IPUIPlugin:80 - create IPUIPlugin
2024-08-06 15:47:13,463 [INFO] IPUIPlugin:80 - create IPUIPlugin
2024-08-06 15:47:13,463 [INFO] IPUIPlugin:80 - create IPUIPlugin
2024-08-06 15:47:13,463 [INFO] IPUIPlugin:80 - create IPUIPlugin
2024-08-06 15:47:13,463 [INFO] IPUIPlugin:80 - create IPUIPlugin
2024-08-06 15:47:13,464 [INFO] IPUIPlugin:80 - create IPUIPlugin
2024-08-06 15:47:13,464 [INFO] IPUIPlugin:80 - create IPUIPlugin
2024-08-06 15:47:13,464 [INFO] IPUIPlugin:80 - create IPUIPlugin
2024-08-06 15:47:13,464 [INFO] IPUIPlugin:80 - create IPUIPlugin
2024-08-06 15:47:13,465 [INFO] IPUIPlugin:80 - create IPUIPlugin
2024-08-06 15:47:13,465 [INFO] IPUIPlugin:80 - create IPUIPlugin
2024-08-06 15:47:13,465 [INFO] IPUIPlugin:80 - create IPUIPlugin
2024-08-06 15:47:13,465 [INFO] IPUIPlugin:80 - create IPUIPlugin
2024-08-06 15:47:13,466 [INFO] IPUIPlugin:80 - create IPUIPlugin
2024-08-06 15:47:13,466 [INFO] IPUIPlugin:80 - create IPUIPlugin
2024-08-06 15:47:13,466 [INFO] IPUIPlugin:80 - create IPUIPlugin
2024-08-06 15:47:13,469 [INFO] IPUIPlugin:80 - create IPUIPlugin
2024-08-06 15:47:13,469 [INFO] IPUIPlugin:80 - create IPUIPlugin
2024-08-06 15:47:13,470 [INFO] IPUIPlugin:80 - create IPUIPlugin
2024-08-06 15:47:13,470 [INFO] IPUIPlugin:80 - create IPUIPlugin
2024-08-06 15:47:13,471 [INFO] IPUIPlugin:80 - create IPUIPlugin
2024-08-06 15:47:13,471 [INFO] IPUIPlugin:80 - create IPUIPlugin
2024-08-06 15:47:13,471 [INFO] IPUIPlugin:80 - create IPUIPlugin
2024-08-06 15:47:13,471 [INFO] IPUIPlugin:80 - create IPUIPlugin
2024-08-06 15:47:13,472 [INFO] IPUIPlugin:80 - create IPUIPlugin
2024-08-06 15:47:13,472 [INFO] IPUIPlugin:80 - create IPUIPlugin
2024-08-06 15:47:13,473 [INFO] IPUIPlugin:80 - create IPUIPlugin
2024-08-06 15:47:13,473 [INFO] IPUIPlugin:80 - create IPUIPlugin
2024-08-06 15:47:13,474 [INFO] IPUIPlugin:80 - create IPUIPlugin
2024-08-06 15:47:13,475 [INFO] IPUIPlugin:80 - create IPUIPlugin
2024-08-06 15:47:13,476 [INFO] IPUIPlugin:80 - create IPUIPlugin
2024-08-06 15:47:13,477 [INFO] IPUIPlugin:80 - create IPUIPlugin
2024-08-06 15:47:13,477 [INFO] IPUIPlugin:80 - create IPUIPlugin
2024-08-06 15:47:13,478 [INFO] IPUIPlugin:80 - create IPUIPlugin
2024-08-06 15:47:13,478 [INFO] IPUIPlugin:80 - create IPUIPlugin
2024-08-06 15:47:13,478 [INFO] IPUIPlugin:80 - create IPUIPlugin
2024-08-06 15:47:13,478 [INFO] IPUIPlugin:80 - create IPUIPlugin
2024-08-06 15:47:13,478 [INFO] IPUIPlugin:80 - create IPUIPlugin
2024-08-06 15:47:13,478 [INFO] IPUIPlugin:80 - create IPUIPlugin
2024-08-06 15:47:13,478 [INFO] IPUIPlugin:80 - create IPUIPlugin
2024-08-06 15:47:13,478 [INFO] IPUIPlugin:80 - create IPUIPlugin
2024-08-06 15:47:13,478 [INFO] IPUIPlugin:80 - create IPUIPlugin
2024-08-06 15:47:13,478 [INFO] IPUIPlugin:80 - create IPUIPlugin
2024-08-06 15:47:13,479 [INFO] IPUIPlugin:80 - create IPUIPlugin
2024-08-06 15:47:13,479 [INFO] IPUIPlugin:80 - create IPUIPlugin
2024-08-06 15:47:13,479 [INFO] IPUIPlugin:80 - create IPUIPlugin
2024-08-06 15:47:13,479 [INFO] IPUIPlugin:80 - create IPUIPlugin
2024-08-06 15:47:13,480 [INFO] IPUIPlugin:80 - create IPUIPlugin
2024-08-06 15:47:13,480 [INFO] IPUIPlugin:80 - create IPUIPlugin
2024-08-06 15:47:13,480 [INFO] IPUIPlugin:80 - create IPUIPlugin
2024-08-06 15:47:13,481 [INFO] IPUIPlugin:80 - create IPUIPlugin
2024-08-06 15:47:13,481 [INFO] IPUIPlugin:80 - create IPUIPlugin
2024-08-06 15:47:13,482 [INFO] IPUIPlugin:80 - create IPUIPlugin
2024-08-06 15:47:13,483 [INFO] IPUIPlugin:80 - create IPUIPlugin
2024-08-06 15:47:13,484 [INFO] IPUIPlugin:80 - create IPUIPlugin
2024-08-06 15:47:13,485 [INFO] IPUIPlugin:80 - create IPUIPlugin
2024-08-06 15:47:13,486 [INFO] IPUIPlugin:80 - create IPUIPlugin
2024-08-06 15:47:13,494 [INFO] ApiDbMcu:508 - Load IP Config File for PDM2PCM
2024-08-06 15:47:13,608 [INFO] CADModel:165 - CPN selected for project levelSTM32F407VET6
2024-08-06 15:47:13,608 [INFO] CADModel:114 - Register for checkConnection events
2024-08-06 15:47:13,649 [INFO] OpenFileManager:363 - Restore cursor
2024-08-06 15:47:35,646 [ERROR] LogOutputStream:75 - [STDERR_REDIRECT] Aug 06, 2024 3:47:35 PM java.util.prefs.FileSystemPreferences checkLockFile0ErrorCode
2024-08-06 15:47:35,647 [ERROR] LogOutputStream:75 - [STDERR_REDIRECT] WARNING: Could not lock System prefs. Unix error code 2.
2024-08-06 15:47:35,647 [ERROR] LogOutputStream:75 - [STDERR_REDIRECT] 
2024-08-06 15:47:35,648 [ERROR] LogOutputStream:75 - [STDERR_REDIRECT] Aug 06, 2024 3:47:35 PM java.util.prefs.FileSystemPreferences syncWorld
2024-08-06 15:47:35,653 [ERROR] LogOutputStream:75 - [STDERR_REDIRECT] WARNING: Couldn't flush system prefs: java.util.prefs.BackingStoreException: Couldn't get file lock.
2024-08-06 15:47:35,656 [ERROR] LogOutputStream:75 - [STDERR_REDIRECT] 
2024-08-06 15:48:05,632 [ERROR] LogOutputStream:75 - [STDERR_REDIRECT] Aug 06, 2024 3:48:05 PM java.util.prefs.FileSystemPreferences checkLockFile0ErrorCode
2024-08-06 15:48:05,632 [ERROR] LogOutputStream:75 - [STDERR_REDIRECT] WARNING: Could not lock System prefs. Unix error code 2.
2024-08-06 15:48:05,633 [ERROR] LogOutputStream:75 - [STDERR_REDIRECT] 
2024-08-06 15:48:05,634 [ERROR] LogOutputStream:75 - [STDERR_REDIRECT] Aug 06, 2024 3:48:05 PM java.util.prefs.FileSystemPreferences syncWorld
2024-08-06 15:48:05,635 [ERROR] LogOutputStream:75 - [STDERR_REDIRECT] WARNING: Couldn't flush system prefs: java.util.prefs.BackingStoreException: Couldn't get file lock.
2024-08-06 15:48:05,635 [ERROR] LogOutputStream:75 - [STDERR_REDIRECT] 
2024-08-06 15:48:35,628 [ERROR] LogOutputStream:75 - [STDERR_REDIRECT] Aug 06, 2024 3:48:35 PM java.util.prefs.FileSystemPreferences checkLockFile0ErrorCode
2024-08-06 15:48:35,629 [ERROR] LogOutputStream:75 - [STDERR_REDIRECT] WARNING: Could not lock System prefs. Unix error code 2.
2024-08-06 15:48:35,629 [ERROR] LogOutputStream:75 - [STDERR_REDIRECT] 
2024-08-06 15:48:35,629 [ERROR] LogOutputStream:75 - [STDERR_REDIRECT] Aug 06, 2024 3:48:35 PM java.util.prefs.FileSystemPreferences syncWorld
2024-08-06 15:48:35,629 [ERROR] LogOutputStream:75 - [STDERR_REDIRECT] WARNING: Couldn't flush system prefs: java.util.prefs.BackingStoreException: Couldn't get file lock.
2024-08-06 15:48:35,630 [ERROR] LogOutputStream:75 - [STDERR_REDIRECT] 
2024-08-06 15:49:05,647 [ERROR] LogOutputStream:75 - [STDERR_REDIRECT] Aug 06, 2024 3:49:05 PM java.util.prefs.FileSystemPreferences checkLockFile0ErrorCode
2024-08-06 15:49:05,648 [ERROR] LogOutputStream:75 - [STDERR_REDIRECT] WARNING: Could not lock System prefs. Unix error code 2.
2024-08-06 15:49:05,648 [ERROR] LogOutputStream:75 - [STDERR_REDIRECT] 
2024-08-06 15:49:05,648 [ERROR] LogOutputStream:75 - [STDERR_REDIRECT] Aug 06, 2024 3:49:05 PM java.util.prefs.FileSystemPreferences syncWorld
2024-08-06 15:49:05,649 [ERROR] LogOutputStream:75 - [STDERR_REDIRECT] WARNING: Couldn't flush system prefs: java.util.prefs.BackingStoreException: Couldn't get file lock.
2024-08-06 15:49:05,649 [ERROR] LogOutputStream:75 - [STDERR_REDIRECT] 
2024-08-06 15:49:35,633 [ERROR] LogOutputStream:75 - [STDERR_REDIRECT] Aug 06, 2024 3:49:35 PM java.util.prefs.FileSystemPreferences checkLockFile0ErrorCode
2024-08-06 15:49:35,634 [ERROR] LogOutputStream:75 - [STDERR_REDIRECT] WARNING: Could not lock System prefs. Unix error code 2.
2024-08-06 15:49:35,635 [ERROR] LogOutputStream:75 - [STDERR_REDIRECT] 
2024-08-06 15:49:35,636 [ERROR] LogOutputStream:75 - [STDERR_REDIRECT] Aug 06, 2024 3:49:35 PM java.util.prefs.FileSystemPreferences syncWorld
2024-08-06 15:49:35,636 [ERROR] LogOutputStream:75 - [STDERR_REDIRECT] WARNING: Couldn't flush system prefs: java.util.prefs.BackingStoreException: Couldn't get file lock.
2024-08-06 15:49:35,637 [ERROR] LogOutputStream:75 - [STDERR_REDIRECT] 
2024-08-06 15:50:05,659 [ERROR] LogOutputStream:75 - [STDERR_REDIRECT] Aug 06, 2024 3:50:05 PM java.util.prefs.FileSystemPreferences checkLockFile0ErrorCode
2024-08-06 15:50:05,659 [ERROR] LogOutputStream:75 - [STDERR_REDIRECT] WARNING: Could not lock System prefs. Unix error code 2.
2024-08-06 15:50:05,660 [ERROR] LogOutputStream:75 - [STDERR_REDIRECT] 
2024-08-06 15:50:05,660 [ERROR] LogOutputStream:75 - [STDERR_REDIRECT] Aug 06, 2024 3:50:05 PM java.util.prefs.FileSystemPreferences syncWorld
2024-08-06 15:50:05,660 [ERROR] LogOutputStream:75 - [STDERR_REDIRECT] WARNING: Couldn't flush system prefs: java.util.prefs.BackingStoreException: Couldn't get file lock.
2024-08-06 15:50:05,660 [ERROR] LogOutputStream:75 - [STDERR_REDIRECT] 
2024-08-06 15:50:27,107 [INFO] MainUpdater:2873 - connection check result : 10
2024-08-06 15:50:27,107 [INFO] MainUpdater:2873 - connection check result : 10
2024-08-06 15:50:27,932 [INFO] MicroXplorer:468 - Change Database Path : 
2024-08-06 15:50:27,933 [INFO] MicroXplorer:498 - Change Database Version : DB.6.0.120
2024-08-06 15:50:27,951 [ERROR] ProjectManagerView:394 - 
java.lang.NullPointerException: Cannot invoke "javax.swing.JTextField.getText()" because the return value of "java.util.List.get(int)" is null
	at com.st.microxplorer.plugins.projectmanager.gui.ProjectChoiceTab$10.caretUpdate(ProjectChoiceTab.java:2622) ~[filemanager.jar:?]
	at javax.swing.text.JTextComponent.fireCaretUpdate(JTextComponent.java:412) ~[?:?]
	at javax.swing.text.JTextComponent$MutableCaretEvent.fire(JTextComponent.java:4491) ~[?:?]
	at javax.swing.text.JTextComponent$MutableCaretEvent.stateChanged(JTextComponent.java:4513) ~[?:?]
	at javax.swing.text.DefaultCaret.fireStateChanged(DefaultCaret.java:842) ~[?:?]
	at javax.swing.text.DefaultCaret.changeCaretPosition(DefaultCaret.java:1313) ~[?:?]
	at javax.swing.text.DefaultCaret.handleSetDot(DefaultCaret.java:1212) ~[?:?]
	at javax.swing.text.DefaultCaret.setDot(DefaultCaret.java:1193) ~[?:?]
	at javax.swing.text.DefaultCaret$Handler.insertUpdate(DefaultCaret.java:1789) ~[?:?]
	at javax.swing.text.AbstractDocument.fireInsertUpdate(AbstractDocument.java:226) ~[?:?]
	at javax.swing.text.AbstractDocument.handleInsertString(AbstractDocument.java:780) ~[?:?]
	at javax.swing.text.AbstractDocument.insertString(AbstractDocument.java:739) ~[?:?]
	at javax.swing.text.PlainDocument.insertString(PlainDocument.java:131) ~[?:?]
	at javax.swing.text.AbstractDocument.replace(AbstractDocument.java:698) ~[?:?]
	at javax.swing.text.JTextComponent.setText(JTextComponent.java:1729) ~[?:?]
	at com.st.microxplorer.plugins.projectmanager.gui.ProjectChoiceTab.createHeapStackFields(ProjectChoiceTab.java:972) ~[filemanager.jar:?]
	at com.st.microxplorer.plugins.projectmanager.gui.ProjectChoiceTab.buildLinkSettingsPanel(ProjectChoiceTab.java:3597) ~[filemanager.jar:?]
	at com.st.microxplorer.plugins.projectmanager.gui.ProjectChoiceTab.defineWindowsFields(ProjectChoiceTab.java:1940) ~[filemanager.jar:?]
	at com.st.microxplorer.plugins.projectmanager.gui.ProjectChoiceTab.updateSettings(ProjectChoiceTab.java:550) ~[filemanager.jar:?]
	at com.st.microxplorer.plugins.projectmanager.gui.ProjectSettingsPanel.UpdateDialog(ProjectSettingsPanel.java:245) ~[filemanager.jar:?]
	at com.st.microxplorer.plugins.projectmanager.ProjectManagerView.propertyChange(ProjectManagerView.java:391) ~[filemanager.jar:?]
	at java.beans.PropertyChangeSupport.fire(PropertyChangeSupport.java:343) ~[?:?]
	at java.beans.PropertyChangeSupport.firePropertyChange(PropertyChangeSupport.java:335) ~[?:?]
	at java.beans.PropertyChangeSupport.firePropertyChange(PropertyChangeSupport.java:268) ~[?:?]
	at com.st.microxplorer.util.MXPropertyChangeSupport.firePropertyChange(MXPropertyChangeSupport.java:54) ~[STM32CubeMX.jar:?]
	at com.st.microxplorer.mxsystem.MxSystem.closeConfig(MxSystem.java:900) ~[STM32CubeMX.jar:?]
	at com.st.microxplorer.maingui.MainPanel.closeConfig(MainPanel.java:781) ~[STM32CubeMX.jar:?]
	at com.st.microxplorer.plugins.filemanager.engine.OpenFileManager.loadConfigurationFile(OpenFileManager.java:265) ~[filemanager.jar:?]
	at com.st.microxplorer.plugins.filemanager.engine.MainFileManager.userLoadConfig(MainFileManager.java:352) ~[filemanager.jar:?]
	at com.st.microxplorer.plugins.filemanager.engine.MainFileManager.userLoadConfig(MainFileManager.java:330) ~[filemanager.jar:?]
	at com.st.microxplorer.plugins.filemanager.FileManagerView.getSpecificTask(FileManagerView.java:246) ~[filemanager.jar:?]
	at com.st.stm32cube.common.mx.editor.CubeMxEditor.getMxTabbedPaneInstance(CubeMxEditor.java:1198) ~[com.st.stm32cube.common.mx_6.12.0.202406281431/:?]
	at com.st.stm32cube.common.mx.editor.CubeMxEditor$12$1.createSwingComponent(CubeMxEditor.java:1068) ~[com.st.stm32cube.common.mx_6.12.0.202406281431/:?]
	at com.st.stm32cube.common.mx.oss.core.awtswtbridge.EmbeddedSwingComposite.doComponentCreation(EmbeddedSwingComposite.java:492) ~[com.st.stm32cube.common.mx.oss_6.12.0.202406281431/:?]
	at com.st.stm32cube.common.mx.oss.core.awtswtbridge.EmbeddedSwingComposite$4.run(EmbeddedSwingComposite.java:291) ~[com.st.stm32cube.common.mx.oss_6.12.0.202406281431/:?]
	at com.st.stm32cube.common.mx.oss.core.awtswtbridge.AwtEnvironment$2.run(AwtEnvironment.java:166) ~[com.st.stm32cube.common.mx.oss_6.12.0.202406281431/:?]
	at java.awt.event.InvocationEvent.dispatch(InvocationEvent.java:318) ~[?:?]
	at java.awt.EventQueue.dispatchEventImpl(EventQueue.java:773) ~[?:?]
	at java.awt.EventQueue$4.run(EventQueue.java:720) ~[?:?]
	at java.awt.EventQueue$4.run(EventQueue.java:714) ~[?:?]
	at java.security.AccessController.doPrivileged(AccessController.java:399) ~[?:?]
	at java.security.ProtectionDomain$JavaSecurityAccessImpl.doIntersectionPrivilege(ProtectionDomain.java:86) ~[?:?]
	at java.awt.EventQueue.dispatchEvent(EventQueue.java:742) ~[?:?]
	at java.awt.EventDispatchThread.pumpOneEventForFilters(EventDispatchThread.java:203) ~[?:?]
	at java.awt.EventDispatchThread.pumpEventsForFilter(EventDispatchThread.java:124) ~[?:?]
	at java.awt.EventDispatchThread.pumpEventsForHierarchy(EventDispatchThread.java:113) ~[?:?]
	at java.awt.EventDispatchThread.pumpEvents(EventDispatchThread.java:109) ~[?:?]
	at java.awt.EventDispatchThread.pumpEvents(EventDispatchThread.java:101) ~[?:?]
	at java.awt.EventDispatchThread.run(EventDispatchThread.java:90) ~[?:?]
2024-08-06 15:50:27,953 [WARN] ThirdParty:871 - waiting for thirdparty lock release [close project]
2024-08-06 15:50:27,953 [INFO] ThirdParty:873 - entering critical section [close project]
2024-08-06 15:50:27,954 [INFO] ThirdParty:883 - exiting critical section [close project]
2024-08-06 15:50:27,962 [INFO] PinOutPanel:1561 - setPackage(No Configuration,No Configuration)
2024-08-06 15:50:27,970 [WARN] IpParametersView:151 - Warning: This peripheral hasn't parameters
2024-08-06 15:50:27,982 [WARN] MainPanel:284 - <html><b><center>Warning: This peripheral has no parameters to be configured<br></b></html>
2024-08-06 15:50:27,990 [INFO] UtilMem:75 - Begin LoadConfig() Used Memory: 542066080 Bytes (849346560)
2024-08-06 15:50:27,996 [INFO] MicroXplorer:468 - Change Database Path : /home/leandro/.stm32cubemx/databases/DB.6.0.92/db/
2024-08-06 15:50:27,997 [INFO] MicroXplorer:498 - Change Database Version : DB.6.0.92
2024-08-06 15:50:31,043 [INFO] OpenFileManager:332 - Change cursor
2024-08-06 15:50:31,059 [INFO] Mcu:2032 - Initializing MCU STM32F407V(E-G)Tx STM32F407VETx STM32F407VET6
2024-08-06 15:50:33,101 [INFO] Context:742 - Trying to add GPIOservice into a context  which must be forbidden
2024-08-06 15:50:33,632 [WARN] ModelIntegratedComponent:63 - No mode defined for component null
2024-08-06 15:50:33,633 [WARN] ModelIntegratedComponent:63 - No mode defined for component null
2024-08-06 15:50:33,633 [WARN] ModelIntegratedComponent:63 - No mode defined for component null
2024-08-06 15:50:33,633 [WARN] ModelIntegratedComponent:63 - No mode defined for component null
2024-08-06 15:50:33,633 [WARN] ModelIntegratedComponent:63 - No mode defined for component null
2024-08-06 15:50:33,634 [WARN] ModelIntegratedComponent:63 - No mode defined for component null
2024-08-06 15:50:33,634 [WARN] ModelIntegratedComponent:63 - No mode defined for component null
2024-08-06 15:50:33,634 [WARN] ModelIntegratedComponent:63 - No mode defined for component null
2024-08-06 15:50:33,634 [WARN] ModelIntegratedComponent:63 - No mode defined for component null
2024-08-06 15:50:33,634 [WARN] ModelIntegratedComponent:63 - No mode defined for component null
2024-08-06 15:50:33,636 [WARN] ModelIntegratedComponent:63 - No mode defined for component null
2024-08-06 15:50:33,637 [WARN] ModelIntegratedComponent:63 - No mode defined for component null
2024-08-06 15:50:33,637 [WARN] ModelIntegratedComponent:63 - No mode defined for component null
2024-08-06 15:50:33,637 [WARN] ModelIntegratedComponent:63 - No mode defined for component null
2024-08-06 15:50:33,637 [WARN] ModelIntegratedComponent:63 - No mode defined for component null
2024-08-06 15:50:33,637 [WARN] ModelIntegratedComponent:63 - No mode defined for component null
2024-08-06 15:50:33,638 [WARN] ModelIntegratedComponent:63 - No mode defined for component null
2024-08-06 15:50:33,638 [WARN] ModelIntegratedComponent:63 - No mode defined for component null
2024-08-06 15:50:33,638 [WARN] ModelIntegratedComponent:63 - No mode defined for component null
2024-08-06 15:50:33,639 [WARN] ModelIntegratedComponent:63 - No mode defined for component null
2024-08-06 15:50:33,639 [WARN] ModelIntegratedComponent:63 - No mode defined for component null
2024-08-06 15:50:33,639 [WARN] ModelIntegratedComponent:63 - No mode defined for component null
2024-08-06 15:50:33,640 [WARN] ModelIntegratedComponent:63 - No mode defined for component null
2024-08-06 15:50:33,640 [WARN] ModelIntegratedComponent:63 - No mode defined for component null
2024-08-06 15:50:33,640 [WARN] ModelIntegratedComponent:63 - No mode defined for component null
2024-08-06 15:50:33,640 [WARN] ModelIntegratedComponent:63 - No mode defined for component null
2024-08-06 15:50:33,640 [WARN] ModelIntegratedComponent:63 - No mode defined for component null
2024-08-06 15:50:33,640 [WARN] ModelIntegratedComponent:63 - No mode defined for component null
2024-08-06 15:50:33,640 [WARN] ModelIntegratedComponent:63 - No mode defined for component null
2024-08-06 15:50:33,640 [WARN] ModelIntegratedComponent:63 - No mode defined for component null
2024-08-06 15:50:33,641 [WARN] ModelIntegratedComponent:63 - No mode defined for component null
2024-08-06 15:50:33,641 [WARN] ModelIntegratedComponent:63 - No mode defined for component null
2024-08-06 15:50:33,641 [WARN] ModelIntegratedComponent:63 - No mode defined for component null
2024-08-06 15:50:33,642 [WARN] ModelIntegratedComponent:63 - No mode defined for component null
2024-08-06 15:50:33,642 [WARN] ModelIntegratedComponent:63 - No mode defined for component null
2024-08-06 15:50:33,642 [WARN] ModelPack:524 - Component already loaded: STMicroelectronics:HAL Drivers:0.0.0:STMicroelectronics:Device:STMicro_Driver:XSPI:HAL::0.0.1:HAL_XSPI
2024-08-06 15:50:33,753 [INFO] RtosManager:555 - Registered RTOS mode: class=CMSIS, group=RTOS, mode=CMSIS_V1, owner=FREERTOS
2024-08-06 15:50:33,753 [INFO] RtosManager:555 - Registered RTOS mode: class=CMSIS, group=RTOS2, mode=CMSIS_V2, owner=FREERTOS
2024-08-06 15:50:33,753 [INFO] RtosManager:555 - Registered RTOS mode: class=RTOS, group=Core, mode=CMSIS_V1, owner=FREERTOS
2024-08-06 15:50:33,753 [INFO] RtosManager:555 - Registered RTOS mode: class=RTOS, group=Core, mode=CMSIS_V2, owner=FREERTOS
2024-08-06 15:50:33,754 [WARN] ModelIntegratedComponent:184 - Missing modes for component STMicroelectronics:FreeRTOS:0.0.1:STMicroelectronics:RTOS:FreeRTOS:Core:::10.2.0:
2024-08-06 15:50:33,786 [INFO] ThirdPartyModel:298 - Start build external matchings
2024-08-06 15:50:34,018 [INFO] ThirdPartyModel:316 - End build external matchings
2024-08-06 15:50:34,038 [INFO] ImportTextPane:205 - (OptionalMessage_ERROR) IP (RCC) : Parameter (RTCHSEDivFreq_Value) has invalid value (12500000)
2024-08-06 15:50:34,502 [INFO] UtilMem:75 - End LoadConfig() Used Memory: 427460768 Bytes (849346560)
2024-08-06 15:50:34,521 [WARN] ThirdParty:833 - waiting for thirdparty lock release [change project]
2024-08-06 15:50:34,525 [INFO] ThirdParty:835 - entering critical section [change project]
2024-08-06 15:50:34,525 [INFO] ThirdParty:1030 - CMSIS Pack Vendor :STMicroelectronics USBPD 4.1
2024-08-06 15:50:34,525 [INFO] ThirdParty:1030 - CMSIS Pack Vendor :STMicroelectronics X-CUBE-DISPLAY 3.0.0
2024-08-06 15:50:34,525 [INFO] ThirdParty:1030 - CMSIS Pack Vendor :STMicroelectronics X-CUBE-GNSS1 6.0.0
2024-08-06 15:50:34,525 [INFO] ThirdParty:1030 - CMSIS Pack Vendor :STMicroelectronics USB_HOST 2.0.0
2024-08-06 15:50:34,526 [INFO] ThirdParty:1030 - CMSIS Pack Vendor :STMicroelectronics FP-SNS-MOTENVWB1 1.4.0
2024-08-06 15:50:34,526 [INFO] ThirdParty:1030 - CMSIS Pack Vendor :STMicroelectronics LIBJPEG 8.0.0
2024-08-06 15:50:34,526 [INFO] ThirdParty:1030 - CMSIS Pack Vendor :STMicroelectronics X-CUBE-BLE1 7.0.0
2024-08-06 15:50:34,526 [INFO] ThirdParty:1030 - CMSIS Pack Vendor :STMicroelectronics FP-ATR-SIGFOX1 3.2.0
2024-08-06 15:50:34,526 [INFO] ThirdParty:1030 - CMSIS Pack Vendor :STMicroelectronics X-CUBE-SMBUS 2.1.0
2024-08-06 15:50:34,526 [INFO] ThirdParty:1030 - CMSIS Pack Vendor :STMicroelectronics X-CUBE-ISPU 2.0.0
2024-08-06 15:50:34,526 [INFO] ThirdParty:1030 - CMSIS Pack Vendor :STMicroelectronics USB_DEVICE 3.0.0
2024-08-06 15:50:34,526 [INFO] ThirdParty:1030 - CMSIS Pack Vendor :STMicroelectronics X-CUBE-EEPRMA1 5.1.0
2024-08-06 15:50:34,526 [INFO] ThirdParty:1030 - CMSIS Pack Vendor :STMicroelectronics HAL Drivers 0.0.0
2024-08-06 15:50:34,526 [INFO] ThirdParty:1030 - CMSIS Pack Vendor :STMicroelectronics MBEDTLS 2.16.2
2024-08-06 15:50:34,526 [INFO] ThirdParty:1030 - CMSIS Pack Vendor :STMicroelectronics X-CUBE-FREERTOS 1.2.0
2024-08-06 15:50:34,526 [INFO] ThirdParty:1030 - CMSIS Pack Vendor :STMicroelectronics X-CUBE-ALS 1.0.2
2024-08-06 15:50:34,526 [INFO] ThirdParty:1030 - CMSIS Pack Vendor :STMicroelectronics X-CUBE-MEMS1 10.0.0
2024-08-06 15:50:34,526 [INFO] ThirdParty:1030 - CMSIS Pack Vendor :STMicroelectronics X-CUBE-NFC7 1.0.1
2024-08-06 15:50:34,526 [INFO] ThirdParty:1030 - CMSIS Pack Vendor :STMicroelectronics MBEDTLS 2.14.1
2024-08-06 15:50:34,527 [INFO] ThirdParty:1030 - CMSIS Pack Vendor :STMicroelectronics USB_DEVICE 2.0.0
2024-08-06 15:50:34,527 [INFO] ThirdParty:1030 - CMSIS Pack Vendor :STMicroelectronics X-CUBE-NFC6 3.1.0
2024-08-06 15:50:34,527 [INFO] ThirdParty:1030 - CMSIS Pack Vendor :STMicroelectronics X-CUBE-BLEMGR 3.1.0
2024-08-06 15:50:34,527 [INFO] ThirdParty:1030 - CMSIS Pack Vendor :STMicroelectronics ThreadX 1.0.0
2024-08-06 15:50:34,527 [INFO] ThirdParty:1030 - CMSIS Pack Vendor :STMicroelectronics FP-SNS-SMARTAG2 1.2.0
2024-08-06 15:50:34,527 [INFO] ThirdParty:1030 - CMSIS Pack Vendor :STMicroelectronics FreeRTOS 0.0.1
2024-08-06 15:50:34,527 [INFO] ThirdParty:1030 - CMSIS Pack Vendor :STMicroelectronics FP-SNS-MOTENV1 5.0.0
2024-08-06 15:50:34,527 [INFO] ThirdParty:1030 - CMSIS Pack Vendor :STMicroelectronics USB_DEVICE 1.0.0
2024-08-06 15:50:34,527 [INFO] ThirdParty:1030 - CMSIS Pack Vendor :STMicroelectronics X-CUBE-SAFEA1 1.2.2
2024-08-06 15:50:34,527 [INFO] ThirdParty:1030 - CMSIS Pack Vendor :STMicroelectronics X-CUBE-NFC4 3.0.0
2024-08-06 15:50:34,527 [INFO] ThirdParty:1030 - CMSIS Pack Vendor :STMicroelectronics X-CUBE-SUBG2 5.0.0
2024-08-06 15:50:34,527 [INFO] ThirdParty:1030 - CMSIS Pack Vendor :STMicroelectronics STM32_WPAN 1.0.0
2024-08-06 15:50:34,527 [INFO] ThirdParty:1030 - CMSIS Pack Vendor :STMicroelectronics ThreadX 0.0.2
2024-08-06 15:50:34,527 [INFO] ThirdParty:1030 - CMSIS Pack Vendor :STMicroelectronics FP-ATR-ASTRA1 2.0.0
2024-08-06 15:50:34,527 [INFO] ThirdParty:1030 - CMSIS Pack Vendor :STMicroelectronics lwIP 2.1.2
2024-08-06 15:50:34,527 [INFO] ThirdParty:1030 - CMSIS Pack Vendor :STMicroelectronics lwIP 2.0.3
2024-08-06 15:50:34,527 [INFO] ThirdParty:1030 - CMSIS Pack Vendor :STMicroelectronics X-CUBE-SFXS2LP1 4.0.0
2024-08-06 15:50:34,528 [INFO] ThirdParty:1030 - CMSIS Pack Vendor :STMicroelectronics FP-SNS-FLIGHT1 5.0.2
2024-08-06 15:50:34,528 [INFO] ThirdParty:1030 - CMSIS Pack Vendor :STMicroelectronics X-CUBE-BLE2 3.3.0
2024-08-06 15:50:34,528 [INFO] ThirdParty:1030 - CMSIS Pack Vendor :STMicroelectronics USB_HOST 1.0.0
2024-08-06 15:50:34,528 [INFO] ThirdParty:1030 - CMSIS Pack Vendor :STMicroelectronics X-CUBE-AI 9.0.0
2024-08-06 15:50:34,528 [INFO] ThirdParty:1030 - CMSIS Pack Vendor :STMicroelectronics PDM2PCM 3.1.0
2024-08-06 15:50:34,528 [INFO] ThirdParty:1030 - CMSIS Pack Vendor :STMicroelectronics PDM2PCM 3.2.0
2024-08-06 15:50:34,528 [INFO] ThirdParty:1030 - CMSIS Pack Vendor :STMicroelectronics PDM2PCM 3.3.0
2024-08-06 15:50:34,528 [INFO] ThirdParty:841 - exiting critical section [change project]
2024-08-06 15:50:35,153 [INFO] PinOutPanel:1561 - setPackage(No Configuration,No Configuration)
2024-08-06 15:50:35,153 [INFO] PinOutPanel:1561 - setPackage(STM32F407VETx,LQFP100)
2024-08-06 15:50:35,481 [INFO] UtilMem:75 - Before build in PCC Used Memory: 277198536 Bytes (849346560)
2024-08-06 15:50:35,655 [ERROR] LogOutputStream:75 - [STDERR_REDIRECT] Aug 06, 2024 3:50:35 PM java.util.prefs.FileSystemPreferences checkLockFile0ErrorCode
2024-08-06 15:50:35,655 [ERROR] LogOutputStream:75 - [STDERR_REDIRECT] WARNING: Could not lock System prefs. Unix error code 2.
2024-08-06 15:50:35,656 [ERROR] LogOutputStream:75 - [STDERR_REDIRECT] 
2024-08-06 15:50:35,657 [ERROR] LogOutputStream:75 - [STDERR_REDIRECT] Aug 06, 2024 3:50:35 PM java.util.prefs.FileSystemPreferences syncWorld
2024-08-06 15:50:35,657 [ERROR] LogOutputStream:75 - [STDERR_REDIRECT] WARNING: Couldn't flush system prefs: java.util.prefs.BackingStoreException: Couldn't get file lock.
2024-08-06 15:50:35,658 [ERROR] LogOutputStream:75 - [STDERR_REDIRECT] 
2024-08-06 15:50:35,882 [INFO] UtilMem:75 - After build in PCC Used Memory: 321238728 Bytes (849346560)
2024-08-06 15:50:35,971 [INFO] IPUIPlugin:80 - create IPUIPlugin
2024-08-06 15:50:35,972 [INFO] IPUIPlugin:80 - create IPUIPlugin
2024-08-06 15:50:35,972 [INFO] IPUIPlugin:80 - create IPUIPlugin
2024-08-06 15:50:35,972 [INFO] IPUIPlugin:80 - create IPUIPlugin
2024-08-06 15:50:35,972 [INFO] IPUIPlugin:80 - create IPUIPlugin
2024-08-06 15:50:35,976 [INFO] IPUIPlugin:80 - create IPUIPlugin
2024-08-06 15:50:35,977 [INFO] IPUIPlugin:80 - create IPUIPlugin
2024-08-06 15:50:35,978 [INFO] IPUIPlugin:80 - create IPUIPlugin
2024-08-06 15:50:35,979 [INFO] IPUIPlugin:80 - create IPUIPlugin
2024-08-06 15:50:35,979 [INFO] IPUIPlugin:80 - create IPUIPlugin
2024-08-06 15:50:35,981 [INFO] IPUIPlugin:80 - create IPUIPlugin
2024-08-06 15:50:35,981 [INFO] IPUIPlugin:80 - create IPUIPlugin
2024-08-06 15:50:35,981 [INFO] IPUIPlugin:80 - create IPUIPlugin
2024-08-06 15:50:35,981 [INFO] IPUIPlugin:80 - create IPUIPlugin
2024-08-06 15:50:35,982 [INFO] IPUIPlugin:80 - create IPUIPlugin
2024-08-06 15:50:35,982 [INFO] IPUIPlugin:80 - create IPUIPlugin
2024-08-06 15:50:35,982 [INFO] IPUIPlugin:80 - create IPUIPlugin
2024-08-06 15:50:35,982 [INFO] IPUIPlugin:80 - create IPUIPlugin
2024-08-06 15:50:35,983 [INFO] IPUIPlugin:80 - create IPUIPlugin
2024-08-06 15:50:35,983 [INFO] IPUIPlugin:80 - create IPUIPlugin
2024-08-06 15:50:35,983 [INFO] IPUIPlugin:80 - create IPUIPlugin
2024-08-06 15:50:35,984 [INFO] IPUIPlugin:80 - create IPUIPlugin
2024-08-06 15:50:35,984 [INFO] IPUIPlugin:80 - create IPUIPlugin
2024-08-06 15:50:35,985 [INFO] IPUIPlugin:80 - create IPUIPlugin
2024-08-06 15:50:35,985 [INFO] IPUIPlugin:80 - create IPUIPlugin
2024-08-06 15:50:35,985 [INFO] IPUIPlugin:80 - create IPUIPlugin
2024-08-06 15:50:35,986 [INFO] IPUIPlugin:80 - create IPUIPlugin
2024-08-06 15:50:35,986 [INFO] IPUIPlugin:80 - create IPUIPlugin
2024-08-06 15:50:35,987 [INFO] IPUIPlugin:80 - create IPUIPlugin
2024-08-06 15:50:35,987 [INFO] IPUIPlugin:80 - create IPUIPlugin
2024-08-06 15:50:35,988 [INFO] IPUIPlugin:80 - create IPUIPlugin
2024-08-06 15:50:35,988 [INFO] IPUIPlugin:80 - create IPUIPlugin
2024-08-06 15:50:35,994 [INFO] IPUIPlugin:80 - create IPUIPlugin
2024-08-06 15:50:35,994 [INFO] IPUIPlugin:80 - create IPUIPlugin
2024-08-06 15:50:35,995 [INFO] IPUIPlugin:80 - create IPUIPlugin
2024-08-06 15:50:35,996 [INFO] IPUIPlugin:80 - create IPUIPlugin
2024-08-06 15:50:35,996 [INFO] IPUIPlugin:80 - create IPUIPlugin
2024-08-06 15:50:35,996 [INFO] IPUIPlugin:80 - create IPUIPlugin
2024-08-06 15:50:35,996 [INFO] IPUIPlugin:80 - create IPUIPlugin
2024-08-06 15:50:35,996 [INFO] IPUIPlugin:80 - create IPUIPlugin
2024-08-06 15:50:35,996 [INFO] IPUIPlugin:80 - create IPUIPlugin
2024-08-06 15:50:35,996 [INFO] IPUIPlugin:80 - create IPUIPlugin
2024-08-06 15:50:35,996 [INFO] IPUIPlugin:80 - create IPUIPlugin
2024-08-06 15:50:35,997 [INFO] IPUIPlugin:80 - create IPUIPlugin
2024-08-06 15:50:35,997 [INFO] IPUIPlugin:80 - create IPUIPlugin
2024-08-06 15:50:35,997 [INFO] IPUIPlugin:80 - create IPUIPlugin
2024-08-06 15:50:35,997 [INFO] IPUIPlugin:80 - create IPUIPlugin
2024-08-06 15:50:35,997 [INFO] IPUIPlugin:80 - create IPUIPlugin
2024-08-06 15:50:35,998 [INFO] IPUIPlugin:80 - create IPUIPlugin
2024-08-06 15:50:35,998 [INFO] IPUIPlugin:80 - create IPUIPlugin
2024-08-06 15:50:35,999 [INFO] IPUIPlugin:80 - create IPUIPlugin
2024-08-06 15:50:35,999 [INFO] IPUIPlugin:80 - create IPUIPlugin
2024-08-06 15:50:35,999 [INFO] IPUIPlugin:80 - create IPUIPlugin
2024-08-06 15:50:36,000 [INFO] IPUIPlugin:80 - create IPUIPlugin
2024-08-06 15:50:36,001 [INFO] IPUIPlugin:80 - create IPUIPlugin
2024-08-06 15:50:36,002 [INFO] IPUIPlugin:80 - create IPUIPlugin
2024-08-06 15:50:36,003 [INFO] IPUIPlugin:80 - create IPUIPlugin
2024-08-06 15:50:36,004 [INFO] IPUIPlugin:80 - create IPUIPlugin
2024-08-06 15:50:36,007 [INFO] ApiDbMcu:508 - Load IP Config File for PDM2PCM
2024-08-06 15:50:36,111 [INFO] CADModel:165 - CPN selected for project levelSTM32F407VET6
2024-08-06 15:50:36,111 [INFO] CADModel:114 - Register for checkConnection events
2024-08-06 15:50:36,161 [INFO] OpenFileManager:363 - Restore cursor
2024-08-06 15:51:05,655 [ERROR] LogOutputStream:75 - [STDERR_REDIRECT] Aug 06, 2024 3:51:05 PM java.util.prefs.FileSystemPreferences checkLockFile0ErrorCode
2024-08-06 15:51:05,655 [ERROR] LogOutputStream:75 - [STDERR_REDIRECT] WARNING: Could not lock System prefs. Unix error code 2.
2024-08-06 15:51:05,656 [ERROR] LogOutputStream:75 - [STDERR_REDIRECT] 
2024-08-06 15:51:05,656 [ERROR] LogOutputStream:75 - [STDERR_REDIRECT] Aug 06, 2024 3:51:05 PM java.util.prefs.FileSystemPreferences syncWorld
2024-08-06 15:51:05,656 [ERROR] LogOutputStream:75 - [STDERR_REDIRECT] WARNING: Couldn't flush system prefs: java.util.prefs.BackingStoreException: Couldn't get file lock.
2024-08-06 15:51:05,656 [ERROR] LogOutputStream:75 - [STDERR_REDIRECT] 
2024-08-06 15:51:13,583 [INFO] UtilMem:75 - End SaveConfig() Used Memory: 555657032 Bytes (849346560)
2024-08-06 15:51:35,658 [ERROR] LogOutputStream:75 - [STDERR_REDIRECT] Aug 06, 2024 3:51:35 PM java.util.prefs.FileSystemPreferences checkLockFile0ErrorCode
2024-08-06 15:51:35,658 [ERROR] LogOutputStream:75 - [STDERR_REDIRECT] WARNING: Could not lock System prefs. Unix error code 2.
2024-08-06 15:51:35,659 [ERROR] LogOutputStream:75 - [STDERR_REDIRECT] 
2024-08-06 15:51:35,659 [ERROR] LogOutputStream:75 - [STDERR_REDIRECT] Aug 06, 2024 3:51:35 PM java.util.prefs.FileSystemPreferences syncWorld
2024-08-06 15:51:35,660 [ERROR] LogOutputStream:75 - [STDERR_REDIRECT] WARNING: Couldn't flush system prefs: java.util.prefs.BackingStoreException: Couldn't get file lock.
2024-08-06 15:51:35,660 [ERROR] LogOutputStream:75 - [STDERR_REDIRECT] 
2024-08-06 15:52:05,652 [ERROR] LogOutputStream:75 - [STDERR_REDIRECT] Aug 06, 2024 3:52:05 PM java.util.prefs.FileSystemPreferences checkLockFile0ErrorCode
2024-08-06 15:52:05,653 [ERROR] LogOutputStream:75 - [STDERR_REDIRECT] WARNING: Could not lock System prefs. Unix error code 2.
2024-08-06 15:52:05,653 [ERROR] LogOutputStream:75 - [STDERR_REDIRECT] 
2024-08-06 15:52:05,653 [ERROR] LogOutputStream:75 - [STDERR_REDIRECT] Aug 06, 2024 3:52:05 PM java.util.prefs.FileSystemPreferences syncWorld
2024-08-06 15:52:05,654 [ERROR] LogOutputStream:75 - [STDERR_REDIRECT] WARNING: Couldn't flush system prefs: java.util.prefs.BackingStoreException: Couldn't get file lock.
2024-08-06 15:52:05,654 [ERROR] LogOutputStream:75 - [STDERR_REDIRECT] 
2024-08-06 15:52:35,654 [ERROR] LogOutputStream:75 - [STDERR_REDIRECT] Aug 06, 2024 3:52:35 PM java.util.prefs.FileSystemPreferences checkLockFile0ErrorCode
2024-08-06 15:52:35,654 [ERROR] LogOutputStream:75 - [STDERR_REDIRECT] WARNING: Could not lock System prefs. Unix error code 2.
2024-08-06 15:52:35,655 [ERROR] LogOutputStream:75 - [STDERR_REDIRECT] 
2024-08-06 15:52:35,656 [ERROR] LogOutputStream:75 - [STDERR_REDIRECT] Aug 06, 2024 3:52:35 PM java.util.prefs.FileSystemPreferences syncWorld
2024-08-06 15:52:35,657 [ERROR] LogOutputStream:75 - [STDERR_REDIRECT] WARNING: Couldn't flush system prefs: java.util.prefs.BackingStoreException: Couldn't get file lock.
2024-08-06 15:52:35,658 [ERROR] LogOutputStream:75 - [STDERR_REDIRECT] 
2024-08-06 15:53:05,653 [ERROR] LogOutputStream:75 - [STDERR_REDIRECT] Aug 06, 2024 3:53:05 PM java.util.prefs.FileSystemPreferences checkLockFile0ErrorCode
2024-08-06 15:53:05,654 [ERROR] LogOutputStream:75 - [STDERR_REDIRECT] WARNING: Could not lock System prefs. Unix error code 2.
2024-08-06 15:53:05,654 [ERROR] LogOutputStream:75 - [STDERR_REDIRECT] 
2024-08-06 15:53:05,655 [ERROR] LogOutputStream:75 - [STDERR_REDIRECT] Aug 06, 2024 3:53:05 PM java.util.prefs.FileSystemPreferences syncWorld
2024-08-06 15:53:05,655 [ERROR] LogOutputStream:75 - [STDERR_REDIRECT] WARNING: Couldn't flush system prefs: java.util.prefs.BackingStoreException: Couldn't get file lock.
2024-08-06 15:53:05,655 [ERROR] LogOutputStream:75 - [STDERR_REDIRECT] 
2024-08-06 15:53:35,653 [ERROR] LogOutputStream:75 - [STDERR_REDIRECT] Aug 06, 2024 3:53:35 PM java.util.prefs.FileSystemPreferences checkLockFile0ErrorCode
2024-08-06 15:53:35,653 [ERROR] LogOutputStream:75 - [STDERR_REDIRECT] WARNING: Could not lock System prefs. Unix error code 2.
2024-08-06 15:53:35,655 [ERROR] LogOutputStream:75 - [STDERR_REDIRECT] 
2024-08-06 15:53:35,656 [ERROR] LogOutputStream:75 - [STDERR_REDIRECT] Aug 06, 2024 3:53:35 PM java.util.prefs.FileSystemPreferences syncWorld
2024-08-06 15:53:35,656 [ERROR] LogOutputStream:75 - [STDERR_REDIRECT] WARNING: Couldn't flush system prefs: java.util.prefs.BackingStoreException: Couldn't get file lock.
2024-08-06 15:53:35,656 [ERROR] LogOutputStream:75 - [STDERR_REDIRECT] 
2024-08-06 15:53:53,947 [INFO] UtilMem:75 - End SaveConfig() Used Memory: 639549952 Bytes (849346560)
2024-08-06 15:53:55,147 [INFO] BlockDiagram:2766 - set Specific Code input for plugin: SPI
2024-08-06 15:53:55,148 [INFO] BlockDiagram:2766 - set Specific Code input for plugin: SPI
2024-08-06 15:53:55,148 [INFO] BlockDiagram:2766 - set Specific Code input for plugin: TIM1_8
2024-08-06 15:53:55,148 [INFO] BlockDiagram:2766 - set Specific Code input for plugin: TIM1_8
2024-08-06 15:53:55,148 [INFO] BlockDiagram:2766 - set Specific Code input for plugin: SYS
2024-08-06 15:53:55,148 [INFO] BlockDiagram:2766 - set Specific Code input for plugin: RCC
2024-08-06 15:53:55,148 [INFO] BlockDiagram:2766 - set Specific Code input for plugin: NVIC
2024-08-06 15:53:55,149 [INFO] BlockDiagram:2766 - set Specific Code input for plugin: GPIO
2024-08-06 15:53:55,151 [INFO] CodeGenerator:807 - code generatio: config db path: /home/leandro/.stm32cubemx/databases/DB.6.0.92/db/
2024-08-06 15:53:55,895 [INFO] CodeEngine:255 - oldGeneratedFile, /home/leandro/Documents/code/STM_Workspaces/NRF/nrf24l01p/STM32F407VET6_NRF_Receiver/MXTmpFiles/license.tmp_save
2024-08-06 15:53:56,762 [INFO] CodeEngine:279 - Generated code: /home/leandro/Documents/code/STM_Workspaces/NRF/nrf24l01p/STM32F407VET6_NRF_Receiver/MXTmpFiles/license.tmp
2024-08-06 15:53:57,015 [INFO] CodeEngine:255 - oldGeneratedFile, /home/leandro/Documents/code/STM_Workspaces/NRF/nrf24l01p/STM32F407VET6_NRF_Receiver/MXTmpFiles/gpio.tmp_save
2024-08-06 15:53:57,322 [INFO] CodeEngine:279 - Generated code: /home/leandro/Documents/code/STM_Workspaces/NRF/nrf24l01p/STM32F407VET6_NRF_Receiver/MXTmpFiles/gpio.tmp
2024-08-06 15:53:58,104 [INFO] CodeEngine:255 - oldGeneratedFile, /home/leandro/Documents/code/STM_Workspaces/NRF/nrf24l01p/STM32F407VET6_NRF_Receiver/Core/Src/stm32f4xx_it.c_save
2024-08-06 15:53:58,378 [INFO] CodeEngine:279 - Generated code: /home/leandro/Documents/code/STM_Workspaces/NRF/nrf24l01p/STM32F407VET6_NRF_Receiver/Core/Src/stm32f4xx_it.c
2024-08-06 15:53:58,383 [INFO] CodeEngine:255 - oldGeneratedFile, /home/leandro/Documents/code/STM_Workspaces/NRF/nrf24l01p/STM32F407VET6_NRF_Receiver/Core/Inc/stm32f4xx_it.h_save
2024-08-06 15:53:58,529 [INFO] CodeEngine:279 - Generated code: /home/leandro/Documents/code/STM_Workspaces/NRF/nrf24l01p/STM32F407VET6_NRF_Receiver/Core/Inc/stm32f4xx_it.h
2024-08-06 15:53:58,544 [INFO] CodeEngine:255 - oldGeneratedFile, /home/leandro/Documents/code/STM_Workspaces/NRF/nrf24l01p/STM32F407VET6_NRF_Receiver/Core/Src/stm32f4xx_hal_msp.c_save
2024-08-06 15:53:58,857 [INFO] CodeEngine:279 - Generated code: /home/leandro/Documents/code/STM_Workspaces/NRF/nrf24l01p/STM32F407VET6_NRF_Receiver/Core/Src/stm32f4xx_hal_msp.c
2024-08-06 15:53:58,860 [INFO] CodeEngine:255 - oldGeneratedFile, /home/leandro/Documents/code/STM_Workspaces/NRF/nrf24l01p/STM32F407VET6_NRF_Receiver/MXTmpFiles/system.tmp_save
2024-08-06 15:53:59,008 [INFO] CodeEngine:279 - Generated code: /home/leandro/Documents/code/STM_Workspaces/NRF/nrf24l01p/STM32F407VET6_NRF_Receiver/MXTmpFiles/system.tmp
2024-08-06 15:53:59,025 [INFO] CodeEngine:311 - oldGeneratedFile, /home/leandro/Documents/code/STM_Workspaces/NRF/nrf24l01p/STM32F407VET6_NRF_Receiver/Core/Inc/stm32f4xx_hal_conf.h_save
2024-08-06 15:53:59,232 [INFO] CodeEngine:335 - Generated code: /home/leandro/Documents/code/STM_Workspaces/NRF/nrf24l01p/STM32F407VET6_NRF_Receiver/Core/Inc/stm32f4xx_hal_conf.h
2024-08-06 15:53:59,301 [WARN] IPConfigManager:3554 - IP not found : TIM
2024-08-06 15:53:59,303 [WARN] CodeGenerator:4002 - IP not found : null
2024-08-06 15:53:59,309 [INFO] CodeEngine:255 - oldGeneratedFile, /home/leandro/Documents/code/STM_Workspaces/NRF/nrf24l01p/STM32F407VET6_NRF_Receiver/Core/Inc/main.h_save
2024-08-06 15:53:59,485 [INFO] CodeEngine:279 - Generated code: /home/leandro/Documents/code/STM_Workspaces/NRF/nrf24l01p/STM32F407VET6_NRF_Receiver/Core/Inc/main.h
2024-08-06 15:53:59,490 [INFO] CodeEngine:255 - oldGeneratedFile, /home/leandro/Documents/code/STM_Workspaces/NRF/nrf24l01p/STM32F407VET6_NRF_Receiver/Core/Src/main.c_save
2024-08-06 15:53:59,826 [INFO] CodeEngine:279 - Generated code: /home/leandro/Documents/code/STM_Workspaces/NRF/nrf24l01p/STM32F407VET6_NRF_Receiver/Core/Src/main.c
2024-08-06 15:54:01,005 [INFO] ProjectBuilder:3249 - Time for Copy HAL[1] : 582mS.
2024-08-06 15:54:01,011 [INFO] ProjectBuilder:4828 - Project Generator version: 4.4.0-B60
2024-08-06 15:54:01,265 [INFO] ConfigFileManager:1531 - The Die is : DIE413
2024-08-06 15:54:01,302 [INFO] ApiDbMcu:508 - Load IP Config File for FATFS
2024-08-06 15:54:01,317 [INFO] ApiDbMcu:508 - Load IP Config File for FREERTOS
2024-08-06 15:54:01,342 [INFO] ApiDbMcu:508 - Load IP Config File for LIBJPEG
2024-08-06 15:54:01,358 [INFO] ApiDbMcu:508 - Load IP Config File for LWIP
2024-08-06 15:54:01,366 [INFO] ApiDbMcu:508 - Load IP Config File for MBEDTLS
2024-08-06 15:54:01,394 [INFO] ApiDbMcu:508 - Load IP Config File for USB_DEVICE
2024-08-06 15:54:01,407 [INFO] ApiDbMcu:508 - Load IP Config File for USB_HOST
2024-08-06 15:54:02,656 [INFO] LogOutputStream:77 - [STDOUT_REDIRECT] 
2024-08-06 15:54:04,887 [INFO] ProjectBuilder:5097 - Time for Generating toolchain IDE Files: 3875mS.
2024-08-06 15:54:04,887 [INFO] ProjectBuilder:3107 - Time for Copy CMSIS : 0mS.
2024-08-06 15:54:04,888 [INFO] ProjectBuilder:3107 - Time for Copy CMSIS : 0mS.
2024-08-06 15:54:05,658 [ERROR] LogOutputStream:75 - [STDERR_REDIRECT] Aug 06, 2024 3:54:05 PM java.util.prefs.FileSystemPreferences checkLockFile0ErrorCode
2024-08-06 15:54:05,658 [ERROR] LogOutputStream:75 - [STDERR_REDIRECT] WARNING: Could not lock System prefs. Unix error code 2.
2024-08-06 15:54:05,658 [ERROR] LogOutputStream:75 - [STDERR_REDIRECT] 
2024-08-06 15:54:05,659 [ERROR] LogOutputStream:75 - [STDERR_REDIRECT] Aug 06, 2024 3:54:05 PM java.util.prefs.FileSystemPreferences syncWorld
2024-08-06 15:54:05,659 [ERROR] LogOutputStream:75 - [STDERR_REDIRECT] WARNING: Couldn't flush system prefs: java.util.prefs.BackingStoreException: Couldn't get file lock.
2024-08-06 15:54:05,659 [ERROR] LogOutputStream:75 - [STDERR_REDIRECT] 
2024-08-06 15:54:35,654 [ERROR] LogOutputStream:75 - [STDERR_REDIRECT] Aug 06, 2024 3:54:35 PM java.util.prefs.FileSystemPreferences checkLockFile0ErrorCode
2024-08-06 15:54:35,655 [ERROR] LogOutputStream:75 - [STDERR_REDIRECT] WARNING: Could not lock System prefs. Unix error code 2.
2024-08-06 15:54:35,656 [ERROR] LogOutputStream:75 - [STDERR_REDIRECT] 
2024-08-06 15:54:35,656 [ERROR] LogOutputStream:75 - [STDERR_REDIRECT] Aug 06, 2024 3:54:35 PM java.util.prefs.FileSystemPreferences syncWorld
2024-08-06 15:54:35,656 [ERROR] LogOutputStream:75 - [STDERR_REDIRECT] WARNING: Couldn't flush system prefs: java.util.prefs.BackingStoreException: Couldn't get file lock.
2024-08-06 15:54:35,656 [ERROR] LogOutputStream:75 - [STDERR_REDIRECT] 
2024-08-06 15:55:05,655 [ERROR] LogOutputStream:75 - [STDERR_REDIRECT] Aug 06, 2024 3:55:05 PM java.util.prefs.FileSystemPreferences checkLockFile0ErrorCode
2024-08-06 15:55:05,656 [ERROR] LogOutputStream:75 - [STDERR_REDIRECT] WARNING: Could not lock System prefs. Unix error code 2.
2024-08-06 15:55:05,656 [ERROR] LogOutputStream:75 - [STDERR_REDIRECT] 
2024-08-06 15:55:05,657 [ERROR] LogOutputStream:75 - [STDERR_REDIRECT] Aug 06, 2024 3:55:05 PM java.util.prefs.FileSystemPreferences syncWorld
2024-08-06 15:55:05,658 [ERROR] LogOutputStream:75 - [STDERR_REDIRECT] WARNING: Couldn't flush system prefs: java.util.prefs.BackingStoreException: Couldn't get file lock.
2024-08-06 15:55:05,658 [ERROR] LogOutputStream:75 - [STDERR_REDIRECT] 
2024-08-06 15:55:46,233 [INFO] Activator:176 - 


2024-08-06 15:55:46,235 [INFO] Activator:177 - !SESSION log4j initialized
2024-08-06 15:55:52,618 [INFO] LogOutputStream:77 - [STDOUT_REDIRECT] 
2024-08-06 15:55:54,221 [INFO] ApplicationProperties:184 - Using Application install path: /opt/st/stm32cubeide_1.16.0/plugins/com.st.stm32cube.common.mx_6.12.0.202406281431
2024-08-06 15:55:54,277 [INFO] DbMcusXml:78 - Set database path to: /opt/st/stm32cubeide_1.16.0/plugins/com.st.stm32cube.common.mx_6.12.0.202406281431//db//mcu/
2024-08-06 15:55:54,278 [INFO] ApiDb:274 - Set plugin database path to: /opt/st/stm32cubeide_1.16.0/plugins/com.st.stm32cube.common.mx_6.12.0.202406281431//db//plugins/boardmanager/
2024-08-06 15:55:54,278 [WARN] ApiDb:259 - Overriding images path with different value:  => /opt/st/stm32cubeide_1.16.0/plugins/com.st.stm32cube.common.mx_6.12.0.202406281431//db//plugins/mcufinder/images/
2024-08-06 15:55:54,289 [INFO] ApiDb:250 - Set database path to: /home/leandro/.stmcufinder/plugins/mcufinder//mcu/
2024-08-06 15:55:54,292 [INFO] DbMcusAds:125 - Set database path to: /home/leandro/.stmcufinder/plugins/mcufinder//mcu/
2024-08-06 15:55:54,296 [INFO] CrossReferenceDbSqlite:203 - Set database path to: /home/leandro/.stmcufinder/plugins/mcufinder//mcu/cs/
2024-08-06 15:55:54,540 [INFO] RulesReader:64 - Compatibility file has been processed (297 Rules)
2024-08-06 15:55:54,637 [INFO] DbMcusXml:78 - Set database path to: /opt/st/stm32cubeide_1.16.0/plugins/com.st.stm32cube.common.mx_6.12.0.202406281431//db//mcu/
2024-08-06 15:55:54,637 [INFO] ApiDb:274 - Set plugin database path to: /opt/st/stm32cubeide_1.16.0/plugins/com.st.stm32cube.common.mx_6.12.0.202406281431//db//plugins/boardmanager/
2024-08-06 15:55:54,637 [INFO] ApiDb:261 - Set plugin images path to: /opt/st/stm32cubeide_1.16.0/plugins/com.st.stm32cube.common.mx_6.12.0.202406281431//db//plugins/mcufinder/images/
2024-08-06 15:55:54,637 [WARN] DbFile:41 - Overriding database path with different value: /home/leandro/.stmcufinder/plugins/mcufinder/ => /home/leandro/.stmcufinder/plugins/mcufinder
2024-08-06 15:55:54,637 [INFO] ApiDb:250 - Set database path to: /home/leandro/.stmcufinder/plugins/mcufinder//mcu/
2024-08-06 15:55:54,638 [WARN] DbFile:41 - Overriding database path with different value: /home/leandro/.stmcufinder/plugins/mcufinder/ => /home/leandro/.stmcufinder/plugins/mcufinder
2024-08-06 15:55:54,638 [INFO] DbMcusAds:125 - Set database path to: /home/leandro/.stmcufinder/plugins/mcufinder//mcu/
2024-08-06 15:55:54,638 [WARN] DbFile:41 - Overriding database path with different value: /home/leandro/.stmcufinder/plugins/mcufinder/ => /home/leandro/.stmcufinder/plugins/mcufinder
2024-08-06 15:55:54,638 [WARN] DbFile:41 - Overriding database path with different value: /home/leandro/.stmcufinder/plugins/mcufinder/ => /home/leandro/.stmcufinder/plugins/mcufinder
2024-08-06 15:55:54,638 [INFO] CrossReferenceDbSqlite:203 - Set database path to: /home/leandro/.stmcufinder/plugins/mcufinder//mcu/cs/
2024-08-06 15:55:54,725 [INFO] MainPanel:268 - HeapMemory: 268435456
2024-08-06 15:55:54,876 [INFO] DbMcusXml:78 - Set database path to: /opt/st/stm32cubeide_1.16.0/plugins/com.st.stm32cube.common.mx_6.12.0.202406281431//db//mcu/
2024-08-06 15:55:54,877 [INFO] ApiDb:274 - Set plugin database path to: /opt/st/stm32cubeide_1.16.0/plugins/com.st.stm32cube.common.mx_6.12.0.202406281431//db//plugins/boardmanager/
2024-08-06 15:55:54,877 [INFO] ApiDb:261 - Set plugin images path to: /opt/st/stm32cubeide_1.16.0/plugins/com.st.stm32cube.common.mx_6.12.0.202406281431//db//plugins/mcufinder/images/
2024-08-06 15:55:54,878 [WARN] DbFile:41 - Overriding database path with different value: /home/leandro/.stmcufinder/plugins/mcufinder/ => /home/leandro/.stmcufinder/plugins/mcufinder
2024-08-06 15:55:54,878 [INFO] ApiDb:250 - Set database path to: /home/leandro/.stmcufinder/plugins/mcufinder//mcu/
2024-08-06 15:55:54,878 [WARN] DbFile:41 - Overriding database path with different value: /home/leandro/.stmcufinder/plugins/mcufinder/ => /home/leandro/.stmcufinder/plugins/mcufinder
2024-08-06 15:55:54,878 [INFO] DbMcusAds:125 - Set database path to: /home/leandro/.stmcufinder/plugins/mcufinder//mcu/
2024-08-06 15:55:54,878 [WARN] DbFile:41 - Overriding database path with different value: /home/leandro/.stmcufinder/plugins/mcufinder/ => /home/leandro/.stmcufinder/plugins/mcufinder
2024-08-06 15:55:54,878 [WARN] DbFile:41 - Overriding database path with different value: /home/leandro/.stmcufinder/plugins/mcufinder/ => /home/leandro/.stmcufinder/plugins/mcufinder
2024-08-06 15:55:54,879 [INFO] CrossReferenceDbSqlite:203 - Set database path to: /home/leandro/.stmcufinder/plugins/mcufinder//mcu/cs/
2024-08-06 15:55:54,901 [INFO] ApplicationProperties:184 - Using Application install path: /opt/st/stm32cubeide_1.16.0/plugins/com.st.stm32cube.common.mx_6.12.0.202406281431
2024-08-06 15:55:54,903 [INFO] PluginManage:196 - Search for loadable plugins [exclusion list=, ]
2024-08-06 15:55:54,905 [INFO] PluginManage:310 - Check plugin analytics
2024-08-06 15:55:55,155 [INFO] AnalyticsPlugin:253 - Accepted Software Licenses: 
2024-08-06 15:55:55,155 [INFO] AnalyticsPlugin:255 - Accepted CMSIS Pack Licenses: 
2024-08-06 15:55:55,155 [INFO] AnalyticsPlugin:257 - Accepted Firmware Licenses: FW.F4.1.27.0
2024-08-06 15:55:55,161 [INFO] PluginManage:359 - Loaded plugin analytics (category:tool,tabindex:-1)
2024-08-06 15:55:55,161 [INFO] PluginManage:310 - Check plugin cadmodel
2024-08-06 15:55:55,165 [INFO] CADModel:105 - Init CAD model plugin
2024-08-06 15:55:55,165 [INFO] PluginManage:359 - Loaded plugin cadmodel (category:power,tabindex:5)
2024-08-06 15:55:55,165 [INFO] PluginManage:310 - Check plugin clock
2024-08-06 15:55:55,173 [INFO] PluginManage:359 - Loaded plugin clock (category:base,tabindex:2)
2024-08-06 15:55:55,173 [INFO] PluginManage:310 - Check plugin ddr
2024-08-06 15:55:55,175 [INFO] PluginManage:359 - Loaded plugin ddr (category:tool,tabindex:6)
2024-08-06 15:55:55,175 [INFO] PluginManage:310 - Check plugin filemanager
2024-08-06 15:55:55,324 [INFO] PluginManage:359 - Loaded plugin filemanager (category:base,tabindex:10)
2024-08-06 15:55:55,324 [INFO] PluginManage:310 - Check plugin ipmanager
2024-08-06 15:55:55,330 [INFO] PluginManage:359 - Loaded plugin ipmanager (category:base,tabindex:5)
2024-08-06 15:55:55,331 [INFO] PluginManage:310 - Check plugin lpbam
2024-08-06 15:55:55,340 [INFO] PluginManage:359 - Loaded plugin lpbam (category:base,tabindex:0)
2024-08-06 15:55:55,340 [INFO] PluginManage:310 - Check plugin memorymap
2024-08-06 15:55:55,351 [INFO] PluginManage:359 - Loaded plugin memorymap (category:base,tabindex:4)
2024-08-06 15:55:55,351 [INFO] PluginManage:310 - Check plugin pinoutandconfiguration
2024-08-06 15:55:55,359 [INFO] PluginManage:359 - Loaded plugin pinoutandconfiguration (category:base,tabindex:1)
2024-08-06 15:55:55,359 [INFO] PluginManage:310 - Check plugin pinoutconfig
2024-08-06 15:55:55,463 [WARN] SupportedApi:132 - Cannot load RTOS API schema: s4s-elt-must-match.1: The content of 'definitions' must match (annotation?, (simpleType | complexType)?, (unique | key | keyref)*)). A problem was found starting at: attribute.
2024-08-06 15:55:55,673 [INFO] PluginManage:359 - Loaded plugin pinoutconfig (category:base,tabindex:0)
2024-08-06 15:55:55,673 [INFO] PluginManage:310 - Check plugin power
2024-08-06 15:55:55,687 [INFO] PluginManage:359 - Loaded plugin power (category:power,tabindex:4)
2024-08-06 15:55:55,687 [INFO] PluginManage:310 - Check plugin projectmanager
2024-08-06 15:55:55,717 [INFO] PluginManage:359 - Loaded plugin projectmanager (category:projectmanager,tabindex:4)
2024-08-06 15:55:55,717 [INFO] PluginManage:310 - Check plugin rif
2024-08-06 15:55:55,722 [INFO] PluginManage:359 - Loaded plugin rif (category:base,tabindex:3)
2024-08-06 15:55:55,722 [INFO] PluginManage:310 - Check plugin thirdparty
2024-08-06 15:55:55,899 [INFO] PluginManage:359 - Loaded plugin thirdparty (category:base,tabindex:-1)
2024-08-06 15:55:55,899 [INFO] PluginManage:310 - Check plugin tools
2024-08-06 15:55:55,902 [WARN] IntegrityCheckThread:84 - waiting for thirdparty lock release [integrity check]
2024-08-06 15:55:55,903 [INFO] IntegrityCheckThread:86 - entering critical section [integrity check]
2024-08-06 15:55:55,903 [INFO] PluginManage:359 - Loaded plugin tools (category:base,tabindex:7)
2024-08-06 15:55:55,903 [INFO] PluginManage:310 - Check plugin tutovideos
2024-08-06 15:55:55,903 [INFO] ThirdPartyUpdaterWithRetryManager:70 - Updater plugin not ready yet. [1/15]
2024-08-06 15:55:56,144 [INFO] PluginManage:359 - Loaded plugin tutovideos (category:base,tabindex:-1)
2024-08-06 15:55:56,145 [INFO] PluginManage:310 - Check plugin updater
2024-08-06 15:55:56,171 [INFO] PluginManage:359 - Loaded plugin updater (category:base,tabindex:12)
2024-08-06 15:55:56,171 [INFO] PluginManage:310 - Check plugin userauth
2024-08-06 15:55:56,179 [INFO] UserAuth:113 - Init User Auth plugin
2024-08-06 15:55:56,179 [INFO] PluginManage:359 - Loaded plugin userauth (category:base,tabindex:14)
2024-08-06 15:55:56,180 [INFO] PluginManage:283 - PluginManage : Loaded plugins [18]
2024-08-06 15:55:56,482 [INFO] PinOutPanel:1561 - setPackage(No Configuration,No Configuration)
2024-08-06 15:55:56,579 [INFO] CADModel:165 - CPN selected for project level
2024-08-06 15:55:56,579 [INFO] CADModel:114 - Register for checkConnection events
2024-08-06 15:55:56,595 [INFO] IPUIPlugin:80 - create IPUIPlugin
2024-08-06 15:55:56,595 [INFO] PluginManager:220 - loadIPPluginJar : add ddr_ctrl_phy
2024-08-06 15:55:56,597 [INFO] IPUIPlugin:80 - create IPUIPlugin
2024-08-06 15:55:56,597 [INFO] PluginManager:220 - loadIPPluginJar : add tim
2024-08-06 15:55:56,600 [INFO] IPUIPlugin:80 - create IPUIPlugin
2024-08-06 15:55:56,601 [INFO] PluginManager:220 - loadIPPluginJar : add openamp
2024-08-06 15:55:56,604 [INFO] IPUIPlugin:80 - create IPUIPlugin
2024-08-06 15:55:56,605 [INFO] PluginManager:220 - loadIPPluginJar : add pdm2pcm
2024-08-06 15:55:56,636 [INFO] IPUIPlugin:80 - create IPUIPlugin
2024-08-06 15:55:56,636 [INFO] PluginManager:220 - loadIPPluginJar : add resmgrutility
2024-08-06 15:55:56,643 [INFO] IPUIPlugin:80 - create IPUIPlugin
2024-08-06 15:55:56,644 [INFO] PluginManager:220 - loadIPPluginJar : add mdma
2024-08-06 15:55:56,645 [INFO] IPUIPlugin:80 - create IPUIPlugin
2024-08-06 15:55:56,645 [INFO] PluginManager:220 - loadIPPluginJar : add tsc
2024-08-06 15:55:56,647 [INFO] IPUIPlugin:80 - create IPUIPlugin
2024-08-06 15:55:56,647 [INFO] PluginManager:220 - loadIPPluginJar : add genericplugin
2024-08-06 15:55:56,649 [INFO] IPUIPlugin:80 - create IPUIPlugin
2024-08-06 15:55:56,649 [INFO] PluginManager:220 - loadIPPluginJar : add radio
2024-08-06 15:55:56,651 [INFO] IPUIPlugin:80 - create IPUIPlugin
2024-08-06 15:55:56,651 [INFO] PluginManager:220 - loadIPPluginJar : add comp
2024-08-06 15:55:56,652 [INFO] IPUIPlugin:80 - create IPUIPlugin
2024-08-06 15:55:56,652 [INFO] PluginManager:220 - loadIPPluginJar : add quadspi
2024-08-06 15:55:56,655 [INFO] IPUIPlugin:80 - create IPUIPlugin
2024-08-06 15:55:56,655 [INFO] PluginManager:220 - loadIPPluginJar : add extmemmanager
2024-08-06 15:55:56,658 [INFO] IPUIPlugin:80 - create IPUIPlugin
2024-08-06 15:55:56,659 [INFO] PluginManager:220 - loadIPPluginJar : add hash
2024-08-06 15:55:56,663 [INFO] IPUIPlugin:80 - create IPUIPlugin
2024-08-06 15:55:56,663 [INFO] PluginManager:220 - loadIPPluginJar : add sai
2024-08-06 15:55:56,667 [INFO] IPUIPlugin:80 - create IPUIPlugin
2024-08-06 15:55:56,667 [INFO] PluginManager:220 - loadIPPluginJar : add touchsensing
2024-08-06 15:55:56,669 [INFO] IPUIPlugin:80 - create IPUIPlugin
2024-08-06 15:55:56,670 [INFO] PluginManager:220 - loadIPPluginJar : add gfxmmu
2024-08-06 15:55:56,672 [INFO] IPUIPlugin:80 - create IPUIPlugin
2024-08-06 15:55:56,672 [INFO] PluginManager:220 - loadIPPluginJar : add i2c
2024-08-06 15:55:56,687 [INFO] IPUIPlugin:80 - create IPUIPlugin
2024-08-06 15:55:56,687 [INFO] PluginManager:220 - loadIPPluginJar : add adc
2024-08-06 15:55:56,690 [INFO] IPUIPlugin:80 - create IPUIPlugin
2024-08-06 15:55:56,690 [INFO] PluginManager:220 - loadIPPluginJar : add gpio
2024-08-06 15:55:56,695 [INFO] IPUIPlugin:80 - create IPUIPlugin
2024-08-06 15:55:56,695 [INFO] PluginManager:220 - loadIPPluginJar : add fmc
2024-08-06 15:55:56,698 [INFO] IPUIPlugin:80 - create IPUIPlugin
2024-08-06 15:55:56,698 [INFO] PluginManager:220 - loadIPPluginJar : add can
2024-08-06 15:55:56,701 [INFO] IPUIPlugin:80 - create IPUIPlugin
2024-08-06 15:55:56,701 [INFO] PluginManager:220 - loadIPPluginJar : add gtzc
2024-08-06 15:55:56,703 [INFO] IPUIPlugin:80 - create IPUIPlugin
2024-08-06 15:55:56,704 [INFO] PluginManager:220 - loadIPPluginJar : add aes
2024-08-06 15:55:56,709 [INFO] IPUIPlugin:80 - create IPUIPlugin
2024-08-06 15:55:56,710 [INFO] PluginManager:220 - loadIPPluginJar : add usart
2024-08-06 15:55:56,713 [INFO] IPUIPlugin:80 - create IPUIPlugin
2024-08-06 15:55:56,713 [INFO] PluginManager:220 - loadIPPluginJar : add ts
2024-08-06 15:55:56,714 [INFO] IPUIPlugin:80 - create IPUIPlugin
2024-08-06 15:55:56,714 [INFO] PluginManager:220 - loadIPPluginJar : add ltdc
2024-08-06 15:55:56,716 [INFO] IPUIPlugin:80 - create IPUIPlugin
2024-08-06 15:55:56,716 [INFO] PluginManager:220 - loadIPPluginJar : add tracer_emb
2024-08-06 15:55:56,720 [INFO] IPUIPlugin:80 - create IPUIPlugin
2024-08-06 15:55:56,720 [INFO] PluginManager:220 - loadIPPluginJar : add i3c
2024-08-06 15:55:56,723 [INFO] IPUIPlugin:80 - create IPUIPlugin
2024-08-06 15:55:56,723 [INFO] PluginManager:220 - loadIPPluginJar : add lorawan
2024-08-06 15:55:56,728 [INFO] IPUIPlugin:80 - create IPUIPlugin
2024-08-06 15:55:56,728 [INFO] PluginManager:220 - loadIPPluginJar : add stm32_wpan
2024-08-06 15:55:56,736 [INFO] IPUIPlugin:80 - create IPUIPlugin
2024-08-06 15:55:56,739 [INFO] PluginManager:220 - loadIPPluginJar : add plateformsettings
2024-08-06 15:55:56,746 [INFO] IPUIPlugin:80 - create IPUIPlugin
2024-08-06 15:55:56,746 [INFO] PluginManager:220 - loadIPPluginJar : add linkedlist
2024-08-06 15:55:56,751 [INFO] IPUIPlugin:80 - create IPUIPlugin
2024-08-06 15:55:56,751 [INFO] PluginManager:220 - loadIPPluginJar : add gic
2024-08-06 15:55:56,754 [INFO] IPUIPlugin:80 - create IPUIPlugin
2024-08-06 15:55:56,754 [INFO] PluginManager:220 - loadIPPluginJar : add ipddr
2024-08-06 15:55:56,756 [INFO] IPUIPlugin:80 - create IPUIPlugin
2024-08-06 15:55:56,756 [INFO] PluginManager:220 - loadIPPluginJar : add dfsdm
2024-08-06 15:55:56,758 [INFO] IPUIPlugin:80 - create IPUIPlugin
2024-08-06 15:55:56,759 [INFO] PluginManager:220 - loadIPPluginJar : add ucpd
2024-08-06 15:55:56,761 [INFO] IPUIPlugin:80 - create IPUIPlugin
2024-08-06 15:55:56,761 [INFO] PluginManager:220 - loadIPPluginJar : add opamp
2024-08-06 15:55:56,763 [INFO] IPUIPlugin:80 - create IPUIPlugin
2024-08-06 15:55:56,763 [INFO] PluginManager:220 - loadIPPluginJar : add i2s
2024-08-06 15:55:56,768 [INFO] IPUIPlugin:80 - create IPUIPlugin
2024-08-06 15:55:56,768 [INFO] PluginManager:220 - loadIPPluginJar : add freertos
2024-08-06 15:55:56,772 [INFO] IPUIPlugin:80 - create IPUIPlugin
2024-08-06 15:55:56,772 [INFO] PluginManager:220 - loadIPPluginJar : add nvic
2024-08-06 15:55:56,776 [INFO] IPUIPlugin:80 - create IPUIPlugin
2024-08-06 15:55:56,776 [INFO] PluginManager:220 - loadIPPluginJar : add usbx
2024-08-06 15:55:56,779 [INFO] IPUIPlugin:80 - create IPUIPlugin
2024-08-06 15:55:56,779 [INFO] PluginManager:220 - loadIPPluginJar : add dma3
2024-08-06 15:55:56,781 [INFO] IPUIPlugin:80 - create IPUIPlugin
2024-08-06 15:55:56,781 [INFO] PluginManager:220 - loadIPPluginJar : add spi
2024-08-06 15:55:56,783 [INFO] IPUIPlugin:80 - create IPUIPlugin
2024-08-06 15:55:56,783 [INFO] PluginManager:220 - loadIPPluginJar : add cryp
2024-08-06 15:55:56,787 [INFO] IPUIPlugin:80 - create IPUIPlugin
2024-08-06 15:55:56,787 [INFO] PluginManager:220 - loadIPPluginJar : add dma
2024-08-06 15:55:56,789 [INFO] IPUIPlugin:80 - create IPUIPlugin
2024-08-06 15:55:56,789 [INFO] PluginManager:220 - loadIPPluginJar : add fatfs
2024-08-06 15:55:56,898 [INFO] CADModel:165 - CPN selected for project level
2024-08-06 15:55:56,898 [INFO] CADModel:114 - Register for checkConnection events
2024-08-06 15:55:56,898 [FATAL] Updater:334 - Updater called before beeing initialized
2024-08-06 15:55:56,899 [ERROR] CADModel:125 - Updater not yet initialized, retry later 
2024-08-06 15:55:57,036 [INFO] CADModel:165 - CPN selected for project level
2024-08-06 15:55:57,036 [INFO] CADModel:114 - Register for checkConnection events
2024-08-06 15:55:57,037 [FATAL] Updater:334 - Updater called before beeing initialized
2024-08-06 15:55:57,037 [ERROR] CADModel:125 - Updater not yet initialized, retry later 
2024-08-06 15:55:57,041 [FATAL] Updater:334 - Updater called before beeing initialized
2024-08-06 15:55:57,150 [FATAL] Updater:334 - Updater called before beeing initialized
2024-08-06 15:55:57,154 [INFO] DbMcusAds:53 - JSON generation date=Thu May 16 06:22:00 BRT 2024 (1715851320667)
2024-08-06 15:55:57,155 [FATAL] Updater:334 - Updater called before beeing initialized
2024-08-06 15:55:57,194 [WARN] DetailPanel:346 - Failed to get advertising image, set to default
2024-08-06 15:55:57,294 [FATAL] Updater:334 - Updater called before beeing initialized
2024-08-06 15:55:57,295 [FATAL] Updater:334 - Updater called before beeing initialized
2024-08-06 15:55:57,296 [FATAL] Updater:334 - Updater called before beeing initialized
2024-08-06 15:55:57,296 [WARN] DetailPanel:346 - Failed to get advertising image, set to default
2024-08-06 15:55:57,297 [FATAL] Updater:334 - Updater called before beeing initialized
2024-08-06 15:55:57,340 [ERROR] Updater:1164 - MainUpdater not yet initialized. External WinMGr cannot be set.
2024-08-06 15:55:57,342 [INFO] Updater:1100 - Updater Version found : 6.12.0
2024-08-06 15:55:57,369 [INFO] ApplicationProperties:184 - Using Application install path: /opt/st/stm32cubeide_1.16.0/plugins/com.st.stm32cube.common.mx_6.12.0.202406281431
2024-08-06 15:55:57,389 [ERROR] LogOutputStream:75 - [STDERR_REDIRECT] Aug 06, 2024 3:55:57 PM java.util.prefs.FileSystemPreferences$2 run
2024-08-06 15:55:57,390 [ERROR] LogOutputStream:75 - [STDERR_REDIRECT] WARNING: Could not create system preferences directory. System preferences are unusable.
2024-08-06 15:55:57,390 [ERROR] LogOutputStream:75 - [STDERR_REDIRECT] 
2024-08-06 15:55:57,810 [INFO] MainUpdater:2873 - connection check result : 10
2024-08-06 15:55:57,811 [INFO] MainUpdater:290 - Updater Check For Update Now.
2024-08-06 15:55:57,811 [INFO] MicroXplorer:498 - Change Database Version : DB.6.0.120
2024-08-06 15:55:57,818 [INFO] McuFinderGlobals:63 - Set McuFinder mode to 2 (CubeIDE integrated)
2024-08-06 15:55:57,818 [INFO] UserAuth:417 - Internet connection configuration mode: 1
2024-08-06 15:55:57,831 [INFO] JxBrowserEngine:152 - Initiate JxBrowser Engine with user profile folder
2024-08-06 15:55:58,049 [INFO] CheckServerUpdateThread:120 - End of CheckServer Thread
2024-08-06 15:55:58,636 [INFO] WebApp:167 - Instantiating new browser for Auth
2024-08-06 15:55:59,100 [WARN] PackLoader:240 - Cannot read IP mode file for STMicroelectronics.FP-SNS-MOTENVWB1.1.4.0
2024-08-06 15:55:59,125 [WARN] PackLoader:240 - Cannot read IP mode file for STMicroelectronics.X-CUBE-SMBUS.2.1.0
2024-08-06 15:55:59,133 [WARN] PackLoader:240 - Cannot read IP mode file for STMicroelectronics.FP-SNS-FLIGHT1.5.0.2
2024-08-06 15:55:59,151 [WARN] PackLoader:240 - Cannot read IP mode file for STMicroelectronics.X-CUBE-DISPLAY.3.0.0
2024-08-06 15:55:59,180 [WARN] PackLoader:240 - Cannot read IP mode file for STMicroelectronics.X-CUBE-BLE1.7.0.0
2024-08-06 15:55:59,219 [WARN] PackLoader:240 - Cannot read IP mode file for STMicroelectronics.X-CUBE-BLEMGR.3.1.0
2024-08-06 15:55:59,239 [WARN] PackLoader:240 - Cannot read IP mode file for STMicroelectronics.FP-SNS-SMARTAG2.1.2.0
2024-08-06 15:55:59,248 [WARN] PackLoader:240 - Cannot read IP mode file for STMicroelectronics.FP-SNS-MOTENV1.5.0.0
2024-08-06 15:55:59,264 [WARN] PackLoader:240 - Cannot read IP mode file for STMicroelectronics.X-CUBE-BLE2.3.3.0
2024-08-06 15:55:59,287 [WARN] PackLoader:240 - Cannot read IP mode file for STMicroelectronics.X-CUBE-SAFEA1.1.2.2
2024-08-06 15:55:59,303 [WARN] PackLoader:240 - Cannot read IP mode file for STMicroelectronics.X-CUBE-NFC4.3.0.0
2024-08-06 15:55:59,311 [WARN] PackLoader:240 - Cannot read IP mode file for STMicroelectronics.FP-ATR-SIGFOX1.3.2.0
2024-08-06 15:55:59,341 [WARN] PackLoader:240 - Cannot read IP mode file for STMicroelectronics.X-CUBE-EEPRMA1.5.1.0
2024-08-06 15:55:59,359 [WARN] PackLoader:240 - Cannot read IP mode file for STMicroelectronics.X-CUBE-GNSS1.6.0.0
2024-08-06 15:55:59,393 [WARN] PackLoader:240 - Cannot read IP mode file for STMicroelectronics.X-CUBE-FREERTOS.1.2.0
2024-08-06 15:55:59,410 [WARN] PackLoader:240 - Cannot read IP mode file for STMicroelectronics.X-CUBE-NFC6.3.1.0
2024-08-06 15:55:59,433 [WARN] PackLoader:240 - Cannot read IP mode file for STMicroelectronics.X-CUBE-AI.9.0.0
2024-08-06 15:55:59,451 [WARN] PackLoader:240 - Cannot read IP mode file for STMicroelectronics.X-CUBE-NFC7.1.0.1
2024-08-06 15:55:59,466 [WARN] PackLoader:240 - Cannot read IP mode file for STMicroelectronics.X-CUBE-SFXS2LP1.4.0.0
2024-08-06 15:55:59,501 [WARN] PackLoader:240 - Cannot read IP mode file for STMicroelectronics.X-CUBE-SUBG2.5.0.0
2024-08-06 15:55:59,516 [WARN] PackLoader:240 - Cannot read IP mode file for STMicroelectronics.X-CUBE-ISPU.2.0.0
2024-08-06 15:55:59,522 [WARN] PackLoader:240 - Cannot read IP mode file for STMicroelectronics.X-CUBE-ALS.1.0.2
2024-08-06 15:55:59,638 [WARN] PackLoader:240 - Cannot read IP mode file for STMicroelectronics.X-CUBE-MEMS1.10.0.0
2024-08-06 15:55:59,923 [WARN] PackLoader:240 - Cannot read IP mode file for STMicroelectronics.FP-ATR-ASTRA1.2.0.0
2024-08-06 15:55:59,925 [INFO] ThirdParty:978 - Integrity check success = true
2024-08-06 15:55:59,926 [INFO] IntegrityCheckThread:100 - exiting critical section [integrity check]
2024-08-06 15:55:59,926 [INFO] IntegrityCheckThread:103 - End integrity checks thread
2024-08-06 15:56:00,555 [INFO] WebApp:448 - Apply proxy settings
2024-08-06 15:56:00,556 [INFO] WebApp:533 - Chromium requires no authentication
2024-08-06 15:56:00,572 [INFO] WebApp:476 - Direct internet connection detected
2024-08-06 15:56:00,605 [INFO] WebApp:869 - Register for checkConnection events
2024-08-06 15:56:00,605 [INFO] WebApp:448 - Apply proxy settings
2024-08-06 15:56:00,605 [INFO] WebApp:533 - Chromium requires no authentication
2024-08-06 15:56:00,606 [INFO] WebApp:476 - Direct internet connection detected
2024-08-06 15:56:00,787 [INFO] WebApp:220 - Starting web application
2024-08-06 15:56:00,788 [INFO] WebApp:578 - Web application path used /opt/st/stm32cubeide_1.16.0/plugins/com.st.stm32cube.common.mx_6.12.0.202406281431/db/plugins/mcufinder/reactClient1/index.html
2024-08-06 15:56:01,272 [INFO] UserAuth:417 - Internet connection configuration mode: 1
2024-08-06 15:56:03,149 [INFO] WebApp:186 - Connection restablished
2024-08-06 15:56:21,609 [ERROR] LogOutputStream:75 - [STDERR_REDIRECT] Aug 06, 2024 3:56:21 PM java.util.prefs.FileSystemPreferences checkLockFile0ErrorCode
2024-08-06 15:56:21,610 [ERROR] LogOutputStream:75 - [STDERR_REDIRECT] WARNING: Could not lock System prefs. Unix error code 2.
2024-08-06 15:56:21,610 [ERROR] LogOutputStream:75 - [STDERR_REDIRECT] 
2024-08-06 15:56:21,611 [ERROR] LogOutputStream:75 - [STDERR_REDIRECT] Aug 06, 2024 3:56:21 PM java.util.prefs.FileSystemPreferences syncWorld
2024-08-06 15:56:21,612 [ERROR] LogOutputStream:75 - [STDERR_REDIRECT] WARNING: Couldn't flush system prefs: java.util.prefs.BackingStoreException: Couldn't get file lock.
2024-08-06 15:56:21,613 [ERROR] LogOutputStream:75 - [STDERR_REDIRECT] 
2024-08-06 15:56:51,597 [ERROR] LogOutputStream:75 - [STDERR_REDIRECT] Aug 06, 2024 3:56:51 PM java.util.prefs.FileSystemPreferences checkLockFile0ErrorCode
2024-08-06 15:56:51,597 [ERROR] LogOutputStream:75 - [STDERR_REDIRECT] WARNING: Could not lock System prefs. Unix error code 2.
2024-08-06 15:56:51,597 [ERROR] LogOutputStream:75 - [STDERR_REDIRECT] 
2024-08-06 15:56:51,598 [ERROR] LogOutputStream:75 - [STDERR_REDIRECT] Aug 06, 2024 3:56:51 PM java.util.prefs.FileSystemPreferences syncWorld
2024-08-06 15:56:51,598 [ERROR] LogOutputStream:75 - [STDERR_REDIRECT] WARNING: Couldn't flush system prefs: java.util.prefs.BackingStoreException: Couldn't get file lock.
2024-08-06 15:56:51,598 [ERROR] LogOutputStream:75 - [STDERR_REDIRECT] 
2024-08-06 15:57:21,597 [ERROR] LogOutputStream:75 - [STDERR_REDIRECT] Aug 06, 2024 3:57:21 PM java.util.prefs.FileSystemPreferences checkLockFile0ErrorCode
2024-08-06 15:57:21,597 [ERROR] LogOutputStream:75 - [STDERR_REDIRECT] WARNING: Could not lock System prefs. Unix error code 2.
2024-08-06 15:57:21,597 [ERROR] LogOutputStream:75 - [STDERR_REDIRECT] 
2024-08-06 15:57:21,598 [ERROR] LogOutputStream:75 - [STDERR_REDIRECT] Aug 06, 2024 3:57:21 PM java.util.prefs.FileSystemPreferences syncWorld
2024-08-06 15:57:21,599 [ERROR] LogOutputStream:75 - [STDERR_REDIRECT] WARNING: Couldn't flush system prefs: java.util.prefs.BackingStoreException: Couldn't get file lock.
2024-08-06 15:57:21,599 [ERROR] LogOutputStream:75 - [STDERR_REDIRECT] 
2024-08-06 15:57:51,596 [ERROR] LogOutputStream:75 - [STDERR_REDIRECT] Aug 06, 2024 3:57:51 PM java.util.prefs.FileSystemPreferences checkLockFile0ErrorCode
2024-08-06 15:57:51,597 [ERROR] LogOutputStream:75 - [STDERR_REDIRECT] WARNING: Could not lock System prefs. Unix error code 2.
2024-08-06 15:57:51,597 [ERROR] LogOutputStream:75 - [STDERR_REDIRECT] 
2024-08-06 15:57:51,598 [ERROR] LogOutputStream:75 - [STDERR_REDIRECT] Aug 06, 2024 3:57:51 PM java.util.prefs.FileSystemPreferences syncWorld
2024-08-06 15:57:51,598 [ERROR] LogOutputStream:75 - [STDERR_REDIRECT] WARNING: Couldn't flush system prefs: java.util.prefs.BackingStoreException: Couldn't get file lock.
2024-08-06 15:57:51,598 [ERROR] LogOutputStream:75 - [STDERR_REDIRECT] 
2024-08-06 15:58:21,599 [ERROR] LogOutputStream:75 - [STDERR_REDIRECT] Aug 06, 2024 3:58:21 PM java.util.prefs.FileSystemPreferences checkLockFile0ErrorCode
2024-08-06 15:58:21,599 [ERROR] LogOutputStream:75 - [STDERR_REDIRECT] WARNING: Could not lock System prefs. Unix error code 2.
2024-08-06 15:58:21,599 [ERROR] LogOutputStream:75 - [STDERR_REDIRECT] 
2024-08-06 15:58:21,600 [ERROR] LogOutputStream:75 - [STDERR_REDIRECT] Aug 06, 2024 3:58:21 PM java.util.prefs.FileSystemPreferences syncWorld
2024-08-06 15:58:21,600 [ERROR] LogOutputStream:75 - [STDERR_REDIRECT] WARNING: Couldn't flush system prefs: java.util.prefs.BackingStoreException: Couldn't get file lock.
2024-08-06 15:58:21,600 [ERROR] LogOutputStream:75 - [STDERR_REDIRECT] 
2024-08-06 15:58:51,600 [ERROR] LogOutputStream:75 - [STDERR_REDIRECT] Aug 06, 2024 3:58:51 PM java.util.prefs.FileSystemPreferences checkLockFile0ErrorCode
2024-08-06 15:58:51,601 [ERROR] LogOutputStream:75 - [STDERR_REDIRECT] WARNING: Could not lock System prefs. Unix error code 2.
2024-08-06 15:58:51,602 [ERROR] LogOutputStream:75 - [STDERR_REDIRECT] 
2024-08-06 15:58:51,604 [ERROR] LogOutputStream:75 - [STDERR_REDIRECT] Aug 06, 2024 3:58:51 PM java.util.prefs.FileSystemPreferences syncWorld
2024-08-06 15:58:51,604 [ERROR] LogOutputStream:75 - [STDERR_REDIRECT] WARNING: Couldn't flush system prefs: java.util.prefs.BackingStoreException: Couldn't get file lock.
2024-08-06 15:58:51,605 [ERROR] LogOutputStream:75 - [STDERR_REDIRECT] 
2024-08-06 15:59:21,599 [ERROR] LogOutputStream:75 - [STDERR_REDIRECT] Aug 06, 2024 3:59:21 PM java.util.prefs.FileSystemPreferences checkLockFile0ErrorCode
2024-08-06 15:59:21,600 [ERROR] LogOutputStream:75 - [STDERR_REDIRECT] WARNING: Could not lock System prefs. Unix error code 2.
2024-08-06 15:59:21,601 [ERROR] LogOutputStream:75 - [STDERR_REDIRECT] 
2024-08-06 15:59:21,605 [ERROR] LogOutputStream:75 - [STDERR_REDIRECT] Aug 06, 2024 3:59:21 PM java.util.prefs.FileSystemPreferences syncWorld
2024-08-06 15:59:21,606 [ERROR] LogOutputStream:75 - [STDERR_REDIRECT] WARNING: Couldn't flush system prefs: java.util.prefs.BackingStoreException: Couldn't get file lock.
2024-08-06 15:59:21,606 [ERROR] LogOutputStream:75 - [STDERR_REDIRECT] 
2024-08-06 15:59:51,598 [ERROR] LogOutputStream:75 - [STDERR_REDIRECT] Aug 06, 2024 3:59:51 PM java.util.prefs.FileSystemPreferences checkLockFile0ErrorCode
2024-08-06 15:59:51,599 [ERROR] LogOutputStream:75 - [STDERR_REDIRECT] WARNING: Could not lock System prefs. Unix error code 2.
2024-08-06 15:59:51,600 [ERROR] LogOutputStream:75 - [STDERR_REDIRECT] 
2024-08-06 15:59:51,600 [ERROR] LogOutputStream:75 - [STDERR_REDIRECT] Aug 06, 2024 3:59:51 PM java.util.prefs.FileSystemPreferences syncWorld
2024-08-06 15:59:51,601 [ERROR] LogOutputStream:75 - [STDERR_REDIRECT] WARNING: Couldn't flush system prefs: java.util.prefs.BackingStoreException: Couldn't get file lock.
2024-08-06 15:59:51,601 [ERROR] LogOutputStream:75 - [STDERR_REDIRECT] 
2024-08-06 16:00:21,598 [ERROR] LogOutputStream:75 - [STDERR_REDIRECT] Aug 06, 2024 4:00:21 PM java.util.prefs.FileSystemPreferences checkLockFile0ErrorCode
2024-08-06 16:00:21,600 [ERROR] LogOutputStream:75 - [STDERR_REDIRECT] WARNING: Could not lock System prefs. Unix error code 2.
2024-08-06 16:00:21,600 [ERROR] LogOutputStream:75 - [STDERR_REDIRECT] 
2024-08-06 16:00:21,607 [ERROR] LogOutputStream:75 - [STDERR_REDIRECT] Aug 06, 2024 4:00:21 PM java.util.prefs.FileSystemPreferences syncWorld
2024-08-06 16:00:21,609 [ERROR] LogOutputStream:75 - [STDERR_REDIRECT] WARNING: Couldn't flush system prefs: java.util.prefs.BackingStoreException: Couldn't get file lock.
2024-08-06 16:00:21,609 [ERROR] LogOutputStream:75 - [STDERR_REDIRECT] 
2024-08-06 16:00:51,602 [ERROR] LogOutputStream:75 - [STDERR_REDIRECT] Aug 06, 2024 4:00:51 PM java.util.prefs.FileSystemPreferences checkLockFile0ErrorCode
2024-08-06 16:00:51,603 [ERROR] LogOutputStream:75 - [STDERR_REDIRECT] WARNING: Could not lock System prefs. Unix error code 2.
2024-08-06 16:00:51,604 [ERROR] LogOutputStream:75 - [STDERR_REDIRECT] 
2024-08-06 16:00:51,605 [ERROR] LogOutputStream:75 - [STDERR_REDIRECT] Aug 06, 2024 4:00:51 PM java.util.prefs.FileSystemPreferences syncWorld
2024-08-06 16:00:51,606 [ERROR] LogOutputStream:75 - [STDERR_REDIRECT] WARNING: Couldn't flush system prefs: java.util.prefs.BackingStoreException: Couldn't get file lock.
2024-08-06 16:00:51,607 [ERROR] LogOutputStream:75 - [STDERR_REDIRECT] 
2024-08-06 16:01:21,597 [ERROR] LogOutputStream:75 - [STDERR_REDIRECT] Aug 06, 2024 4:01:21 PM java.util.prefs.FileSystemPreferences checkLockFile0ErrorCode
2024-08-06 16:01:21,597 [ERROR] LogOutputStream:75 - [STDERR_REDIRECT] WARNING: Could not lock System prefs. Unix error code 2.
2024-08-06 16:01:21,598 [ERROR] LogOutputStream:75 - [STDERR_REDIRECT] 
2024-08-06 16:01:21,598 [ERROR] LogOutputStream:75 - [STDERR_REDIRECT] Aug 06, 2024 4:01:21 PM java.util.prefs.FileSystemPreferences syncWorld
2024-08-06 16:01:21,599 [ERROR] LogOutputStream:75 - [STDERR_REDIRECT] WARNING: Couldn't flush system prefs: java.util.prefs.BackingStoreException: Couldn't get file lock.
2024-08-06 16:01:21,599 [ERROR] LogOutputStream:75 - [STDERR_REDIRECT] 
2024-08-06 16:01:51,601 [ERROR] LogOutputStream:75 - [STDERR_REDIRECT] Aug 06, 2024 4:01:51 PM java.util.prefs.FileSystemPreferences checkLockFile0ErrorCode
2024-08-06 16:01:51,601 [ERROR] LogOutputStream:75 - [STDERR_REDIRECT] WARNING: Could not lock System prefs. Unix error code 2.
2024-08-06 16:01:51,602 [ERROR] LogOutputStream:75 - [STDERR_REDIRECT] 
2024-08-06 16:01:51,602 [ERROR] LogOutputStream:75 - [STDERR_REDIRECT] Aug 06, 2024 4:01:51 PM java.util.prefs.FileSystemPreferences syncWorld
2024-08-06 16:01:51,602 [ERROR] LogOutputStream:75 - [STDERR_REDIRECT] WARNING: Couldn't flush system prefs: java.util.prefs.BackingStoreException: Couldn't get file lock.
2024-08-06 16:01:51,603 [ERROR] LogOutputStream:75 - [STDERR_REDIRECT] 
2024-08-06 16:02:21,598 [ERROR] LogOutputStream:75 - [STDERR_REDIRECT] Aug 06, 2024 4:02:21 PM java.util.prefs.FileSystemPreferences checkLockFile0ErrorCode
2024-08-06 16:02:21,598 [ERROR] LogOutputStream:75 - [STDERR_REDIRECT] WARNING: Could not lock System prefs. Unix error code 2.
2024-08-06 16:02:21,598 [ERROR] LogOutputStream:75 - [STDERR_REDIRECT] 
2024-08-06 16:02:21,599 [ERROR] LogOutputStream:75 - [STDERR_REDIRECT] Aug 06, 2024 4:02:21 PM java.util.prefs.FileSystemPreferences syncWorld
2024-08-06 16:02:21,599 [ERROR] LogOutputStream:75 - [STDERR_REDIRECT] WARNING: Couldn't flush system prefs: java.util.prefs.BackingStoreException: Couldn't get file lock.
2024-08-06 16:02:21,599 [ERROR] LogOutputStream:75 - [STDERR_REDIRECT] 
2024-08-06 16:02:51,598 [ERROR] LogOutputStream:75 - [STDERR_REDIRECT] Aug 06, 2024 4:02:51 PM java.util.prefs.FileSystemPreferences checkLockFile0ErrorCode
2024-08-06 16:02:51,598 [ERROR] LogOutputStream:75 - [STDERR_REDIRECT] WARNING: Could not lock System prefs. Unix error code 2.
2024-08-06 16:02:51,599 [ERROR] LogOutputStream:75 - [STDERR_REDIRECT] 
2024-08-06 16:02:51,599 [ERROR] LogOutputStream:75 - [STDERR_REDIRECT] Aug 06, 2024 4:02:51 PM java.util.prefs.FileSystemPreferences syncWorld
2024-08-06 16:02:51,600 [ERROR] LogOutputStream:75 - [STDERR_REDIRECT] WARNING: Couldn't flush system prefs: java.util.prefs.BackingStoreException: Couldn't get file lock.
2024-08-06 16:02:51,600 [ERROR] LogOutputStream:75 - [STDERR_REDIRECT] 
2024-08-06 16:03:21,608 [ERROR] LogOutputStream:75 - [STDERR_REDIRECT] Aug 06, 2024 4:03:21 PM java.util.prefs.FileSystemPreferences checkLockFile0ErrorCode
2024-08-06 16:03:21,608 [ERROR] LogOutputStream:75 - [STDERR_REDIRECT] WARNING: Could not lock System prefs. Unix error code 2.
2024-08-06 16:03:21,608 [ERROR] LogOutputStream:75 - [STDERR_REDIRECT] 
2024-08-06 16:03:21,609 [ERROR] LogOutputStream:75 - [STDERR_REDIRECT] Aug 06, 2024 4:03:21 PM java.util.prefs.FileSystemPreferences syncWorld
2024-08-06 16:03:21,609 [ERROR] LogOutputStream:75 - [STDERR_REDIRECT] WARNING: Couldn't flush system prefs: java.util.prefs.BackingStoreException: Couldn't get file lock.
2024-08-06 16:03:21,610 [ERROR] LogOutputStream:75 - [STDERR_REDIRECT] 
2024-08-06 16:03:51,605 [ERROR] LogOutputStream:75 - [STDERR_REDIRECT] Aug 06, 2024 4:03:51 PM java.util.prefs.FileSystemPreferences checkLockFile0ErrorCode
2024-08-06 16:03:51,605 [ERROR] LogOutputStream:75 - [STDERR_REDIRECT] WARNING: Could not lock System prefs. Unix error code 2.
2024-08-06 16:03:51,605 [ERROR] LogOutputStream:75 - [STDERR_REDIRECT] 
2024-08-06 16:03:51,606 [ERROR] LogOutputStream:75 - [STDERR_REDIRECT] Aug 06, 2024 4:03:51 PM java.util.prefs.FileSystemPreferences syncWorld
2024-08-06 16:03:51,606 [ERROR] LogOutputStream:75 - [STDERR_REDIRECT] WARNING: Couldn't flush system prefs: java.util.prefs.BackingStoreException: Couldn't get file lock.
2024-08-06 16:03:51,606 [ERROR] LogOutputStream:75 - [STDERR_REDIRECT] 
2024-08-06 16:04:21,599 [ERROR] LogOutputStream:75 - [STDERR_REDIRECT] Aug 06, 2024 4:04:21 PM java.util.prefs.FileSystemPreferences checkLockFile0ErrorCode
2024-08-06 16:04:21,599 [ERROR] LogOutputStream:75 - [STDERR_REDIRECT] WARNING: Could not lock System prefs. Unix error code 2.
2024-08-06 16:04:21,600 [ERROR] LogOutputStream:75 - [STDERR_REDIRECT] 
2024-08-06 16:04:21,603 [ERROR] LogOutputStream:75 - [STDERR_REDIRECT] Aug 06, 2024 4:04:21 PM java.util.prefs.FileSystemPreferences syncWorld
2024-08-06 16:04:21,603 [ERROR] LogOutputStream:75 - [STDERR_REDIRECT] WARNING: Couldn't flush system prefs: java.util.prefs.BackingStoreException: Couldn't get file lock.
2024-08-06 16:04:21,604 [ERROR] LogOutputStream:75 - [STDERR_REDIRECT] 
2024-08-06 16:04:51,599 [ERROR] LogOutputStream:75 - [STDERR_REDIRECT] Aug 06, 2024 4:04:51 PM java.util.prefs.FileSystemPreferences checkLockFile0ErrorCode
2024-08-06 16:04:51,600 [ERROR] LogOutputStream:75 - [STDERR_REDIRECT] WARNING: Could not lock System prefs. Unix error code 2.
2024-08-06 16:04:51,600 [ERROR] LogOutputStream:75 - [STDERR_REDIRECT] 
2024-08-06 16:04:51,605 [ERROR] LogOutputStream:75 - [STDERR_REDIRECT] Aug 06, 2024 4:04:51 PM java.util.prefs.FileSystemPreferences syncWorld
2024-08-06 16:04:51,608 [ERROR] LogOutputStream:75 - [STDERR_REDIRECT] WARNING: Couldn't flush system prefs: java.util.prefs.BackingStoreException: Couldn't get file lock.
2024-08-06 16:04:51,608 [ERROR] LogOutputStream:75 - [STDERR_REDIRECT] 
2024-08-06 16:05:21,598 [ERROR] LogOutputStream:75 - [STDERR_REDIRECT] Aug 06, 2024 4:05:21 PM java.util.prefs.FileSystemPreferences checkLockFile0ErrorCode
2024-08-06 16:05:21,599 [ERROR] LogOutputStream:75 - [STDERR_REDIRECT] WARNING: Could not lock System prefs. Unix error code 2.
2024-08-06 16:05:21,599 [ERROR] LogOutputStream:75 - [STDERR_REDIRECT] 
2024-08-06 16:05:21,599 [ERROR] LogOutputStream:75 - [STDERR_REDIRECT] Aug 06, 2024 4:05:21 PM java.util.prefs.FileSystemPreferences syncWorld
2024-08-06 16:05:21,600 [ERROR] LogOutputStream:75 - [STDERR_REDIRECT] WARNING: Couldn't flush system prefs: java.util.prefs.BackingStoreException: Couldn't get file lock.
2024-08-06 16:05:21,600 [ERROR] LogOutputStream:75 - [STDERR_REDIRECT] 
2024-08-06 16:05:51,598 [ERROR] LogOutputStream:75 - [STDERR_REDIRECT] Aug 06, 2024 4:05:51 PM java.util.prefs.FileSystemPreferences checkLockFile0ErrorCode
2024-08-06 16:05:51,598 [ERROR] LogOutputStream:75 - [STDERR_REDIRECT] WARNING: Could not lock System prefs. Unix error code 2.
2024-08-06 16:05:51,599 [ERROR] LogOutputStream:75 - [STDERR_REDIRECT] 
2024-08-06 16:05:51,599 [ERROR] LogOutputStream:75 - [STDERR_REDIRECT] Aug 06, 2024 4:05:51 PM java.util.prefs.FileSystemPreferences syncWorld
2024-08-06 16:05:51,600 [ERROR] LogOutputStream:75 - [STDERR_REDIRECT] WARNING: Couldn't flush system prefs: java.util.prefs.BackingStoreException: Couldn't get file lock.
2024-08-06 16:05:51,600 [ERROR] LogOutputStream:75 - [STDERR_REDIRECT] 
2024-08-06 16:06:21,598 [ERROR] LogOutputStream:75 - [STDERR_REDIRECT] Aug 06, 2024 4:06:21 PM java.util.prefs.FileSystemPreferences checkLockFile0ErrorCode
2024-08-06 16:06:21,598 [ERROR] LogOutputStream:75 - [STDERR_REDIRECT] WARNING: Could not lock System prefs. Unix error code 2.
2024-08-06 16:06:21,599 [ERROR] LogOutputStream:75 - [STDERR_REDIRECT] 
2024-08-06 16:06:21,602 [ERROR] LogOutputStream:75 - [STDERR_REDIRECT] Aug 06, 2024 4:06:21 PM java.util.prefs.FileSystemPreferences syncWorld
2024-08-06 16:06:21,604 [ERROR] LogOutputStream:75 - [STDERR_REDIRECT] WARNING: Couldn't flush system prefs: java.util.prefs.BackingStoreException: Couldn't get file lock.
2024-08-06 16:06:21,604 [ERROR] LogOutputStream:75 - [STDERR_REDIRECT] 
2024-08-06 16:06:51,598 [ERROR] LogOutputStream:75 - [STDERR_REDIRECT] Aug 06, 2024 4:06:51 PM java.util.prefs.FileSystemPreferences checkLockFile0ErrorCode
2024-08-06 16:06:51,598 [ERROR] LogOutputStream:75 - [STDERR_REDIRECT] WARNING: Could not lock System prefs. Unix error code 2.
2024-08-06 16:06:51,598 [ERROR] LogOutputStream:75 - [STDERR_REDIRECT] 
2024-08-06 16:06:51,599 [ERROR] LogOutputStream:75 - [STDERR_REDIRECT] Aug 06, 2024 4:06:51 PM java.util.prefs.FileSystemPreferences syncWorld
2024-08-06 16:06:51,599 [ERROR] LogOutputStream:75 - [STDERR_REDIRECT] WARNING: Couldn't flush system prefs: java.util.prefs.BackingStoreException: Couldn't get file lock.
2024-08-06 16:06:51,599 [ERROR] LogOutputStream:75 - [STDERR_REDIRECT] 
2024-08-06 16:07:21,599 [ERROR] LogOutputStream:75 - [STDERR_REDIRECT] Aug 06, 2024 4:07:21 PM java.util.prefs.FileSystemPreferences checkLockFile0ErrorCode
2024-08-06 16:07:21,599 [ERROR] LogOutputStream:75 - [STDERR_REDIRECT] WARNING: Could not lock System prefs. Unix error code 2.
2024-08-06 16:07:21,600 [ERROR] LogOutputStream:75 - [STDERR_REDIRECT] 
2024-08-06 16:07:21,600 [ERROR] LogOutputStream:75 - [STDERR_REDIRECT] Aug 06, 2024 4:07:21 PM java.util.prefs.FileSystemPreferences syncWorld
2024-08-06 16:07:21,601 [ERROR] LogOutputStream:75 - [STDERR_REDIRECT] WARNING: Couldn't flush system prefs: java.util.prefs.BackingStoreException: Couldn't get file lock.
2024-08-06 16:07:21,601 [ERROR] LogOutputStream:75 - [STDERR_REDIRECT] 
2024-08-06 16:07:51,598 [ERROR] LogOutputStream:75 - [STDERR_REDIRECT] Aug 06, 2024 4:07:51 PM java.util.prefs.FileSystemPreferences checkLockFile0ErrorCode
2024-08-06 16:07:51,599 [ERROR] LogOutputStream:75 - [STDERR_REDIRECT] WARNING: Could not lock System prefs. Unix error code 2.
2024-08-06 16:07:51,599 [ERROR] LogOutputStream:75 - [STDERR_REDIRECT] 
2024-08-06 16:07:51,599 [ERROR] LogOutputStream:75 - [STDERR_REDIRECT] Aug 06, 2024 4:07:51 PM java.util.prefs.FileSystemPreferences syncWorld
2024-08-06 16:07:51,599 [ERROR] LogOutputStream:75 - [STDERR_REDIRECT] WARNING: Couldn't flush system prefs: java.util.prefs.BackingStoreException: Couldn't get file lock.
2024-08-06 16:07:51,600 [ERROR] LogOutputStream:75 - [STDERR_REDIRECT] 
2024-08-06 16:08:21,598 [ERROR] LogOutputStream:75 - [STDERR_REDIRECT] Aug 06, 2024 4:08:21 PM java.util.prefs.FileSystemPreferences checkLockFile0ErrorCode
2024-08-06 16:08:21,598 [ERROR] LogOutputStream:75 - [STDERR_REDIRECT] WARNING: Could not lock System prefs. Unix error code 2.
2024-08-06 16:08:21,598 [ERROR] LogOutputStream:75 - [STDERR_REDIRECT] 
2024-08-06 16:08:21,599 [ERROR] LogOutputStream:75 - [STDERR_REDIRECT] Aug 06, 2024 4:08:21 PM java.util.prefs.FileSystemPreferences syncWorld
2024-08-06 16:08:21,599 [ERROR] LogOutputStream:75 - [STDERR_REDIRECT] WARNING: Couldn't flush system prefs: java.util.prefs.BackingStoreException: Couldn't get file lock.
2024-08-06 16:08:21,599 [ERROR] LogOutputStream:75 - [STDERR_REDIRECT] 
2024-08-06 16:08:51,598 [ERROR] LogOutputStream:75 - [STDERR_REDIRECT] Aug 06, 2024 4:08:51 PM java.util.prefs.FileSystemPreferences checkLockFile0ErrorCode
2024-08-06 16:08:51,599 [ERROR] LogOutputStream:75 - [STDERR_REDIRECT] WARNING: Could not lock System prefs. Unix error code 2.
2024-08-06 16:08:51,599 [ERROR] LogOutputStream:75 - [STDERR_REDIRECT] 
2024-08-06 16:08:51,600 [ERROR] LogOutputStream:75 - [STDERR_REDIRECT] Aug 06, 2024 4:08:51 PM java.util.prefs.FileSystemPreferences syncWorld
2024-08-06 16:08:51,600 [ERROR] LogOutputStream:75 - [STDERR_REDIRECT] WARNING: Couldn't flush system prefs: java.util.prefs.BackingStoreException: Couldn't get file lock.
2024-08-06 16:08:51,600 [ERROR] LogOutputStream:75 - [STDERR_REDIRECT] 
2024-08-06 16:09:21,598 [ERROR] LogOutputStream:75 - [STDERR_REDIRECT] Aug 06, 2024 4:09:21 PM java.util.prefs.FileSystemPreferences checkLockFile0ErrorCode
2024-08-06 16:09:21,599 [ERROR] LogOutputStream:75 - [STDERR_REDIRECT] WARNING: Could not lock System prefs. Unix error code 2.
2024-08-06 16:09:21,599 [ERROR] LogOutputStream:75 - [STDERR_REDIRECT] 
2024-08-06 16:09:21,599 [ERROR] LogOutputStream:75 - [STDERR_REDIRECT] Aug 06, 2024 4:09:21 PM java.util.prefs.FileSystemPreferences syncWorld
2024-08-06 16:09:21,599 [ERROR] LogOutputStream:75 - [STDERR_REDIRECT] WARNING: Couldn't flush system prefs: java.util.prefs.BackingStoreException: Couldn't get file lock.
2024-08-06 16:09:21,600 [ERROR] LogOutputStream:75 - [STDERR_REDIRECT] 
2024-08-06 16:09:51,598 [ERROR] LogOutputStream:75 - [STDERR_REDIRECT] Aug 06, 2024 4:09:51 PM java.util.prefs.FileSystemPreferences checkLockFile0ErrorCode
2024-08-06 16:09:51,598 [ERROR] LogOutputStream:75 - [STDERR_REDIRECT] WARNING: Could not lock System prefs. Unix error code 2.
2024-08-06 16:09:51,598 [ERROR] LogOutputStream:75 - [STDERR_REDIRECT] 
2024-08-06 16:09:51,599 [ERROR] LogOutputStream:75 - [STDERR_REDIRECT] Aug 06, 2024 4:09:51 PM java.util.prefs.FileSystemPreferences syncWorld
2024-08-06 16:09:51,599 [ERROR] LogOutputStream:75 - [STDERR_REDIRECT] WARNING: Couldn't flush system prefs: java.util.prefs.BackingStoreException: Couldn't get file lock.
2024-08-06 16:09:51,599 [ERROR] LogOutputStream:75 - [STDERR_REDIRECT] 
2024-08-06 16:10:21,598 [ERROR] LogOutputStream:75 - [STDERR_REDIRECT] Aug 06, 2024 4:10:21 PM java.util.prefs.FileSystemPreferences checkLockFile0ErrorCode
2024-08-06 16:10:21,598 [ERROR] LogOutputStream:75 - [STDERR_REDIRECT] WARNING: Could not lock System prefs. Unix error code 2.
2024-08-06 16:10:21,598 [ERROR] LogOutputStream:75 - [STDERR_REDIRECT] 
2024-08-06 16:10:21,599 [ERROR] LogOutputStream:75 - [STDERR_REDIRECT] Aug 06, 2024 4:10:21 PM java.util.prefs.FileSystemPreferences syncWorld
2024-08-06 16:10:21,600 [ERROR] LogOutputStream:75 - [STDERR_REDIRECT] WARNING: Couldn't flush system prefs: java.util.prefs.BackingStoreException: Couldn't get file lock.
2024-08-06 16:10:21,600 [ERROR] LogOutputStream:75 - [STDERR_REDIRECT] 
2024-08-06 16:10:51,597 [ERROR] LogOutputStream:75 - [STDERR_REDIRECT] Aug 06, 2024 4:10:51 PM java.util.prefs.FileSystemPreferences checkLockFile0ErrorCode
2024-08-06 16:10:51,597 [ERROR] LogOutputStream:75 - [STDERR_REDIRECT] WARNING: Could not lock System prefs. Unix error code 2.
2024-08-06 16:10:51,598 [ERROR] LogOutputStream:75 - [STDERR_REDIRECT] 
2024-08-06 16:10:51,598 [ERROR] LogOutputStream:75 - [STDERR_REDIRECT] Aug 06, 2024 4:10:51 PM java.util.prefs.FileSystemPreferences syncWorld
2024-08-06 16:10:51,598 [ERROR] LogOutputStream:75 - [STDERR_REDIRECT] WARNING: Couldn't flush system prefs: java.util.prefs.BackingStoreException: Couldn't get file lock.
2024-08-06 16:10:51,598 [ERROR] LogOutputStream:75 - [STDERR_REDIRECT] 
2024-08-06 16:11:21,598 [ERROR] LogOutputStream:75 - [STDERR_REDIRECT] Aug 06, 2024 4:11:21 PM java.util.prefs.FileSystemPreferences checkLockFile0ErrorCode
2024-08-06 16:11:21,598 [ERROR] LogOutputStream:75 - [STDERR_REDIRECT] WARNING: Could not lock System prefs. Unix error code 2.
2024-08-06 16:11:21,599 [ERROR] LogOutputStream:75 - [STDERR_REDIRECT] 
2024-08-06 16:11:21,599 [ERROR] LogOutputStream:75 - [STDERR_REDIRECT] Aug 06, 2024 4:11:21 PM java.util.prefs.FileSystemPreferences syncWorld
2024-08-06 16:11:21,599 [ERROR] LogOutputStream:75 - [STDERR_REDIRECT] WARNING: Couldn't flush system prefs: java.util.prefs.BackingStoreException: Couldn't get file lock.
2024-08-06 16:11:21,599 [ERROR] LogOutputStream:75 - [STDERR_REDIRECT] 
2024-08-06 16:11:51,599 [ERROR] LogOutputStream:75 - [STDERR_REDIRECT] Aug 06, 2024 4:11:51 PM java.util.prefs.FileSystemPreferences checkLockFile0ErrorCode
2024-08-06 16:11:51,600 [ERROR] LogOutputStream:75 - [STDERR_REDIRECT] WARNING: Could not lock System prefs. Unix error code 2.
2024-08-06 16:11:51,601 [ERROR] LogOutputStream:75 - [STDERR_REDIRECT] 
2024-08-06 16:11:51,602 [ERROR] LogOutputStream:75 - [STDERR_REDIRECT] Aug 06, 2024 4:11:51 PM java.util.prefs.FileSystemPreferences syncWorld
2024-08-06 16:11:51,602 [ERROR] LogOutputStream:75 - [STDERR_REDIRECT] WARNING: Couldn't flush system prefs: java.util.prefs.BackingStoreException: Couldn't get file lock.
2024-08-06 16:11:51,603 [ERROR] LogOutputStream:75 - [STDERR_REDIRECT] 
2024-08-06 16:12:21,600 [ERROR] LogOutputStream:75 - [STDERR_REDIRECT] Aug 06, 2024 4:12:21 PM java.util.prefs.FileSystemPreferences checkLockFile0ErrorCode
2024-08-06 16:12:21,600 [ERROR] LogOutputStream:75 - [STDERR_REDIRECT] WARNING: Could not lock System prefs. Unix error code 2.
2024-08-06 16:12:21,600 [ERROR] LogOutputStream:75 - [STDERR_REDIRECT] 
2024-08-06 16:12:21,601 [ERROR] LogOutputStream:75 - [STDERR_REDIRECT] Aug 06, 2024 4:12:21 PM java.util.prefs.FileSystemPreferences syncWorld
2024-08-06 16:12:21,602 [ERROR] LogOutputStream:75 - [STDERR_REDIRECT] WARNING: Couldn't flush system prefs: java.util.prefs.BackingStoreException: Couldn't get file lock.
2024-08-06 16:12:21,602 [ERROR] LogOutputStream:75 - [STDERR_REDIRECT] 
2024-08-06 16:12:51,597 [ERROR] LogOutputStream:75 - [STDERR_REDIRECT] Aug 06, 2024 4:12:51 PM java.util.prefs.FileSystemPreferences checkLockFile0ErrorCode
2024-08-06 16:12:51,598 [ERROR] LogOutputStream:75 - [STDERR_REDIRECT] WARNING: Could not lock System prefs. Unix error code 2.
2024-08-06 16:12:51,598 [ERROR] LogOutputStream:75 - [STDERR_REDIRECT] 
2024-08-06 16:12:51,598 [ERROR] LogOutputStream:75 - [STDERR_REDIRECT] Aug 06, 2024 4:12:51 PM java.util.prefs.FileSystemPreferences syncWorld
2024-08-06 16:12:51,598 [ERROR] LogOutputStream:75 - [STDERR_REDIRECT] WARNING: Couldn't flush system prefs: java.util.prefs.BackingStoreException: Couldn't get file lock.
2024-08-06 16:12:51,599 [ERROR] LogOutputStream:75 - [STDERR_REDIRECT] 
2024-08-06 16:13:21,598 [ERROR] LogOutputStream:75 - [STDERR_REDIRECT] Aug 06, 2024 4:13:21 PM java.util.prefs.FileSystemPreferences checkLockFile0ErrorCode
2024-08-06 16:13:21,599 [ERROR] LogOutputStream:75 - [STDERR_REDIRECT] WARNING: Could not lock System prefs. Unix error code 2.
2024-08-06 16:13:21,599 [ERROR] LogOutputStream:75 - [STDERR_REDIRECT] 
2024-08-06 16:13:21,599 [ERROR] LogOutputStream:75 - [STDERR_REDIRECT] Aug 06, 2024 4:13:21 PM java.util.prefs.FileSystemPreferences syncWorld
2024-08-06 16:13:21,600 [ERROR] LogOutputStream:75 - [STDERR_REDIRECT] WARNING: Couldn't flush system prefs: java.util.prefs.BackingStoreException: Couldn't get file lock.
2024-08-06 16:13:21,601 [ERROR] LogOutputStream:75 - [STDERR_REDIRECT] 
2024-08-06 16:13:51,599 [ERROR] LogOutputStream:75 - [STDERR_REDIRECT] Aug 06, 2024 4:13:51 PM java.util.prefs.FileSystemPreferences checkLockFile0ErrorCode
2024-08-06 16:13:51,599 [ERROR] LogOutputStream:75 - [STDERR_REDIRECT] WARNING: Could not lock System prefs. Unix error code 2.
2024-08-06 16:13:51,599 [ERROR] LogOutputStream:75 - [STDERR_REDIRECT] 
2024-08-06 16:13:51,600 [ERROR] LogOutputStream:75 - [STDERR_REDIRECT] Aug 06, 2024 4:13:51 PM java.util.prefs.FileSystemPreferences syncWorld
2024-08-06 16:13:51,600 [ERROR] LogOutputStream:75 - [STDERR_REDIRECT] WARNING: Couldn't flush system prefs: java.util.prefs.BackingStoreException: Couldn't get file lock.
2024-08-06 16:13:51,600 [ERROR] LogOutputStream:75 - [STDERR_REDIRECT] 
2024-08-06 16:14:21,599 [ERROR] LogOutputStream:75 - [STDERR_REDIRECT] Aug 06, 2024 4:14:21 PM java.util.prefs.FileSystemPreferences checkLockFile0ErrorCode
2024-08-06 16:14:21,600 [ERROR] LogOutputStream:75 - [STDERR_REDIRECT] WARNING: Could not lock System prefs. Unix error code 2.
2024-08-06 16:14:21,600 [ERROR] LogOutputStream:75 - [STDERR_REDIRECT] 
2024-08-06 16:14:21,601 [ERROR] LogOutputStream:75 - [STDERR_REDIRECT] Aug 06, 2024 4:14:21 PM java.util.prefs.FileSystemPreferences syncWorld
2024-08-06 16:14:21,601 [ERROR] LogOutputStream:75 - [STDERR_REDIRECT] WARNING: Couldn't flush system prefs: java.util.prefs.BackingStoreException: Couldn't get file lock.
2024-08-06 16:14:21,601 [ERROR] LogOutputStream:75 - [STDERR_REDIRECT] 
2024-08-06 16:14:51,599 [ERROR] LogOutputStream:75 - [STDERR_REDIRECT] Aug 06, 2024 4:14:51 PM java.util.prefs.FileSystemPreferences checkLockFile0ErrorCode
2024-08-06 16:14:51,599 [ERROR] LogOutputStream:75 - [STDERR_REDIRECT] WARNING: Could not lock System prefs. Unix error code 2.
2024-08-06 16:14:51,599 [ERROR] LogOutputStream:75 - [STDERR_REDIRECT] 
2024-08-06 16:14:51,600 [ERROR] LogOutputStream:75 - [STDERR_REDIRECT] Aug 06, 2024 4:14:51 PM java.util.prefs.FileSystemPreferences syncWorld
2024-08-06 16:14:51,600 [ERROR] LogOutputStream:75 - [STDERR_REDIRECT] WARNING: Couldn't flush system prefs: java.util.prefs.BackingStoreException: Couldn't get file lock.
2024-08-06 16:14:51,600 [ERROR] LogOutputStream:75 - [STDERR_REDIRECT] 
2024-08-06 16:15:21,599 [ERROR] LogOutputStream:75 - [STDERR_REDIRECT] Aug 06, 2024 4:15:21 PM java.util.prefs.FileSystemPreferences checkLockFile0ErrorCode
2024-08-06 16:15:21,599 [ERROR] LogOutputStream:75 - [STDERR_REDIRECT] WARNING: Could not lock System prefs. Unix error code 2.
2024-08-06 16:15:21,599 [ERROR] LogOutputStream:75 - [STDERR_REDIRECT] 
2024-08-06 16:15:21,599 [ERROR] LogOutputStream:75 - [STDERR_REDIRECT] Aug 06, 2024 4:15:21 PM java.util.prefs.FileSystemPreferences syncWorld
2024-08-06 16:15:21,600 [ERROR] LogOutputStream:75 - [STDERR_REDIRECT] WARNING: Couldn't flush system prefs: java.util.prefs.BackingStoreException: Couldn't get file lock.
2024-08-06 16:15:21,600 [ERROR] LogOutputStream:75 - [STDERR_REDIRECT] 
2024-08-06 16:15:51,598 [ERROR] LogOutputStream:75 - [STDERR_REDIRECT] Aug 06, 2024 4:15:51 PM java.util.prefs.FileSystemPreferences checkLockFile0ErrorCode
2024-08-06 16:15:51,598 [ERROR] LogOutputStream:75 - [STDERR_REDIRECT] WARNING: Could not lock System prefs. Unix error code 2.
2024-08-06 16:15:51,599 [ERROR] LogOutputStream:75 - [STDERR_REDIRECT] 
2024-08-06 16:15:51,599 [ERROR] LogOutputStream:75 - [STDERR_REDIRECT] Aug 06, 2024 4:15:51 PM java.util.prefs.FileSystemPreferences syncWorld
2024-08-06 16:15:51,599 [ERROR] LogOutputStream:75 - [STDERR_REDIRECT] WARNING: Couldn't flush system prefs: java.util.prefs.BackingStoreException: Couldn't get file lock.
2024-08-06 16:15:51,599 [ERROR] LogOutputStream:75 - [STDERR_REDIRECT] 
2024-08-06 16:16:21,599 [ERROR] LogOutputStream:75 - [STDERR_REDIRECT] Aug 06, 2024 4:16:21 PM java.util.prefs.FileSystemPreferences checkLockFile0ErrorCode
2024-08-06 16:16:21,599 [ERROR] LogOutputStream:75 - [STDERR_REDIRECT] WARNING: Could not lock System prefs. Unix error code 2.
2024-08-06 16:16:21,599 [ERROR] LogOutputStream:75 - [STDERR_REDIRECT] 
2024-08-06 16:16:21,600 [ERROR] LogOutputStream:75 - [STDERR_REDIRECT] Aug 06, 2024 4:16:21 PM java.util.prefs.FileSystemPreferences syncWorld
2024-08-06 16:16:21,600 [ERROR] LogOutputStream:75 - [STDERR_REDIRECT] WARNING: Couldn't flush system prefs: java.util.prefs.BackingStoreException: Couldn't get file lock.
2024-08-06 16:16:21,600 [ERROR] LogOutputStream:75 - [STDERR_REDIRECT] 
2024-08-06 16:16:51,599 [ERROR] LogOutputStream:75 - [STDERR_REDIRECT] Aug 06, 2024 4:16:51 PM java.util.prefs.FileSystemPreferences checkLockFile0ErrorCode
2024-08-06 16:16:51,599 [ERROR] LogOutputStream:75 - [STDERR_REDIRECT] WARNING: Could not lock System prefs. Unix error code 2.
2024-08-06 16:16:51,600 [ERROR] LogOutputStream:75 - [STDERR_REDIRECT] 
2024-08-06 16:16:51,600 [ERROR] LogOutputStream:75 - [STDERR_REDIRECT] Aug 06, 2024 4:16:51 PM java.util.prefs.FileSystemPreferences syncWorld
2024-08-06 16:16:51,601 [ERROR] LogOutputStream:75 - [STDERR_REDIRECT] WARNING: Couldn't flush system prefs: java.util.prefs.BackingStoreException: Couldn't get file lock.
2024-08-06 16:16:51,601 [ERROR] LogOutputStream:75 - [STDERR_REDIRECT] 
2024-08-06 16:17:21,599 [ERROR] LogOutputStream:75 - [STDERR_REDIRECT] Aug 06, 2024 4:17:21 PM java.util.prefs.FileSystemPreferences checkLockFile0ErrorCode
2024-08-06 16:17:21,599 [ERROR] LogOutputStream:75 - [STDERR_REDIRECT] WARNING: Could not lock System prefs. Unix error code 2.
2024-08-06 16:17:21,599 [ERROR] LogOutputStream:75 - [STDERR_REDIRECT] 
2024-08-06 16:17:21,600 [ERROR] LogOutputStream:75 - [STDERR_REDIRECT] Aug 06, 2024 4:17:21 PM java.util.prefs.FileSystemPreferences syncWorld
2024-08-06 16:17:21,600 [ERROR] LogOutputStream:75 - [STDERR_REDIRECT] WARNING: Couldn't flush system prefs: java.util.prefs.BackingStoreException: Couldn't get file lock.
2024-08-06 16:17:21,600 [ERROR] LogOutputStream:75 - [STDERR_REDIRECT] 
2024-08-06 16:17:51,599 [ERROR] LogOutputStream:75 - [STDERR_REDIRECT] Aug 06, 2024 4:17:51 PM java.util.prefs.FileSystemPreferences checkLockFile0ErrorCode
2024-08-06 16:17:51,600 [ERROR] LogOutputStream:75 - [STDERR_REDIRECT] WARNING: Could not lock System prefs. Unix error code 2.
2024-08-06 16:17:51,600 [ERROR] LogOutputStream:75 - [STDERR_REDIRECT] 
2024-08-06 16:17:51,600 [ERROR] LogOutputStream:75 - [STDERR_REDIRECT] Aug 06, 2024 4:17:51 PM java.util.prefs.FileSystemPreferences syncWorld
2024-08-06 16:17:51,600 [ERROR] LogOutputStream:75 - [STDERR_REDIRECT] WARNING: Couldn't flush system prefs: java.util.prefs.BackingStoreException: Couldn't get file lock.
2024-08-06 16:17:51,600 [ERROR] LogOutputStream:75 - [STDERR_REDIRECT] 
2024-08-06 16:18:21,600 [ERROR] LogOutputStream:75 - [STDERR_REDIRECT] Aug 06, 2024 4:18:21 PM java.util.prefs.FileSystemPreferences checkLockFile0ErrorCode
2024-08-06 16:18:21,600 [ERROR] LogOutputStream:75 - [STDERR_REDIRECT] WARNING: Could not lock System prefs. Unix error code 2.
2024-08-06 16:18:21,601 [ERROR] LogOutputStream:75 - [STDERR_REDIRECT] 
2024-08-06 16:18:21,601 [ERROR] LogOutputStream:75 - [STDERR_REDIRECT] Aug 06, 2024 4:18:21 PM java.util.prefs.FileSystemPreferences syncWorld
2024-08-06 16:18:21,601 [ERROR] LogOutputStream:75 - [STDERR_REDIRECT] WARNING: Couldn't flush system prefs: java.util.prefs.BackingStoreException: Couldn't get file lock.
2024-08-06 16:18:21,601 [ERROR] LogOutputStream:75 - [STDERR_REDIRECT] 
2024-08-06 16:18:51,602 [ERROR] LogOutputStream:75 - [STDERR_REDIRECT] Aug 06, 2024 4:18:51 PM java.util.prefs.FileSystemPreferences checkLockFile0ErrorCode
2024-08-06 16:18:51,603 [ERROR] LogOutputStream:75 - [STDERR_REDIRECT] WARNING: Could not lock System prefs. Unix error code 2.
2024-08-06 16:18:51,603 [ERROR] LogOutputStream:75 - [STDERR_REDIRECT] 
2024-08-06 16:18:51,603 [ERROR] LogOutputStream:75 - [STDERR_REDIRECT] Aug 06, 2024 4:18:51 PM java.util.prefs.FileSystemPreferences syncWorld
2024-08-06 16:18:51,603 [ERROR] LogOutputStream:75 - [STDERR_REDIRECT] WARNING: Couldn't flush system prefs: java.util.prefs.BackingStoreException: Couldn't get file lock.
2024-08-06 16:18:51,603 [ERROR] LogOutputStream:75 - [STDERR_REDIRECT] 
2024-08-06 16:19:21,602 [ERROR] LogOutputStream:75 - [STDERR_REDIRECT] Aug 06, 2024 4:19:21 PM java.util.prefs.FileSystemPreferences checkLockFile0ErrorCode
2024-08-06 16:19:21,603 [ERROR] LogOutputStream:75 - [STDERR_REDIRECT] WARNING: Could not lock System prefs. Unix error code 2.
2024-08-06 16:19:21,603 [ERROR] LogOutputStream:75 - [STDERR_REDIRECT] 
2024-08-06 16:19:21,604 [ERROR] LogOutputStream:75 - [STDERR_REDIRECT] Aug 06, 2024 4:19:21 PM java.util.prefs.FileSystemPreferences syncWorld
2024-08-06 16:19:21,604 [ERROR] LogOutputStream:75 - [STDERR_REDIRECT] WARNING: Couldn't flush system prefs: java.util.prefs.BackingStoreException: Couldn't get file lock.
2024-08-06 16:19:21,604 [ERROR] LogOutputStream:75 - [STDERR_REDIRECT] 
2024-08-06 16:19:51,602 [ERROR] LogOutputStream:75 - [STDERR_REDIRECT] Aug 06, 2024 4:19:51 PM java.util.prefs.FileSystemPreferences checkLockFile0ErrorCode
2024-08-06 16:19:51,602 [ERROR] LogOutputStream:75 - [STDERR_REDIRECT] WARNING: Could not lock System prefs. Unix error code 2.
2024-08-06 16:19:51,603 [ERROR] LogOutputStream:75 - [STDERR_REDIRECT] 
2024-08-06 16:19:51,603 [ERROR] LogOutputStream:75 - [STDERR_REDIRECT] Aug 06, 2024 4:19:51 PM java.util.prefs.FileSystemPreferences syncWorld
2024-08-06 16:19:51,603 [ERROR] LogOutputStream:75 - [STDERR_REDIRECT] WARNING: Couldn't flush system prefs: java.util.prefs.BackingStoreException: Couldn't get file lock.
2024-08-06 16:19:51,603 [ERROR] LogOutputStream:75 - [STDERR_REDIRECT] 
2024-08-06 16:20:21,602 [ERROR] LogOutputStream:75 - [STDERR_REDIRECT] Aug 06, 2024 4:20:21 PM java.util.prefs.FileSystemPreferences checkLockFile0ErrorCode
2024-08-06 16:20:21,602 [ERROR] LogOutputStream:75 - [STDERR_REDIRECT] WARNING: Could not lock System prefs. Unix error code 2.
2024-08-06 16:20:21,602 [ERROR] LogOutputStream:75 - [STDERR_REDIRECT] 
2024-08-06 16:20:21,602 [ERROR] LogOutputStream:75 - [STDERR_REDIRECT] Aug 06, 2024 4:20:21 PM java.util.prefs.FileSystemPreferences syncWorld
2024-08-06 16:20:21,602 [ERROR] LogOutputStream:75 - [STDERR_REDIRECT] WARNING: Couldn't flush system prefs: java.util.prefs.BackingStoreException: Couldn't get file lock.
2024-08-06 16:20:21,603 [ERROR] LogOutputStream:75 - [STDERR_REDIRECT] 
2024-08-06 16:20:51,601 [ERROR] LogOutputStream:75 - [STDERR_REDIRECT] Aug 06, 2024 4:20:51 PM java.util.prefs.FileSystemPreferences checkLockFile0ErrorCode
2024-08-06 16:20:51,602 [ERROR] LogOutputStream:75 - [STDERR_REDIRECT] WARNING: Could not lock System prefs. Unix error code 2.
2024-08-06 16:20:51,602 [ERROR] LogOutputStream:75 - [STDERR_REDIRECT] 
2024-08-06 16:20:51,602 [ERROR] LogOutputStream:75 - [STDERR_REDIRECT] Aug 06, 2024 4:20:51 PM java.util.prefs.FileSystemPreferences syncWorld
2024-08-06 16:20:51,602 [ERROR] LogOutputStream:75 - [STDERR_REDIRECT] WARNING: Couldn't flush system prefs: java.util.prefs.BackingStoreException: Couldn't get file lock.
2024-08-06 16:20:51,603 [ERROR] LogOutputStream:75 - [STDERR_REDIRECT] 
2024-08-06 16:21:21,601 [ERROR] LogOutputStream:75 - [STDERR_REDIRECT] Aug 06, 2024 4:21:21 PM java.util.prefs.FileSystemPreferences checkLockFile0ErrorCode
2024-08-06 16:21:21,601 [ERROR] LogOutputStream:75 - [STDERR_REDIRECT] WARNING: Could not lock System prefs. Unix error code 2.
2024-08-06 16:21:21,602 [ERROR] LogOutputStream:75 - [STDERR_REDIRECT] 
2024-08-06 16:21:21,602 [ERROR] LogOutputStream:75 - [STDERR_REDIRECT] Aug 06, 2024 4:21:21 PM java.util.prefs.FileSystemPreferences syncWorld
2024-08-06 16:21:21,602 [ERROR] LogOutputStream:75 - [STDERR_REDIRECT] WARNING: Couldn't flush system prefs: java.util.prefs.BackingStoreException: Couldn't get file lock.
2024-08-06 16:21:21,602 [ERROR] LogOutputStream:75 - [STDERR_REDIRECT] 
2024-08-06 16:21:51,603 [ERROR] LogOutputStream:75 - [STDERR_REDIRECT] Aug 06, 2024 4:21:51 PM java.util.prefs.FileSystemPreferences checkLockFile0ErrorCode
2024-08-06 16:21:51,603 [ERROR] LogOutputStream:75 - [STDERR_REDIRECT] WARNING: Could not lock System prefs. Unix error code 2.
2024-08-06 16:21:51,604 [ERROR] LogOutputStream:75 - [STDERR_REDIRECT] 
2024-08-06 16:21:51,605 [ERROR] LogOutputStream:75 - [STDERR_REDIRECT] Aug 06, 2024 4:21:51 PM java.util.prefs.FileSystemPreferences syncWorld
2024-08-06 16:21:51,606 [ERROR] LogOutputStream:75 - [STDERR_REDIRECT] WARNING: Couldn't flush system prefs: java.util.prefs.BackingStoreException: Couldn't get file lock.
2024-08-06 16:21:51,606 [ERROR] LogOutputStream:75 - [STDERR_REDIRECT] 
2024-08-06 16:22:21,601 [ERROR] LogOutputStream:75 - [STDERR_REDIRECT] Aug 06, 2024 4:22:21 PM java.util.prefs.FileSystemPreferences checkLockFile0ErrorCode
2024-08-06 16:22:21,602 [ERROR] LogOutputStream:75 - [STDERR_REDIRECT] WARNING: Could not lock System prefs. Unix error code 2.
2024-08-06 16:22:21,602 [ERROR] LogOutputStream:75 - [STDERR_REDIRECT] 
2024-08-06 16:22:21,602 [ERROR] LogOutputStream:75 - [STDERR_REDIRECT] Aug 06, 2024 4:22:21 PM java.util.prefs.FileSystemPreferences syncWorld
2024-08-06 16:22:21,603 [ERROR] LogOutputStream:75 - [STDERR_REDIRECT] WARNING: Couldn't flush system prefs: java.util.prefs.BackingStoreException: Couldn't get file lock.
2024-08-06 16:22:21,603 [ERROR] LogOutputStream:75 - [STDERR_REDIRECT] 
2024-08-06 16:22:51,601 [ERROR] LogOutputStream:75 - [STDERR_REDIRECT] Aug 06, 2024 4:22:51 PM java.util.prefs.FileSystemPreferences checkLockFile0ErrorCode
2024-08-06 16:22:51,602 [ERROR] LogOutputStream:75 - [STDERR_REDIRECT] WARNING: Could not lock System prefs. Unix error code 2.
2024-08-06 16:22:51,602 [ERROR] LogOutputStream:75 - [STDERR_REDIRECT] 
2024-08-06 16:22:51,602 [ERROR] LogOutputStream:75 - [STDERR_REDIRECT] Aug 06, 2024 4:22:51 PM java.util.prefs.FileSystemPreferences syncWorld
2024-08-06 16:22:51,602 [ERROR] LogOutputStream:75 - [STDERR_REDIRECT] WARNING: Couldn't flush system prefs: java.util.prefs.BackingStoreException: Couldn't get file lock.
2024-08-06 16:22:51,602 [ERROR] LogOutputStream:75 - [STDERR_REDIRECT] 
2024-08-06 16:23:21,602 [ERROR] LogOutputStream:75 - [STDERR_REDIRECT] Aug 06, 2024 4:23:21 PM java.util.prefs.FileSystemPreferences checkLockFile0ErrorCode
2024-08-06 16:23:21,602 [ERROR] LogOutputStream:75 - [STDERR_REDIRECT] WARNING: Could not lock System prefs. Unix error code 2.
2024-08-06 16:23:21,602 [ERROR] LogOutputStream:75 - [STDERR_REDIRECT] 
2024-08-06 16:23:21,603 [ERROR] LogOutputStream:75 - [STDERR_REDIRECT] Aug 06, 2024 4:23:21 PM java.util.prefs.FileSystemPreferences syncWorld
2024-08-06 16:23:21,603 [ERROR] LogOutputStream:75 - [STDERR_REDIRECT] WARNING: Couldn't flush system prefs: java.util.prefs.BackingStoreException: Couldn't get file lock.
2024-08-06 16:23:21,603 [ERROR] LogOutputStream:75 - [STDERR_REDIRECT] 
2024-08-06 16:23:51,602 [ERROR] LogOutputStream:75 - [STDERR_REDIRECT] Aug 06, 2024 4:23:51 PM java.util.prefs.FileSystemPreferences checkLockFile0ErrorCode
2024-08-06 16:23:51,602 [ERROR] LogOutputStream:75 - [STDERR_REDIRECT] WARNING: Could not lock System prefs. Unix error code 2.
2024-08-06 16:23:51,602 [ERROR] LogOutputStream:75 - [STDERR_REDIRECT] 
2024-08-06 16:23:51,603 [ERROR] LogOutputStream:75 - [STDERR_REDIRECT] Aug 06, 2024 4:23:51 PM java.util.prefs.FileSystemPreferences syncWorld
2024-08-06 16:23:51,603 [ERROR] LogOutputStream:75 - [STDERR_REDIRECT] WARNING: Couldn't flush system prefs: java.util.prefs.BackingStoreException: Couldn't get file lock.
2024-08-06 16:23:51,603 [ERROR] LogOutputStream:75 - [STDERR_REDIRECT] 
2024-08-06 16:24:21,602 [ERROR] LogOutputStream:75 - [STDERR_REDIRECT] Aug 06, 2024 4:24:21 PM java.util.prefs.FileSystemPreferences checkLockFile0ErrorCode
2024-08-06 16:24:21,602 [ERROR] LogOutputStream:75 - [STDERR_REDIRECT] WARNING: Could not lock System prefs. Unix error code 2.
2024-08-06 16:24:21,602 [ERROR] LogOutputStream:75 - [STDERR_REDIRECT] 
2024-08-06 16:24:21,602 [ERROR] LogOutputStream:75 - [STDERR_REDIRECT] Aug 06, 2024 4:24:21 PM java.util.prefs.FileSystemPreferences syncWorld
2024-08-06 16:24:21,602 [ERROR] LogOutputStream:75 - [STDERR_REDIRECT] WARNING: Couldn't flush system prefs: java.util.prefs.BackingStoreException: Couldn't get file lock.
2024-08-06 16:24:21,602 [ERROR] LogOutputStream:75 - [STDERR_REDIRECT] 
2024-08-06 16:24:51,602 [ERROR] LogOutputStream:75 - [STDERR_REDIRECT] Aug 06, 2024 4:24:51 PM java.util.prefs.FileSystemPreferences checkLockFile0ErrorCode
2024-08-06 16:24:51,602 [ERROR] LogOutputStream:75 - [STDERR_REDIRECT] WARNING: Could not lock System prefs. Unix error code 2.
2024-08-06 16:24:51,602 [ERROR] LogOutputStream:75 - [STDERR_REDIRECT] 
2024-08-06 16:24:51,603 [ERROR] LogOutputStream:75 - [STDERR_REDIRECT] Aug 06, 2024 4:24:51 PM java.util.prefs.FileSystemPreferences syncWorld
2024-08-06 16:24:51,603 [ERROR] LogOutputStream:75 - [STDERR_REDIRECT] WARNING: Couldn't flush system prefs: java.util.prefs.BackingStoreException: Couldn't get file lock.
2024-08-06 16:24:51,603 [ERROR] LogOutputStream:75 - [STDERR_REDIRECT] 
2024-08-06 16:25:21,602 [ERROR] LogOutputStream:75 - [STDERR_REDIRECT] Aug 06, 2024 4:25:21 PM java.util.prefs.FileSystemPreferences checkLockFile0ErrorCode
2024-08-06 16:25:21,603 [ERROR] LogOutputStream:75 - [STDERR_REDIRECT] WARNING: Could not lock System prefs. Unix error code 2.
2024-08-06 16:25:21,603 [ERROR] LogOutputStream:75 - [STDERR_REDIRECT] 
2024-08-06 16:25:21,603 [ERROR] LogOutputStream:75 - [STDERR_REDIRECT] Aug 06, 2024 4:25:21 PM java.util.prefs.FileSystemPreferences syncWorld
2024-08-06 16:25:21,603 [ERROR] LogOutputStream:75 - [STDERR_REDIRECT] WARNING: Couldn't flush system prefs: java.util.prefs.BackingStoreException: Couldn't get file lock.
2024-08-06 16:25:21,604 [ERROR] LogOutputStream:75 - [STDERR_REDIRECT] 
2024-08-06 16:25:51,602 [ERROR] LogOutputStream:75 - [STDERR_REDIRECT] Aug 06, 2024 4:25:51 PM java.util.prefs.FileSystemPreferences checkLockFile0ErrorCode
2024-08-06 16:25:51,602 [ERROR] LogOutputStream:75 - [STDERR_REDIRECT] WARNING: Could not lock System prefs. Unix error code 2.
2024-08-06 16:25:51,603 [ERROR] LogOutputStream:75 - [STDERR_REDIRECT] 
2024-08-06 16:25:51,603 [ERROR] LogOutputStream:75 - [STDERR_REDIRECT] Aug 06, 2024 4:25:51 PM java.util.prefs.FileSystemPreferences syncWorld
2024-08-06 16:25:51,603 [ERROR] LogOutputStream:75 - [STDERR_REDIRECT] WARNING: Couldn't flush system prefs: java.util.prefs.BackingStoreException: Couldn't get file lock.
2024-08-06 16:25:51,603 [ERROR] LogOutputStream:75 - [STDERR_REDIRECT] 
2024-08-06 16:26:21,607 [ERROR] LogOutputStream:75 - [STDERR_REDIRECT] Aug 06, 2024 4:26:21 PM java.util.prefs.FileSystemPreferences checkLockFile0ErrorCode
2024-08-06 16:26:21,607 [ERROR] LogOutputStream:75 - [STDERR_REDIRECT] WARNING: Could not lock System prefs. Unix error code 2.
2024-08-06 16:26:21,607 [ERROR] LogOutputStream:75 - [STDERR_REDIRECT] 
2024-08-06 16:26:21,608 [ERROR] LogOutputStream:75 - [STDERR_REDIRECT] Aug 06, 2024 4:26:21 PM java.util.prefs.FileSystemPreferences syncWorld
2024-08-06 16:26:21,608 [ERROR] LogOutputStream:75 - [STDERR_REDIRECT] WARNING: Couldn't flush system prefs: java.util.prefs.BackingStoreException: Couldn't get file lock.
2024-08-06 16:26:21,608 [ERROR] LogOutputStream:75 - [STDERR_REDIRECT] 
2024-08-06 16:26:51,603 [ERROR] LogOutputStream:75 - [STDERR_REDIRECT] Aug 06, 2024 4:26:51 PM java.util.prefs.FileSystemPreferences checkLockFile0ErrorCode
2024-08-06 16:26:51,603 [ERROR] LogOutputStream:75 - [STDERR_REDIRECT] WARNING: Could not lock System prefs. Unix error code 2.
2024-08-06 16:26:51,603 [ERROR] LogOutputStream:75 - [STDERR_REDIRECT] 
2024-08-06 16:26:51,603 [ERROR] LogOutputStream:75 - [STDERR_REDIRECT] Aug 06, 2024 4:26:51 PM java.util.prefs.FileSystemPreferences syncWorld
2024-08-06 16:26:51,604 [ERROR] LogOutputStream:75 - [STDERR_REDIRECT] WARNING: Couldn't flush system prefs: java.util.prefs.BackingStoreException: Couldn't get file lock.
2024-08-06 16:26:51,604 [ERROR] LogOutputStream:75 - [STDERR_REDIRECT] 
2024-08-06 16:27:21,603 [ERROR] LogOutputStream:75 - [STDERR_REDIRECT] Aug 06, 2024 4:27:21 PM java.util.prefs.FileSystemPreferences checkLockFile0ErrorCode
2024-08-06 16:27:21,603 [ERROR] LogOutputStream:75 - [STDERR_REDIRECT] WARNING: Could not lock System prefs. Unix error code 2.
2024-08-06 16:27:21,603 [ERROR] LogOutputStream:75 - [STDERR_REDIRECT] 
2024-08-06 16:27:21,604 [ERROR] LogOutputStream:75 - [STDERR_REDIRECT] Aug 06, 2024 4:27:21 PM java.util.prefs.FileSystemPreferences syncWorld
2024-08-06 16:27:21,604 [ERROR] LogOutputStream:75 - [STDERR_REDIRECT] WARNING: Couldn't flush system prefs: java.util.prefs.BackingStoreException: Couldn't get file lock.
2024-08-06 16:27:21,604 [ERROR] LogOutputStream:75 - [STDERR_REDIRECT] 
2024-08-06 16:27:51,605 [ERROR] LogOutputStream:75 - [STDERR_REDIRECT] Aug 06, 2024 4:27:51 PM java.util.prefs.FileSystemPreferences checkLockFile0ErrorCode
2024-08-06 16:27:51,605 [ERROR] LogOutputStream:75 - [STDERR_REDIRECT] WARNING: Could not lock System prefs. Unix error code 2.
2024-08-06 16:27:51,605 [ERROR] LogOutputStream:75 - [STDERR_REDIRECT] 
2024-08-06 16:27:51,606 [ERROR] LogOutputStream:75 - [STDERR_REDIRECT] Aug 06, 2024 4:27:51 PM java.util.prefs.FileSystemPreferences syncWorld
2024-08-06 16:27:51,606 [ERROR] LogOutputStream:75 - [STDERR_REDIRECT] WARNING: Couldn't flush system prefs: java.util.prefs.BackingStoreException: Couldn't get file lock.
2024-08-06 16:27:51,606 [ERROR] LogOutputStream:75 - [STDERR_REDIRECT] 
2024-08-06 16:28:21,606 [ERROR] LogOutputStream:75 - [STDERR_REDIRECT] Aug 06, 2024 4:28:21 PM java.util.prefs.FileSystemPreferences checkLockFile0ErrorCode
2024-08-06 16:28:21,606 [ERROR] LogOutputStream:75 - [STDERR_REDIRECT] WARNING: Could not lock System prefs. Unix error code 2.
2024-08-06 16:28:21,606 [ERROR] LogOutputStream:75 - [STDERR_REDIRECT] 
2024-08-06 16:28:21,607 [ERROR] LogOutputStream:75 - [STDERR_REDIRECT] Aug 06, 2024 4:28:21 PM java.util.prefs.FileSystemPreferences syncWorld
2024-08-06 16:28:21,607 [ERROR] LogOutputStream:75 - [STDERR_REDIRECT] WARNING: Couldn't flush system prefs: java.util.prefs.BackingStoreException: Couldn't get file lock.
2024-08-06 16:28:21,607 [ERROR] LogOutputStream:75 - [STDERR_REDIRECT] 
2024-08-06 16:28:51,605 [ERROR] LogOutputStream:75 - [STDERR_REDIRECT] Aug 06, 2024 4:28:51 PM java.util.prefs.FileSystemPreferences checkLockFile0ErrorCode
2024-08-06 16:28:51,605 [ERROR] LogOutputStream:75 - [STDERR_REDIRECT] WARNING: Could not lock System prefs. Unix error code 2.
2024-08-06 16:28:51,606 [ERROR] LogOutputStream:75 - [STDERR_REDIRECT] 
2024-08-06 16:28:51,607 [ERROR] LogOutputStream:75 - [STDERR_REDIRECT] Aug 06, 2024 4:28:51 PM java.util.prefs.FileSystemPreferences syncWorld
2024-08-06 16:28:51,607 [ERROR] LogOutputStream:75 - [STDERR_REDIRECT] WARNING: Couldn't flush system prefs: java.util.prefs.BackingStoreException: Couldn't get file lock.
2024-08-06 16:28:51,607 [ERROR] LogOutputStream:75 - [STDERR_REDIRECT] 
2024-08-06 16:29:21,609 [ERROR] LogOutputStream:75 - [STDERR_REDIRECT] Aug 06, 2024 4:29:21 PM java.util.prefs.FileSystemPreferences checkLockFile0ErrorCode
2024-08-06 16:29:21,610 [ERROR] LogOutputStream:75 - [STDERR_REDIRECT] WARNING: Could not lock System prefs. Unix error code 2.
2024-08-06 16:29:21,610 [ERROR] LogOutputStream:75 - [STDERR_REDIRECT] 
2024-08-06 16:29:21,610 [ERROR] LogOutputStream:75 - [STDERR_REDIRECT] Aug 06, 2024 4:29:21 PM java.util.prefs.FileSystemPreferences syncWorld
2024-08-06 16:29:21,611 [ERROR] LogOutputStream:75 - [STDERR_REDIRECT] WARNING: Couldn't flush system prefs: java.util.prefs.BackingStoreException: Couldn't get file lock.
2024-08-06 16:29:21,611 [ERROR] LogOutputStream:75 - [STDERR_REDIRECT] 
2024-08-06 16:29:51,608 [ERROR] LogOutputStream:75 - [STDERR_REDIRECT] Aug 06, 2024 4:29:51 PM java.util.prefs.FileSystemPreferences checkLockFile0ErrorCode
2024-08-06 16:29:51,608 [ERROR] LogOutputStream:75 - [STDERR_REDIRECT] WARNING: Could not lock System prefs. Unix error code 2.
2024-08-06 16:29:51,608 [ERROR] LogOutputStream:75 - [STDERR_REDIRECT] 
2024-08-06 16:29:51,608 [ERROR] LogOutputStream:75 - [STDERR_REDIRECT] Aug 06, 2024 4:29:51 PM java.util.prefs.FileSystemPreferences syncWorld
2024-08-06 16:29:51,609 [ERROR] LogOutputStream:75 - [STDERR_REDIRECT] WARNING: Couldn't flush system prefs: java.util.prefs.BackingStoreException: Couldn't get file lock.
2024-08-06 16:29:51,609 [ERROR] LogOutputStream:75 - [STDERR_REDIRECT] 
2024-08-06 16:30:21,603 [ERROR] LogOutputStream:75 - [STDERR_REDIRECT] Aug 06, 2024 4:30:21 PM java.util.prefs.FileSystemPreferences checkLockFile0ErrorCode
2024-08-06 16:30:21,603 [ERROR] LogOutputStream:75 - [STDERR_REDIRECT] WARNING: Could not lock System prefs. Unix error code 2.
2024-08-06 16:30:21,604 [ERROR] LogOutputStream:75 - [STDERR_REDIRECT] 
2024-08-06 16:30:21,604 [ERROR] LogOutputStream:75 - [STDERR_REDIRECT] Aug 06, 2024 4:30:21 PM java.util.prefs.FileSystemPreferences syncWorld
2024-08-06 16:30:21,604 [ERROR] LogOutputStream:75 - [STDERR_REDIRECT] WARNING: Couldn't flush system prefs: java.util.prefs.BackingStoreException: Couldn't get file lock.
2024-08-06 16:30:21,604 [ERROR] LogOutputStream:75 - [STDERR_REDIRECT] 
2024-08-06 16:30:51,604 [ERROR] LogOutputStream:75 - [STDERR_REDIRECT] Aug 06, 2024 4:30:51 PM java.util.prefs.FileSystemPreferences checkLockFile0ErrorCode
2024-08-06 16:30:51,604 [ERROR] LogOutputStream:75 - [STDERR_REDIRECT] WARNING: Could not lock System prefs. Unix error code 2.
2024-08-06 16:30:51,605 [ERROR] LogOutputStream:75 - [STDERR_REDIRECT] 
2024-08-06 16:30:51,605 [ERROR] LogOutputStream:75 - [STDERR_REDIRECT] Aug 06, 2024 4:30:51 PM java.util.prefs.FileSystemPreferences syncWorld
2024-08-06 16:30:51,605 [ERROR] LogOutputStream:75 - [STDERR_REDIRECT] WARNING: Couldn't flush system prefs: java.util.prefs.BackingStoreException: Couldn't get file lock.
2024-08-06 16:30:51,605 [ERROR] LogOutputStream:75 - [STDERR_REDIRECT] 
2024-08-06 16:31:21,604 [ERROR] LogOutputStream:75 - [STDERR_REDIRECT] Aug 06, 2024 4:31:21 PM java.util.prefs.FileSystemPreferences checkLockFile0ErrorCode
2024-08-06 16:31:21,604 [ERROR] LogOutputStream:75 - [STDERR_REDIRECT] WARNING: Could not lock System prefs. Unix error code 2.
2024-08-06 16:31:21,604 [ERROR] LogOutputStream:75 - [STDERR_REDIRECT] 
2024-08-06 16:31:21,605 [ERROR] LogOutputStream:75 - [STDERR_REDIRECT] Aug 06, 2024 4:31:21 PM java.util.prefs.FileSystemPreferences syncWorld
2024-08-06 16:31:21,605 [ERROR] LogOutputStream:75 - [STDERR_REDIRECT] WARNING: Couldn't flush system prefs: java.util.prefs.BackingStoreException: Couldn't get file lock.
2024-08-06 16:31:21,605 [ERROR] LogOutputStream:75 - [STDERR_REDIRECT] 
2024-08-06 16:31:51,604 [ERROR] LogOutputStream:75 - [STDERR_REDIRECT] Aug 06, 2024 4:31:51 PM java.util.prefs.FileSystemPreferences checkLockFile0ErrorCode
2024-08-06 16:31:51,604 [ERROR] LogOutputStream:75 - [STDERR_REDIRECT] WARNING: Could not lock System prefs. Unix error code 2.
2024-08-06 16:31:51,605 [ERROR] LogOutputStream:75 - [STDERR_REDIRECT] 
2024-08-06 16:31:51,605 [ERROR] LogOutputStream:75 - [STDERR_REDIRECT] Aug 06, 2024 4:31:51 PM java.util.prefs.FileSystemPreferences syncWorld
2024-08-06 16:31:51,605 [ERROR] LogOutputStream:75 - [STDERR_REDIRECT] WARNING: Couldn't flush system prefs: java.util.prefs.BackingStoreException: Couldn't get file lock.
2024-08-06 16:31:51,605 [ERROR] LogOutputStream:75 - [STDERR_REDIRECT] 
2024-08-06 16:32:21,604 [ERROR] LogOutputStream:75 - [STDERR_REDIRECT] Aug 06, 2024 4:32:21 PM java.util.prefs.FileSystemPreferences checkLockFile0ErrorCode
2024-08-06 16:32:21,604 [ERROR] LogOutputStream:75 - [STDERR_REDIRECT] WARNING: Could not lock System prefs. Unix error code 2.
2024-08-06 16:32:21,605 [ERROR] LogOutputStream:75 - [STDERR_REDIRECT] 
2024-08-06 16:32:21,606 [ERROR] LogOutputStream:75 - [STDERR_REDIRECT] Aug 06, 2024 4:32:21 PM java.util.prefs.FileSystemPreferences syncWorld
2024-08-06 16:32:21,606 [ERROR] LogOutputStream:75 - [STDERR_REDIRECT] WARNING: Couldn't flush system prefs: java.util.prefs.BackingStoreException: Couldn't get file lock.
2024-08-06 16:32:21,606 [ERROR] LogOutputStream:75 - [STDERR_REDIRECT] 
2024-08-06 16:32:51,605 [ERROR] LogOutputStream:75 - [STDERR_REDIRECT] Aug 06, 2024 4:32:51 PM java.util.prefs.FileSystemPreferences checkLockFile0ErrorCode
2024-08-06 16:32:51,606 [ERROR] LogOutputStream:75 - [STDERR_REDIRECT] WARNING: Could not lock System prefs. Unix error code 2.
2024-08-06 16:32:51,606 [ERROR] LogOutputStream:75 - [STDERR_REDIRECT] 
2024-08-06 16:32:51,606 [ERROR] LogOutputStream:75 - [STDERR_REDIRECT] Aug 06, 2024 4:32:51 PM java.util.prefs.FileSystemPreferences syncWorld
2024-08-06 16:32:51,607 [ERROR] LogOutputStream:75 - [STDERR_REDIRECT] WARNING: Couldn't flush system prefs: java.util.prefs.BackingStoreException: Couldn't get file lock.
2024-08-06 16:32:51,607 [ERROR] LogOutputStream:75 - [STDERR_REDIRECT] 
2024-08-06 16:33:21,604 [ERROR] LogOutputStream:75 - [STDERR_REDIRECT] Aug 06, 2024 4:33:21 PM java.util.prefs.FileSystemPreferences checkLockFile0ErrorCode
2024-08-06 16:33:21,605 [ERROR] LogOutputStream:75 - [STDERR_REDIRECT] WARNING: Could not lock System prefs. Unix error code 2.
2024-08-06 16:33:21,605 [ERROR] LogOutputStream:75 - [STDERR_REDIRECT] 
2024-08-06 16:33:21,605 [ERROR] LogOutputStream:75 - [STDERR_REDIRECT] Aug 06, 2024 4:33:21 PM java.util.prefs.FileSystemPreferences syncWorld
2024-08-06 16:33:21,605 [ERROR] LogOutputStream:75 - [STDERR_REDIRECT] WARNING: Couldn't flush system prefs: java.util.prefs.BackingStoreException: Couldn't get file lock.
2024-08-06 16:33:21,605 [ERROR] LogOutputStream:75 - [STDERR_REDIRECT] 
2024-08-06 16:33:51,607 [ERROR] LogOutputStream:75 - [STDERR_REDIRECT] Aug 06, 2024 4:33:51 PM java.util.prefs.FileSystemPreferences checkLockFile0ErrorCode
2024-08-06 16:33:51,608 [ERROR] LogOutputStream:75 - [STDERR_REDIRECT] WARNING: Could not lock System prefs. Unix error code 2.
2024-08-06 16:33:51,608 [ERROR] LogOutputStream:75 - [STDERR_REDIRECT] 
2024-08-06 16:33:51,608 [ERROR] LogOutputStream:75 - [STDERR_REDIRECT] Aug 06, 2024 4:33:51 PM java.util.prefs.FileSystemPreferences syncWorld
2024-08-06 16:33:51,608 [ERROR] LogOutputStream:75 - [STDERR_REDIRECT] WARNING: Couldn't flush system prefs: java.util.prefs.BackingStoreException: Couldn't get file lock.
2024-08-06 16:33:51,608 [ERROR] LogOutputStream:75 - [STDERR_REDIRECT] 
2024-08-06 16:34:21,608 [ERROR] LogOutputStream:75 - [STDERR_REDIRECT] Aug 06, 2024 4:34:21 PM java.util.prefs.FileSystemPreferences checkLockFile0ErrorCode
2024-08-06 16:34:21,609 [ERROR] LogOutputStream:75 - [STDERR_REDIRECT] WARNING: Could not lock System prefs. Unix error code 2.
2024-08-06 16:34:21,609 [ERROR] LogOutputStream:75 - [STDERR_REDIRECT] 
2024-08-06 16:34:21,611 [ERROR] LogOutputStream:75 - [STDERR_REDIRECT] Aug 06, 2024 4:34:21 PM java.util.prefs.FileSystemPreferences syncWorld
2024-08-06 16:34:21,612 [ERROR] LogOutputStream:75 - [STDERR_REDIRECT] WARNING: Couldn't flush system prefs: java.util.prefs.BackingStoreException: Couldn't get file lock.
2024-08-06 16:34:21,612 [ERROR] LogOutputStream:75 - [STDERR_REDIRECT] 
2024-08-06 16:34:51,606 [ERROR] LogOutputStream:75 - [STDERR_REDIRECT] Aug 06, 2024 4:34:51 PM java.util.prefs.FileSystemPreferences checkLockFile0ErrorCode
2024-08-06 16:34:51,606 [ERROR] LogOutputStream:75 - [STDERR_REDIRECT] WARNING: Could not lock System prefs. Unix error code 2.
2024-08-06 16:34:51,606 [ERROR] LogOutputStream:75 - [STDERR_REDIRECT] 
2024-08-06 16:34:51,607 [ERROR] LogOutputStream:75 - [STDERR_REDIRECT] Aug 06, 2024 4:34:51 PM java.util.prefs.FileSystemPreferences syncWorld
2024-08-06 16:34:51,607 [ERROR] LogOutputStream:75 - [STDERR_REDIRECT] WARNING: Couldn't flush system prefs: java.util.prefs.BackingStoreException: Couldn't get file lock.
2024-08-06 16:34:51,607 [ERROR] LogOutputStream:75 - [STDERR_REDIRECT] 
2024-08-06 16:35:10,716 [INFO] McuFinderGlobals:63 - Set McuFinder mode to 2 (CubeIDE integrated)
2024-08-06 16:35:10,720 [INFO] MainUpdater:2873 - connection check result : 10
2024-08-06 16:35:10,720 [INFO] MainUpdater:2873 - connection check result : 10
2024-08-06 16:35:10,827 [INFO] RulesReader:64 - Compatibility file has been processed (297 Rules)
2024-08-06 16:35:10,858 [INFO] RulesReader:64 - Compatibility file has been processed (297 Rules)
2024-08-06 16:35:10,869 [INFO] MicroXplorer:468 - Change Database Path : 
2024-08-06 16:35:10,870 [INFO] MicroXplorer:498 - Change Database Version : DB.6.0.120
2024-08-06 16:35:10,882 [WARN] ThirdParty:871 - waiting for thirdparty lock release [close project]
2024-08-06 16:35:10,882 [INFO] ThirdParty:873 - entering critical section [close project]
2024-08-06 16:35:10,883 [INFO] ThirdParty:883 - exiting critical section [close project]
2024-08-06 16:35:10,888 [INFO] PinOutPanel:1561 - setPackage(No Configuration,No Configuration)
2024-08-06 16:35:10,897 [INFO] UtilMem:75 - Begin LoadConfig() Used Memory: 266100784 Bytes (629145600)
2024-08-06 16:35:10,911 [INFO] MicroXplorer:468 - Change Database Path : /home/leandro/.stm32cubemx/databases/DB.6.0.92/db/
2024-08-06 16:35:10,911 [INFO] MicroXplorer:498 - Change Database Version : DB.6.0.92
2024-08-06 16:35:13,062 [INFO] MicroXplorer:468 - Change Database Path : 
2024-08-06 16:35:13,062 [INFO] MicroXplorer:498 - Change Database Version : DB.6.0.120
2024-08-06 16:35:13,062 [INFO] OpenFileManager:332 - Change cursor
2024-08-06 16:35:13,227 [INFO] Mcu:2032 - Initializing MCU STM32F407V(E-G)Tx STM32F407VETx STM32F407VET6
2024-08-06 16:35:16,780 [INFO] Context:742 - Trying to add GPIOservice into a context  which must be forbidden
2024-08-06 16:35:17,866 [WARN] ModelIntegratedComponent:63 - No mode defined for component null
2024-08-06 16:35:17,866 [WARN] ModelIntegratedComponent:63 - No mode defined for component null
2024-08-06 16:35:17,866 [WARN] ModelIntegratedComponent:63 - No mode defined for component null
2024-08-06 16:35:17,866 [WARN] ModelIntegratedComponent:63 - No mode defined for component null
2024-08-06 16:35:17,866 [WARN] ModelIntegratedComponent:63 - No mode defined for component null
2024-08-06 16:35:17,866 [WARN] ModelIntegratedComponent:63 - No mode defined for component null
2024-08-06 16:35:17,867 [WARN] ModelIntegratedComponent:63 - No mode defined for component null
2024-08-06 16:35:17,867 [WARN] ModelIntegratedComponent:63 - No mode defined for component null
2024-08-06 16:35:17,867 [WARN] ModelIntegratedComponent:63 - No mode defined for component null
2024-08-06 16:35:17,867 [WARN] ModelIntegratedComponent:63 - No mode defined for component null
2024-08-06 16:35:17,867 [WARN] ModelIntegratedComponent:63 - No mode defined for component null
2024-08-06 16:35:17,867 [WARN] ModelIntegratedComponent:63 - No mode defined for component null
2024-08-06 16:35:17,867 [WARN] ModelIntegratedComponent:63 - No mode defined for component null
2024-08-06 16:35:17,867 [WARN] ModelIntegratedComponent:63 - No mode defined for component null
2024-08-06 16:35:17,867 [WARN] ModelIntegratedComponent:63 - No mode defined for component null
2024-08-06 16:35:17,867 [WARN] ModelIntegratedComponent:63 - No mode defined for component null
2024-08-06 16:35:17,867 [WARN] ModelIntegratedComponent:63 - No mode defined for component null
2024-08-06 16:35:17,867 [WARN] ModelIntegratedComponent:63 - No mode defined for component null
2024-08-06 16:35:17,868 [WARN] ModelIntegratedComponent:63 - No mode defined for component null
2024-08-06 16:35:17,868 [WARN] ModelIntegratedComponent:63 - No mode defined for component null
2024-08-06 16:35:17,868 [WARN] ModelIntegratedComponent:63 - No mode defined for component null
2024-08-06 16:35:17,868 [WARN] ModelIntegratedComponent:63 - No mode defined for component null
2024-08-06 16:35:17,868 [WARN] ModelIntegratedComponent:63 - No mode defined for component null
2024-08-06 16:35:17,868 [WARN] ModelIntegratedComponent:63 - No mode defined for component null
2024-08-06 16:35:17,868 [WARN] ModelIntegratedComponent:63 - No mode defined for component null
2024-08-06 16:35:17,868 [WARN] ModelIntegratedComponent:63 - No mode defined for component null
2024-08-06 16:35:17,868 [WARN] ModelIntegratedComponent:63 - No mode defined for component null
2024-08-06 16:35:17,868 [WARN] ModelIntegratedComponent:63 - No mode defined for component null
2024-08-06 16:35:17,868 [WARN] ModelIntegratedComponent:63 - No mode defined for component null
2024-08-06 16:35:17,869 [WARN] ModelIntegratedComponent:63 - No mode defined for component null
2024-08-06 16:35:17,869 [WARN] ModelIntegratedComponent:63 - No mode defined for component null
2024-08-06 16:35:17,869 [WARN] ModelIntegratedComponent:63 - No mode defined for component null
2024-08-06 16:35:17,869 [WARN] ModelIntegratedComponent:63 - No mode defined for component null
2024-08-06 16:35:17,869 [WARN] ModelIntegratedComponent:63 - No mode defined for component null
2024-08-06 16:35:17,869 [WARN] ModelIntegratedComponent:63 - No mode defined for component null
2024-08-06 16:35:17,869 [WARN] ModelPack:524 - Component already loaded: STMicroelectronics:HAL Drivers:0.0.0:STMicroelectronics:Device:STMicro_Driver:XSPI:HAL::0.0.1:HAL_XSPI
2024-08-06 16:35:18,232 [INFO] RtosManager:555 - Registered RTOS mode: class=CMSIS, group=RTOS, mode=CMSIS_V1, owner=FREERTOS
2024-08-06 16:35:18,232 [INFO] RtosManager:555 - Registered RTOS mode: class=CMSIS, group=RTOS2, mode=CMSIS_V2, owner=FREERTOS
2024-08-06 16:35:18,234 [INFO] RtosManager:555 - Registered RTOS mode: class=RTOS, group=Core, mode=CMSIS_V1, owner=FREERTOS
2024-08-06 16:35:18,234 [INFO] RtosManager:555 - Registered RTOS mode: class=RTOS, group=Core, mode=CMSIS_V2, owner=FREERTOS
2024-08-06 16:35:18,235 [WARN] ModelIntegratedComponent:184 - Missing modes for component STMicroelectronics:FreeRTOS:0.0.1:STMicroelectronics:RTOS:FreeRTOS:Core:::10.2.0:
2024-08-06 16:35:18,261 [INFO] ThirdPartyModel:298 - Start build external matchings
2024-08-06 16:35:18,555 [INFO] ThirdPartyModel:316 - End build external matchings
2024-08-06 16:35:18,579 [INFO] ImportTextPane:205 - (OptionalMessage_ERROR) IP (RCC) : Parameter (RTCHSEDivFreq_Value) has invalid value (12500000)
2024-08-06 16:35:19,192 [INFO] ApiDb:581 - Connected to CubeFinder SQLite database (/home/leandro/.stmcufinder/plugins/mcufinder/mcu/cube-finder-db.db)
2024-08-06 16:35:19,262 [INFO] ApiDb:668 - CubeFinder database Data Model version=2.1
2024-08-06 16:35:19,262 [INFO] ApiDb:669 - CubeFinder database Configuration version=3.0.39
2024-08-06 16:35:19,264 [INFO] ApiDb:670 - CubeFinder database generation date=2024-06-20 (1718880634)
2024-08-06 16:35:19,264 [INFO] ApiDb:671 - CubeFinder database FW Pack versions=[FP-ATR-ASTRA1_V2.0.0, FP-SNS-FLIGHT1_V5.0.2, FP-SNS-MOTENV1_V5.0.0, FP-SNS-MOTENVWB1_V1.4.0, FP-SNS-SMARTAG2_V1.2.0, STM32Cube_FW_C0_V1.2.0, STM32Cube_FW_F4_V1.28.0, STM32Cube_FW_F7_V1.17.2, STM32Cube_FW_G0_V1.6.2, STM32Cube_FW_G4_V1.6.0, STM32Cube_FW_H5_V1.3.0, STM32Cube_FW_H7RS_V1.1.0, STM32Cube_FW_H7_V1.11.2, STM32Cube_FW_L0_V1.12.2, STM32Cube_FW_L5_V1.5.1, STM32Cube_FW_U0_V1.1.0, STM32Cube_FW_U5_V1.6.0, STM32Cube_FW_WB0_V1.0.0, STM32Cube_FW_WBA_V1.4.0, STM32Cube_FW_WB_V1.20.0, STM32Cube_FW_WL_V1.3.0, X-CUBE-ALGOBUILD_V1.4.0, X-CUBE-ALS_V1.0.2, X-CUBE-AZRTOS-F4_V1.1.0, X-CUBE-AZRTOS-F7_V1.1.0, X-CUBE-AZRTOS-G0_V1.1.0, X-CUBE-AZRTOS-G4_V2.0.0, X-CUBE-AZRTOS-H7RS_V1.0.0, X-CUBE-AZRTOS-H7_V3.2.0, X-CUBE-AZRTOS-L4_V2.0.0, X-CUBE-AZRTOS-L5_V1.1.0, X-CUBE-AZRTOS-WB_V2.0.0, X-CUBE-AZRTOS-WL_V2.0.0, X-CUBE-BLE1_V7.0.0, X-CUBE-BLE2_V3.3.0, X-CUBE-BLEMGR_V3.1.0, X-CUBE-EEPRMA1_V5.1.0, X-CUBE-FREERTOS_V1.2.0, X-CUBE-GNSS1_V6.0.0, X-CUBE-MEMS1_V10.0.0, X-CUBE-NFC4_V3.0.0, X-CUBE-NFC7_V1.0.1, X-CUBE-SFXS2LP1_V4.0.0, X-CUBE-SUBG2_V5.0.0, X-CUBE-TOF1_V3.4.1]
2024-08-06 16:35:19,369 [INFO] DbBoardsSqlite:226 - include board P-NUCLEO-WB55-NUCLEO as a kit item of type 'Nucleo-64'
2024-08-06 16:35:19,369 [INFO] DbBoardsSqlite:226 - include board P-NUCLEO-WB55-USBDONGLE as a kit item of type 'Nucleo USB Dongle'
2024-08-06 16:35:19,370 [INFO] DbBoardsSqlite:226 - include board STEVAL-IDP005V1 as a kit item of type 'Evaluation Board'
2024-08-06 16:35:19,370 [INFO] DbBoardsSqlite:226 - include board STEVAL-IDP005V2 as a kit item of type 'Evaluation Board'
2024-08-06 16:35:19,446 [INFO] ApiDb:240 - Found 646 in-development CPN: [B-G473E-ZEST1S, B-WB1M-WPAN1, B-WL5M-SUBG1, NUCLEO-C031C6, NUCLEO-C071RB, NUCLEO-H503RB, NUCLEO-H533RE, NUCLEO-H563ZI, NUCLEO-H7S3L8, NUCLEO-U031R8, NUCLEO-U083RC, NUCLEO-U545RE-Q, NUCLEO-U5A5ZJ-Q, NUCLEO-WB05KZ, NUCLEO-WB07CC, NUCLEO-WB09KE, NUCLEO-WBA52CG, NUCLEO-WBA55CG, STEVAL-PROTEUS1, STEVAL-SMARTAG2, STEVAL-STWINBX1, STM320518-EVAL, STM32C0116-DK, STM32C011D6Y3TR, STM32C011D6Y6TR, STM32C011F4P3, STM32C011F4P6, STM32C011F4U3, STM32C011F4U6TR, STM32C011F6P3, STM32C011F6P6, STM32C011F6U3, STM32C011F6U6TR, STM32C011J4M3, STM32C011J4M6, STM32C011J6M3, STM32C011J6M6, STM32C0316-DK, STM32C031C4T3, STM32C031C4T6, STM32C031C4U3, STM32C031C4U6, STM32C031C6T3, STM32C031C6T6, STM32C031C6U3, STM32C031C6U6, STM32C031F4P3, STM32C031F4P6, STM32C031F6P3, STM32C031F6P6, STM32C031G4U3, STM32C031G4U6, STM32C031G6U3, STM32C031G6U6, STM32C031K4T3, STM32C031K4T6, STM32C031K4U3, STM32C031K4U6, STM32C031K6T3, STM32C031K6T6, STM32C031K6U3, STM32C031K6U6, STM32C071C8T6, STM32C071C8T6N, STM32C071C8U6, STM32C071C8U6N, STM32C071CBT6, STM32C071CBT6N, STM32C071CBU6, STM32C071CBU6N, STM32C071F8P6, STM32C071F8P6N, STM32C071FBP6, STM32C071FBP6N, STM32C071FBY6TR, STM32C071G8U6, STM32C071G8U6N, STM32C071GBU6, STM32C071GBU6N, STM32C071K8T6, STM32C071K8T6N, STM32C071K8U6, STM32C071K8U6N, STM32C071KBT6, STM32C071KBT6N, STM32C071KBU6, STM32C071KBU6N, STM32C071R8T6, STM32C071R8T6N, STM32C071RBI6N, STM32C071RBT6, STM32C071RBT6N, STM32G071K8TXN, STM32G071K8UXN, STM32G081GBU6N, STM32G081KBT6N, STM32G081KBUXN, STM32G0B1CCT6N, STM32G0B1KCT6, STM32G0B1NEY6TR, STM32G0B1RCT6N, STM32G0C1CCT6, STM32G0C1CCT6N, STM32G0C1CCU6N, STM32G0C1CET6N, STM32G0C1CEU6N, STM32G0C1KCT6, STM32G0C1NEY6TR, STM32G0C1RCI6N, STM32G0C1RCT6N, STM32G0C1REI6N, STM32G0C1RET6N, STM32G0C1VCI6, STM32G0C1VEI6, STM32G411C6T3, STM32G411C6T6, STM32G411C6U3, STM32G411C6U6, STM32G411C8T3, STM32G411C8T6, STM32G411C8U3, STM32G411C8U6, STM32G411CBT3, STM32G411CBT6, STM32G411CBU3, STM32G411CBU6, STM32G411K6T3, STM32G411K6T6, STM32G411K6U3, STM32G411K6U6, STM32G411K8T3, STM32G411K8T6, STM32G411K8U3, STM32G411K8U6, STM32G411KBT3, STM32G411KBT6, STM32G411KBU3, STM32G411KBU6, STM32G411M6T3, STM32G411M6T6, STM32G411M8T3, STM32G411M8T6, STM32G411MBT3, STM32G411MBT6, STM32G411R6T3, STM32G411R6T6, STM32G411R8T3, STM32G411R8T6, STM32G411RBT3, STM32G411RBT6, STM32G414CBT3, STM32G414CBT6, STM32G414CBU3, STM32G414CBU6, STM32G414CCT3, STM32G414CCT6, STM32G414CCU3, STM32G414CCU6, STM32G414MBT3, STM32G414MBT6, STM32G414MCT3, STM32G414MCT6, STM32G414RBT3, STM32G414RBT6, STM32G414RCT3, STM32G414RCT6, STM32G414VBT3, STM32G414VBT6, STM32G414VCT3, STM32G414VCT6, STM32G431CBT3Z, STM32G431RBT3Z, STM32G471CCT6, STM32G471CCU6, STM32G471CET3, STM32G471CET6, STM32G471CEU3, STM32G471CEU6, STM32G471MCT6, STM32G471MET3, STM32G471MET6, STM32G471MEY6TR, STM32G471QCT6, STM32G471QET3, STM32G471RCT6, STM32G471RET3, STM32G471RET6, STM32G471VCH6, STM32G471VCI6, STM32G471VCT6, STM32G471VEH3, STM32G471VEH6, STM32G471VEI3, STM32G471VEI6, STM32G471VET3, STM32G471VET6, STM32G473QET3Z, STM32G473RET3Z, STM32G474CCT6, STM32G491RET3Z, STM32H503CBT6, STM32H503CBU6, STM32H503EBY6TR, STM32H503KBU6, STM32H503RBT6, STM32H523CCT6, STM32H523CCU6, STM32H523CET6, STM32H523CEU6, STM32H523HEY6TR, STM32H523RCT6, STM32H523RET6, STM32H523VCI6, STM32H523VCT6, STM32H523VEI6, STM32H523VET6, STM32H523ZCJ6, STM32H523ZCT6, STM32H523ZEJ6, STM32H523ZET6, STM32H533CET6, STM32H533CEU6, STM32H533HEY6TR, STM32H533RET6, STM32H533VEI6, STM32H533VET6, STM32H533ZEJ6, STM32H533ZET6, STM32H562AGI6, STM32H562AII6, STM32H562IGK6, STM32H562IGT6, STM32H562IIK6, STM32H562IIT6, STM32H562RGT6, STM32H562RGV6, STM32H562RIT6, STM32H562RIV6, STM32H562VGT6, STM32H562VIT6, STM32H562ZGT6, STM32H562ZIT6, STM32H563AGI6, STM32H563AII3Q, STM32H563AII6, STM32H563IGK6, STM32H563IGT6, STM32H563IIK3Q, STM32H563IIK6, STM32H563IIT3Q, STM32H563IIT6, STM32H563MIY3QTR, STM32H563RGT6, STM32H563RGV6, STM32H563RIT6, STM32H563RIV6, STM32H563VGT6, STM32H563VIT3Q, STM32H563VIT6, STM32H563ZGT6, STM32H563ZIT3Q, STM32H563ZIT6, STM32H573AII3Q, STM32H573AII6, STM32H573I-DK, STM32H573IIK3Q, STM32H573IIK6, STM32H573IIT3Q, STM32H573IIT6, STM32H573MIY3QTR, STM32H573RIT6, STM32H573RIV6, STM32H573VIT3Q, STM32H573VIT6, STM32H573ZIT3Q, STM32H573ZIT6, STM32H7R3A8I6, STM32H7R3I8K6, STM32H7R3I8T6, STM32H7R3L8H6, STM32H7R3L8H6H, STM32H7R3R8V6, STM32H7R3V8H6, STM32H7R3V8T6, STM32H7R3V8Y6TR, STM32H7R3Z8J6, STM32H7R3Z8T6, STM32H7R7A8I6, STM32H7R7I8K6, STM32H7R7I8T6, STM32H7R7L8H6, STM32H7R7L8H6H, STM32H7R7Z8J6, STM32H7S3A8I6, STM32H7S3I8K6, STM32H7S3I8T6, STM32H7S3L8H6, STM32H7S3L8H6H, STM32H7S3R8V6, STM32H7S3V8H6, STM32H7S3V8T6, STM32H7S3V8Y6TR, STM32H7S3Z8J6, STM32H7S3Z8T6, STM32H7S78-DK, STM32H7S7A8I6, STM32H7S7I8K6, STM32H7S7I8T6, STM32H7S7L8H6, STM32H7S7L8H6H, STM32H7S7Z8J6, STM32L4R5QGI6STR, STM32MP131AAE3, STM32MP131AAF3, STM32MP131AAG3, STM32MP131CAE3, STM32MP131CAF3, STM32MP131CAG3, STM32MP131DAE7, STM32MP131DAF7, STM32MP131DAG7, STM32MP131FAE7, STM32MP131FAF7, STM32MP131FAG7, STM32MP133AAE3, STM32MP133AAF3, STM32MP133AAG3, STM32MP133CAE3, STM32MP133CAF3, STM32MP133CAG3, STM32MP133DAE7, STM32MP133DAF7, STM32MP133DAG7, STM32MP133FAE7, STM32MP133FAF7, STM32MP133FAG7, STM32MP135AAE3, STM32MP135AAF3, STM32MP135AAG3, STM32MP135CAE3, STM32MP135CAF3, STM32MP135CAG3, STM32MP135DAE7, STM32MP135DAF7, STM32MP135DAG7, STM32MP135F-DK, STM32MP135FAE7, STM32MP135FAF7, STM32MP135FAF7T, STM32MP135FAF7U, STM32MP135FAG7, STM32MP251AAI3, STM32MP251AAK3, STM32MP251AAL3, STM32MP251CAI3, STM32MP251CAK3, STM32MP251CAL3, STM32MP251DAI3, STM32MP251DAK3, STM32MP251DAL3, STM32MP251FAI3, STM32MP251FAK3, STM32MP251FAL3, STM32MP253AAI3, STM32MP253AAK3, STM32MP253AAL3, STM32MP253CAI3, STM32MP253CAK3, STM32MP253CAL3, STM32MP253DAI3, STM32MP253DAK3, STM32MP253DAL3, STM32MP253FAI3, STM32MP253FAK3, STM32MP253FAL3, STM32MP255AAI3, STM32MP255AAK3, STM32MP255AAL3, STM32MP255CAI3, STM32MP255CAK3, STM32MP255CAL3, STM32MP255DAI3, STM32MP255DAK3, STM32MP255DAL3, STM32MP255FAI3, STM32MP255FAK3, STM32MP255FAL3, STM32MP257AAI3, STM32MP257AAK3, STM32MP257AAL3, STM32MP257CAI3, STM32MP257CAK3, STM32MP257CAL3, STM32MP257DAI3, STM32MP257DAK3, STM32MP257DAL3, STM32MP257F-DK, STM32MP257F-EV1, STM32MP257FAI3, STM32MP257FAK3, STM32MP257FAL3, STM32U031C6T6, STM32U031C6U6, STM32U031C8T6, STM32U031C8U6, STM32U031F4P6, STM32U031F6P6, STM32U031F8P6, STM32U031G6Y6TR, STM32U031G8Y6TR, STM32U031K4U6, STM32U031K6U6, STM32U031K8U6, STM32U031R6I6, STM32U031R6T6, STM32U031R8I6, STM32U031R8T6, STM32U073C8T6, STM32U073C8U6, STM32U073CBT6, STM32U073CBU6, STM32U073CCT6, STM32U073CCU6, STM32U073H8Y6TR, STM32U073HBY6TR, STM32U073HCY6TR, STM32U073K8U6, STM32U073KBU6, STM32U073KCU6, STM32U073M8I6, STM32U073M8T6, STM32U073MBI6, STM32U073MBT6, STM32U073MCI6, STM32U073MCT6, STM32U073R8I6, STM32U073R8T6, STM32U073RBI6, STM32U073RBT6, STM32U073RCI6, STM32U073RCT6, STM32U083C-DK, STM32U083CCT6, STM32U083CCU6, STM32U083HCY6TR, STM32U083KCU6, STM32U083MCI6, STM32U083MCT6, STM32U083RCI6, STM32U083RCT6, STM32U535CBT6, STM32U535CBT6Q, STM32U535CBU6, STM32U535CBU6Q, STM32U535CCT6, STM32U535CCT6Q, STM32U535CCU6, STM32U535CCU6Q, STM32U535CET6, STM32U535CET6Q, STM32U535CEU6, STM32U535CEU6Q, STM32U535JEY6QTR, STM32U535NCY6QTR, STM32U535NEY6QTR, STM32U535RBI6, STM32U535RBI6Q, STM32U535RBT6, STM32U535RBT6Q, STM32U535RCI6, STM32U535RCI6Q, STM32U535RCT6, STM32U535RCT6Q, STM32U535REI6, STM32U535REI6Q, STM32U535RET6, STM32U535RET6Q, STM32U535VCI6, STM32U535VCI6Q, STM32U535VCT6, STM32U535VCT6Q, STM32U535VEI6, STM32U535VEI6Q, STM32U535VET6, STM32U535VET6Q, STM32U545CET6, STM32U545CET6Q, STM32U545CEU6, STM32U545CEU6Q, STM32U545JEY6QTR, STM32U545NEY6QTR, STM32U545REI6, STM32U545REI6Q, STM32U545RET6, STM32U545RET6Q, STM32U545VEI6, STM32U545VEI6Q, STM32U545VET6, STM32U545VET6Q, STM32U595AIH6, STM32U595AIH6Q, STM32U595AJH6, STM32U595AJH6Q, STM32U595QII6, STM32U595QII6Q, STM32U595QJI6, STM32U595QJI6Q, STM32U595RIT6, STM32U595RIT6Q, STM32U595RJT6, STM32U595RJT6Q, STM32U595VIT6, STM32U595VIT6Q, STM32U595VJT6, STM32U595VJT6Q, STM32U595ZIT6, STM32U595ZIT6Q, STM32U595ZIY6QTR, STM32U595ZJT6, STM32U595ZJT6Q, STM32U595ZJY6QTR, STM32U599BJY6QTR, STM32U599NIH6Q, STM32U599NJH6Q, STM32U599VIT6Q, STM32U599VJT6, STM32U599VJT6Q, STM32U599ZIT6Q, STM32U599ZIY6QTR, STM32U599ZJT6Q, STM32U599ZJY6QTR, STM32U5A5AJH6, STM32U5A5AJH6Q, STM32U5A5QII3Q , STM32U5A5QJI6, STM32U5A5QJI6Q, STM32U5A5RJT6, STM32U5A5RJT6Q, STM32U5A5VJT6, STM32U5A5VJT6Q, STM32U5A5ZJT6, STM32U5A5ZJT6Q, STM32U5A5ZJY6QTR, STM32U5A9BJY6QTR, STM32U5A9J-DK, STM32U5A9NJH6Q, STM32U5A9VJT6Q, STM32U5A9ZJT6Q, STM32U5A9ZJY6QTR, STM32U5F7VIT6, STM32U5F7VIT6Q, STM32U5F7VJT6, STM32U5F7VJT6Q, STM32U5F9BJY6QTR, STM32U5F9NJH6Q, STM32U5F9VIT6Q, STM32U5F9VJT6Q, STM32U5F9ZIJ6QTR, STM32U5F9ZIT6Q, STM32U5F9ZJJ6QTR, STM32U5F9ZJT6Q, STM32U5G7VJT6, STM32U5G7VJT6Q, STM32U5G9BJY6QTR, STM32U5G9J-DK1, STM32U5G9J-DK2, STM32U5G9NJH6Q, STM32U5G9VJT6Q, STM32U5G9ZJJ6QTR, STM32U5G9ZJT6Q, STM32WB05KZV6TR, STM32WB05KZV7TR, STM32WB05TZF6TR, STM32WB05TZF7TR, STM32WB06CCF6TR, STM32WB06CCF7TR, STM32WB06CCV6TR, STM32WB06CCV7TR, STM32WB06KCV6TR, STM32WB06KCV7TR, STM32WB07CCF6TR, STM32WB07CCF7TR, STM32WB07CCV6TR, STM32WB07CCV7TR, STM32WB07KCV6TR, STM32WB07KCV7TR, STM32WB09KEV6TR, STM32WB09KEV7TR, STM32WB09TEF6TR, STM32WB09TEF7TR, STM32WB1MMCH6, STM32WBA50KGU6, STM32WBA50KGU6TR, STM32WBA52CEU6, STM32WBA52CEU6TR, STM32WBA52CEU7, STM32WBA52CEU7TR, STM32WBA52CGU6, STM32WBA52CGU6TR, STM32WBA52CGU6U, STM32WBA52CGU7, STM32WBA52CGU7TR, STM32WBA52KEU6, STM32WBA52KEU6TR, STM32WBA52KGU6, STM32WBA52KGU6TR, STM32WBA54CEU6, STM32WBA54CEU6TR, STM32WBA54CEU7, STM32WBA54CEU7TR, STM32WBA54CGU6, STM32WBA54CGU6TR, STM32WBA54CGU7, STM32WBA54CGU7TR, STM32WBA54KEU6, STM32WBA54KEU6TR, STM32WBA54KEU7, STM32WBA54KEU7TR, STM32WBA54KGU6, STM32WBA54KGU6TR, STM32WBA54KGU7, STM32WBA54KGU7TR, STM32WBA55CEU6, STM32WBA55CEU6TR, STM32WBA55CEU7, STM32WBA55CEU7TR, STM32WBA55CGU6, STM32WBA55CGU6TR, STM32WBA55CGU6U, STM32WBA55CGU7, STM32WBA55CGU7TR, STM32WBA55G-DK1, STM32WBA55HEF6, STM32WBA55HEF7, STM32WBA55HGF6, STM32WBA55HGF7, STM32WBA55UEI6, STM32WBA55UEI6TR, STM32WBA55UEI7, STM32WBA55UEI7TR, STM32WBA55UGI6, STM32WBA55UGI6TR, STM32WBA55UGI7, STM32WBA55UGI7TR, STM32WL5MOCH6, STM32WL5MOCH6TR]
2024-08-06 16:35:19,596 [INFO] BoardInfo:889 - No configuration file found for board P-NUCLEO-WB55
2024-08-06 16:35:19,596 [INFO] DbBoards:161 - Kit is not supported: P-NUCLEO-WB55
2024-08-06 16:35:19,600 [INFO] BoardInfo:889 - No configuration file found for board STEVAL-BFA001V1B
2024-08-06 16:35:19,601 [INFO] DbBoards:161 - Kit is not supported: STEVAL-BFA001V1B
2024-08-06 16:35:19,602 [INFO] BoardInfo:889 - No configuration file found for board STEVAL-BFA001V2B
2024-08-06 16:35:19,602 [INFO] DbBoards:161 - Kit is not supported: STEVAL-BFA001V2B
2024-08-06 16:35:19,768 [INFO] DbBoards:168 - Found 201 boards, 198 are supported
2024-08-06 16:35:19,768 [INFO] DbBoards:169 - Found 201 boards, 25 of them is supported for  Bsp
2024-08-06 16:35:19,772 [INFO] ApiDb:668 - CubeFinder database Data Model version=2.1
2024-08-06 16:35:19,772 [INFO] ApiDb:669 - CubeFinder database Configuration version=3.0.39
2024-08-06 16:35:19,772 [INFO] ApiDb:670 - CubeFinder database generation date=2024-06-20 (1718880634)
2024-08-06 16:35:19,772 [INFO] ApiDb:671 - CubeFinder database FW Pack versions=[FP-ATR-ASTRA1_V2.0.0, FP-SNS-FLIGHT1_V5.0.2, FP-SNS-MOTENV1_V5.0.0, FP-SNS-MOTENVWB1_V1.4.0, FP-SNS-SMARTAG2_V1.2.0, STM32Cube_FW_C0_V1.2.0, STM32Cube_FW_F4_V1.28.0, STM32Cube_FW_F7_V1.17.2, STM32Cube_FW_G0_V1.6.2, STM32Cube_FW_G4_V1.6.0, STM32Cube_FW_H5_V1.3.0, STM32Cube_FW_H7RS_V1.1.0, STM32Cube_FW_H7_V1.11.2, STM32Cube_FW_L0_V1.12.2, STM32Cube_FW_L5_V1.5.1, STM32Cube_FW_U0_V1.1.0, STM32Cube_FW_U5_V1.6.0, STM32Cube_FW_WB0_V1.0.0, STM32Cube_FW_WBA_V1.4.0, STM32Cube_FW_WB_V1.20.0, STM32Cube_FW_WL_V1.3.0, X-CUBE-ALGOBUILD_V1.4.0, X-CUBE-ALS_V1.0.2, X-CUBE-AZRTOS-F4_V1.1.0, X-CUBE-AZRTOS-F7_V1.1.0, X-CUBE-AZRTOS-G0_V1.1.0, X-CUBE-AZRTOS-G4_V2.0.0, X-CUBE-AZRTOS-H7RS_V1.0.0, X-CUBE-AZRTOS-H7_V3.2.0, X-CUBE-AZRTOS-L4_V2.0.0, X-CUBE-AZRTOS-L5_V1.1.0, X-CUBE-AZRTOS-WB_V2.0.0, X-CUBE-AZRTOS-WL_V2.0.0, X-CUBE-BLE1_V7.0.0, X-CUBE-BLE2_V3.3.0, X-CUBE-BLEMGR_V3.1.0, X-CUBE-EEPRMA1_V5.1.0, X-CUBE-FREERTOS_V1.2.0, X-CUBE-GNSS1_V6.0.0, X-CUBE-MEMS1_V10.0.0, X-CUBE-NFC4_V3.0.0, X-CUBE-NFC7_V1.0.1, X-CUBE-SFXS2LP1_V4.0.0, X-CUBE-SUBG2_V5.0.0, X-CUBE-TOF1_V3.4.1]
2024-08-06 16:35:21,606 [ERROR] LogOutputStream:75 - [STDERR_REDIRECT] Aug 06, 2024 4:35:21 PM java.util.prefs.FileSystemPreferences checkLockFile0ErrorCode
2024-08-06 16:35:21,606 [ERROR] LogOutputStream:75 - [STDERR_REDIRECT] WARNING: Could not lock System prefs. Unix error code 2.
2024-08-06 16:35:21,606 [ERROR] LogOutputStream:75 - [STDERR_REDIRECT] 
2024-08-06 16:35:21,606 [ERROR] LogOutputStream:75 - [STDERR_REDIRECT] Aug 06, 2024 4:35:21 PM java.util.prefs.FileSystemPreferences syncWorld
2024-08-06 16:35:21,607 [ERROR] LogOutputStream:75 - [STDERR_REDIRECT] WARNING: Couldn't flush system prefs: java.util.prefs.BackingStoreException: Couldn't get file lock.
2024-08-06 16:35:21,607 [ERROR] LogOutputStream:75 - [STDERR_REDIRECT] 
2024-08-06 16:35:23,231 [INFO] ApiDb:240 - Found 646 in-development CPN: [B-G473E-ZEST1S, B-WB1M-WPAN1, B-WL5M-SUBG1, NUCLEO-C031C6, NUCLEO-C071RB, NUCLEO-H503RB, NUCLEO-H533RE, NUCLEO-H563ZI, NUCLEO-H7S3L8, NUCLEO-U031R8, NUCLEO-U083RC, NUCLEO-U545RE-Q, NUCLEO-U5A5ZJ-Q, NUCLEO-WB05KZ, NUCLEO-WB07CC, NUCLEO-WB09KE, NUCLEO-WBA52CG, NUCLEO-WBA55CG, STEVAL-PROTEUS1, STEVAL-SMARTAG2, STEVAL-STWINBX1, STM320518-EVAL, STM32C0116-DK, STM32C011D6Y3TR, STM32C011D6Y6TR, STM32C011F4P3, STM32C011F4P6, STM32C011F4U3, STM32C011F4U6TR, STM32C011F6P3, STM32C011F6P6, STM32C011F6U3, STM32C011F6U6TR, STM32C011J4M3, STM32C011J4M6, STM32C011J6M3, STM32C011J6M6, STM32C0316-DK, STM32C031C4T3, STM32C031C4T6, STM32C031C4U3, STM32C031C4U6, STM32C031C6T3, STM32C031C6T6, STM32C031C6U3, STM32C031C6U6, STM32C031F4P3, STM32C031F4P6, STM32C031F6P3, STM32C031F6P6, STM32C031G4U3, STM32C031G4U6, STM32C031G6U3, STM32C031G6U6, STM32C031K4T3, STM32C031K4T6, STM32C031K4U3, STM32C031K4U6, STM32C031K6T3, STM32C031K6T6, STM32C031K6U3, STM32C031K6U6, STM32C071C8T6, STM32C071C8T6N, STM32C071C8U6, STM32C071C8U6N, STM32C071CBT6, STM32C071CBT6N, STM32C071CBU6, STM32C071CBU6N, STM32C071F8P6, STM32C071F8P6N, STM32C071FBP6, STM32C071FBP6N, STM32C071FBY6TR, STM32C071G8U6, STM32C071G8U6N, STM32C071GBU6, STM32C071GBU6N, STM32C071K8T6, STM32C071K8T6N, STM32C071K8U6, STM32C071K8U6N, STM32C071KBT6, STM32C071KBT6N, STM32C071KBU6, STM32C071KBU6N, STM32C071R8T6, STM32C071R8T6N, STM32C071RBI6N, STM32C071RBT6, STM32C071RBT6N, STM32G071K8TXN, STM32G071K8UXN, STM32G081GBU6N, STM32G081KBT6N, STM32G081KBUXN, STM32G0B1CCT6N, STM32G0B1KCT6, STM32G0B1NEY6TR, STM32G0B1RCT6N, STM32G0C1CCT6, STM32G0C1CCT6N, STM32G0C1CCU6N, STM32G0C1CET6N, STM32G0C1CEU6N, STM32G0C1KCT6, STM32G0C1NEY6TR, STM32G0C1RCI6N, STM32G0C1RCT6N, STM32G0C1REI6N, STM32G0C1RET6N, STM32G0C1VCI6, STM32G0C1VEI6, STM32G411C6T3, STM32G411C6T6, STM32G411C6U3, STM32G411C6U6, STM32G411C8T3, STM32G411C8T6, STM32G411C8U3, STM32G411C8U6, STM32G411CBT3, STM32G411CBT6, STM32G411CBU3, STM32G411CBU6, STM32G411K6T3, STM32G411K6T6, STM32G411K6U3, STM32G411K6U6, STM32G411K8T3, STM32G411K8T6, STM32G411K8U3, STM32G411K8U6, STM32G411KBT3, STM32G411KBT6, STM32G411KBU3, STM32G411KBU6, STM32G411M6T3, STM32G411M6T6, STM32G411M8T3, STM32G411M8T6, STM32G411MBT3, STM32G411MBT6, STM32G411R6T3, STM32G411R6T6, STM32G411R8T3, STM32G411R8T6, STM32G411RBT3, STM32G411RBT6, STM32G414CBT3, STM32G414CBT6, STM32G414CBU3, STM32G414CBU6, STM32G414CCT3, STM32G414CCT6, STM32G414CCU3, STM32G414CCU6, STM32G414MBT3, STM32G414MBT6, STM32G414MCT3, STM32G414MCT6, STM32G414RBT3, STM32G414RBT6, STM32G414RCT3, STM32G414RCT6, STM32G414VBT3, STM32G414VBT6, STM32G414VCT3, STM32G414VCT6, STM32G431CBT3Z, STM32G431RBT3Z, STM32G471CCT6, STM32G471CCU6, STM32G471CET3, STM32G471CET6, STM32G471CEU3, STM32G471CEU6, STM32G471MCT6, STM32G471MET3, STM32G471MET6, STM32G471MEY6TR, STM32G471QCT6, STM32G471QET3, STM32G471RCT6, STM32G471RET3, STM32G471RET6, STM32G471VCH6, STM32G471VCI6, STM32G471VCT6, STM32G471VEH3, STM32G471VEH6, STM32G471VEI3, STM32G471VEI6, STM32G471VET3, STM32G471VET6, STM32G473QET3Z, STM32G473RET3Z, STM32G474CCT6, STM32G491RET3Z, STM32H503CBT6, STM32H503CBU6, STM32H503EBY6TR, STM32H503KBU6, STM32H503RBT6, STM32H523CCT6, STM32H523CCU6, STM32H523CET6, STM32H523CEU6, STM32H523HEY6TR, STM32H523RCT6, STM32H523RET6, STM32H523VCI6, STM32H523VCT6, STM32H523VEI6, STM32H523VET6, STM32H523ZCJ6, STM32H523ZCT6, STM32H523ZEJ6, STM32H523ZET6, STM32H533CET6, STM32H533CEU6, STM32H533HEY6TR, STM32H533RET6, STM32H533VEI6, STM32H533VET6, STM32H533ZEJ6, STM32H533ZET6, STM32H562AGI6, STM32H562AII6, STM32H562IGK6, STM32H562IGT6, STM32H562IIK6, STM32H562IIT6, STM32H562RGT6, STM32H562RGV6, STM32H562RIT6, STM32H562RIV6, STM32H562VGT6, STM32H562VIT6, STM32H562ZGT6, STM32H562ZIT6, STM32H563AGI6, STM32H563AII3Q, STM32H563AII6, STM32H563IGK6, STM32H563IGT6, STM32H563IIK3Q, STM32H563IIK6, STM32H563IIT3Q, STM32H563IIT6, STM32H563MIY3QTR, STM32H563RGT6, STM32H563RGV6, STM32H563RIT6, STM32H563RIV6, STM32H563VGT6, STM32H563VIT3Q, STM32H563VIT6, STM32H563ZGT6, STM32H563ZIT3Q, STM32H563ZIT6, STM32H573AII3Q, STM32H573AII6, STM32H573I-DK, STM32H573IIK3Q, STM32H573IIK6, STM32H573IIT3Q, STM32H573IIT6, STM32H573MIY3QTR, STM32H573RIT6, STM32H573RIV6, STM32H573VIT3Q, STM32H573VIT6, STM32H573ZIT3Q, STM32H573ZIT6, STM32H7R3A8I6, STM32H7R3I8K6, STM32H7R3I8T6, STM32H7R3L8H6, STM32H7R3L8H6H, STM32H7R3R8V6, STM32H7R3V8H6, STM32H7R3V8T6, STM32H7R3V8Y6TR, STM32H7R3Z8J6, STM32H7R3Z8T6, STM32H7R7A8I6, STM32H7R7I8K6, STM32H7R7I8T6, STM32H7R7L8H6, STM32H7R7L8H6H, STM32H7R7Z8J6, STM32H7S3A8I6, STM32H7S3I8K6, STM32H7S3I8T6, STM32H7S3L8H6, STM32H7S3L8H6H, STM32H7S3R8V6, STM32H7S3V8H6, STM32H7S3V8T6, STM32H7S3V8Y6TR, STM32H7S3Z8J6, STM32H7S3Z8T6, STM32H7S78-DK, STM32H7S7A8I6, STM32H7S7I8K6, STM32H7S7I8T6, STM32H7S7L8H6, STM32H7S7L8H6H, STM32H7S7Z8J6, STM32L4R5QGI6STR, STM32MP131AAE3, STM32MP131AAF3, STM32MP131AAG3, STM32MP131CAE3, STM32MP131CAF3, STM32MP131CAG3, STM32MP131DAE7, STM32MP131DAF7, STM32MP131DAG7, STM32MP131FAE7, STM32MP131FAF7, STM32MP131FAG7, STM32MP133AAE3, STM32MP133AAF3, STM32MP133AAG3, STM32MP133CAE3, STM32MP133CAF3, STM32MP133CAG3, STM32MP133DAE7, STM32MP133DAF7, STM32MP133DAG7, STM32MP133FAE7, STM32MP133FAF7, STM32MP133FAG7, STM32MP135AAE3, STM32MP135AAF3, STM32MP135AAG3, STM32MP135CAE3, STM32MP135CAF3, STM32MP135CAG3, STM32MP135DAE7, STM32MP135DAF7, STM32MP135DAG7, STM32MP135F-DK, STM32MP135FAE7, STM32MP135FAF7, STM32MP135FAF7T, STM32MP135FAF7U, STM32MP135FAG7, STM32MP251AAI3, STM32MP251AAK3, STM32MP251AAL3, STM32MP251CAI3, STM32MP251CAK3, STM32MP251CAL3, STM32MP251DAI3, STM32MP251DAK3, STM32MP251DAL3, STM32MP251FAI3, STM32MP251FAK3, STM32MP251FAL3, STM32MP253AAI3, STM32MP253AAK3, STM32MP253AAL3, STM32MP253CAI3, STM32MP253CAK3, STM32MP253CAL3, STM32MP253DAI3, STM32MP253DAK3, STM32MP253DAL3, STM32MP253FAI3, STM32MP253FAK3, STM32MP253FAL3, STM32MP255AAI3, STM32MP255AAK3, STM32MP255AAL3, STM32MP255CAI3, STM32MP255CAK3, STM32MP255CAL3, STM32MP255DAI3, STM32MP255DAK3, STM32MP255DAL3, STM32MP255FAI3, STM32MP255FAK3, STM32MP255FAL3, STM32MP257AAI3, STM32MP257AAK3, STM32MP257AAL3, STM32MP257CAI3, STM32MP257CAK3, STM32MP257CAL3, STM32MP257DAI3, STM32MP257DAK3, STM32MP257DAL3, STM32MP257F-DK, STM32MP257F-EV1, STM32MP257FAI3, STM32MP257FAK3, STM32MP257FAL3, STM32U031C6T6, STM32U031C6U6, STM32U031C8T6, STM32U031C8U6, STM32U031F4P6, STM32U031F6P6, STM32U031F8P6, STM32U031G6Y6TR, STM32U031G8Y6TR, STM32U031K4U6, STM32U031K6U6, STM32U031K8U6, STM32U031R6I6, STM32U031R6T6, STM32U031R8I6, STM32U031R8T6, STM32U073C8T6, STM32U073C8U6, STM32U073CBT6, STM32U073CBU6, STM32U073CCT6, STM32U073CCU6, STM32U073H8Y6TR, STM32U073HBY6TR, STM32U073HCY6TR, STM32U073K8U6, STM32U073KBU6, STM32U073KCU6, STM32U073M8I6, STM32U073M8T6, STM32U073MBI6, STM32U073MBT6, STM32U073MCI6, STM32U073MCT6, STM32U073R8I6, STM32U073R8T6, STM32U073RBI6, STM32U073RBT6, STM32U073RCI6, STM32U073RCT6, STM32U083C-DK, STM32U083CCT6, STM32U083CCU6, STM32U083HCY6TR, STM32U083KCU6, STM32U083MCI6, STM32U083MCT6, STM32U083RCI6, STM32U083RCT6, STM32U535CBT6, STM32U535CBT6Q, STM32U535CBU6, STM32U535CBU6Q, STM32U535CCT6, STM32U535CCT6Q, STM32U535CCU6, STM32U535CCU6Q, STM32U535CET6, STM32U535CET6Q, STM32U535CEU6, STM32U535CEU6Q, STM32U535JEY6QTR, STM32U535NCY6QTR, STM32U535NEY6QTR, STM32U535RBI6, STM32U535RBI6Q, STM32U535RBT6, STM32U535RBT6Q, STM32U535RCI6, STM32U535RCI6Q, STM32U535RCT6, STM32U535RCT6Q, STM32U535REI6, STM32U535REI6Q, STM32U535RET6, STM32U535RET6Q, STM32U535VCI6, STM32U535VCI6Q, STM32U535VCT6, STM32U535VCT6Q, STM32U535VEI6, STM32U535VEI6Q, STM32U535VET6, STM32U535VET6Q, STM32U545CET6, STM32U545CET6Q, STM32U545CEU6, STM32U545CEU6Q, STM32U545JEY6QTR, STM32U545NEY6QTR, STM32U545REI6, STM32U545REI6Q, STM32U545RET6, STM32U545RET6Q, STM32U545VEI6, STM32U545VEI6Q, STM32U545VET6, STM32U545VET6Q, STM32U595AIH6, STM32U595AIH6Q, STM32U595AJH6, STM32U595AJH6Q, STM32U595QII6, STM32U595QII6Q, STM32U595QJI6, STM32U595QJI6Q, STM32U595RIT6, STM32U595RIT6Q, STM32U595RJT6, STM32U595RJT6Q, STM32U595VIT6, STM32U595VIT6Q, STM32U595VJT6, STM32U595VJT6Q, STM32U595ZIT6, STM32U595ZIT6Q, STM32U595ZIY6QTR, STM32U595ZJT6, STM32U595ZJT6Q, STM32U595ZJY6QTR, STM32U599BJY6QTR, STM32U599NIH6Q, STM32U599NJH6Q, STM32U599VIT6Q, STM32U599VJT6, STM32U599VJT6Q, STM32U599ZIT6Q, STM32U599ZIY6QTR, STM32U599ZJT6Q, STM32U599ZJY6QTR, STM32U5A5AJH6, STM32U5A5AJH6Q, STM32U5A5QII3Q , STM32U5A5QJI6, STM32U5A5QJI6Q, STM32U5A5RJT6, STM32U5A5RJT6Q, STM32U5A5VJT6, STM32U5A5VJT6Q, STM32U5A5ZJT6, STM32U5A5ZJT6Q, STM32U5A5ZJY6QTR, STM32U5A9BJY6QTR, STM32U5A9J-DK, STM32U5A9NJH6Q, STM32U5A9VJT6Q, STM32U5A9ZJT6Q, STM32U5A9ZJY6QTR, STM32U5F7VIT6, STM32U5F7VIT6Q, STM32U5F7VJT6, STM32U5F7VJT6Q, STM32U5F9BJY6QTR, STM32U5F9NJH6Q, STM32U5F9VIT6Q, STM32U5F9VJT6Q, STM32U5F9ZIJ6QTR, STM32U5F9ZIT6Q, STM32U5F9ZJJ6QTR, STM32U5F9ZJT6Q, STM32U5G7VJT6, STM32U5G7VJT6Q, STM32U5G9BJY6QTR, STM32U5G9J-DK1, STM32U5G9J-DK2, STM32U5G9NJH6Q, STM32U5G9VJT6Q, STM32U5G9ZJJ6QTR, STM32U5G9ZJT6Q, STM32WB05KZV6TR, STM32WB05KZV7TR, STM32WB05TZF6TR, STM32WB05TZF7TR, STM32WB06CCF6TR, STM32WB06CCF7TR, STM32WB06CCV6TR, STM32WB06CCV7TR, STM32WB06KCV6TR, STM32WB06KCV7TR, STM32WB07CCF6TR, STM32WB07CCF7TR, STM32WB07CCV6TR, STM32WB07CCV7TR, STM32WB07KCV6TR, STM32WB07KCV7TR, STM32WB09KEV6TR, STM32WB09KEV7TR, STM32WB09TEF6TR, STM32WB09TEF7TR, STM32WB1MMCH6, STM32WBA50KGU6, STM32WBA50KGU6TR, STM32WBA52CEU6, STM32WBA52CEU6TR, STM32WBA52CEU7, STM32WBA52CEU7TR, STM32WBA52CGU6, STM32WBA52CGU6TR, STM32WBA52CGU6U, STM32WBA52CGU7, STM32WBA52CGU7TR, STM32WBA52KEU6, STM32WBA52KEU6TR, STM32WBA52KGU6, STM32WBA52KGU6TR, STM32WBA54CEU6, STM32WBA54CEU6TR, STM32WBA54CEU7, STM32WBA54CEU7TR, STM32WBA54CGU6, STM32WBA54CGU6TR, STM32WBA54CGU7, STM32WBA54CGU7TR, STM32WBA54KEU6, STM32WBA54KEU6TR, STM32WBA54KEU7, STM32WBA54KEU7TR, STM32WBA54KGU6, STM32WBA54KGU6TR, STM32WBA54KGU7, STM32WBA54KGU7TR, STM32WBA55CEU6, STM32WBA55CEU6TR, STM32WBA55CEU7, STM32WBA55CEU7TR, STM32WBA55CGU6, STM32WBA55CGU6TR, STM32WBA55CGU6U, STM32WBA55CGU7, STM32WBA55CGU7TR, STM32WBA55G-DK1, STM32WBA55HEF6, STM32WBA55HEF7, STM32WBA55HGF6, STM32WBA55HGF7, STM32WBA55UEI6, STM32WBA55UEI6TR, STM32WBA55UEI7, STM32WBA55UEI7TR, STM32WBA55UGI6, STM32WBA55UGI6TR, STM32WBA55UGI7, STM32WBA55UGI7TR, STM32WL5MOCH6, STM32WL5MOCH6TR]
2024-08-06 16:35:23,236 [INFO] DbMcus:218 - Found 4251 MCUs, 4251 are supported
2024-08-06 16:35:23,236 [INFO] ApiDb:423 - Load user favorites file /home/leandro/.stm32cubeide/favorites.mcus.txt: 1 item(s)
2024-08-06 16:35:23,237 [INFO] ApiDb:427 - User favorites MCUs=[STM32F103C6T6A]
2024-08-06 16:35:23,237 [INFO] DbMcus:224 - Set 1 / 1 favorites MCUs
2024-08-06 16:35:24,337 [INFO] ApiDb:414 - User favorites file not found: /home/leandro/.stm32cubeide/favorites.boards.txt
2024-08-06 16:35:24,337 [INFO] DbBoards:198 - Set 0 / 0 favorites Boards
2024-08-06 16:35:24,400 [INFO] UtilMem:75 - End LoadConfig() Used Memory: 322063312 Bytes (673185792)
2024-08-06 16:35:24,799 [WARN] ThirdParty:833 - waiting for thirdparty lock release [change project]
2024-08-06 16:35:24,799 [INFO] ThirdParty:835 - entering critical section [change project]
2024-08-06 16:35:24,800 [INFO] ThirdParty:1030 - CMSIS Pack Vendor :STMicroelectronics USBPD 4.1
2024-08-06 16:35:24,800 [INFO] ThirdParty:1030 - CMSIS Pack Vendor :STMicroelectronics X-CUBE-DISPLAY 3.0.0
2024-08-06 16:35:24,800 [INFO] ThirdParty:1030 - CMSIS Pack Vendor :STMicroelectronics X-CUBE-GNSS1 6.0.0
2024-08-06 16:35:24,800 [INFO] ThirdParty:1030 - CMSIS Pack Vendor :STMicroelectronics USB_HOST 2.0.0
2024-08-06 16:35:24,801 [INFO] ThirdParty:1030 - CMSIS Pack Vendor :STMicroelectronics FP-SNS-MOTENVWB1 1.4.0
2024-08-06 16:35:24,801 [INFO] ThirdParty:1030 - CMSIS Pack Vendor :STMicroelectronics LIBJPEG 8.0.0
2024-08-06 16:35:24,801 [INFO] ThirdParty:1030 - CMSIS Pack Vendor :STMicroelectronics X-CUBE-BLE1 7.0.0
2024-08-06 16:35:24,802 [INFO] ThirdParty:1030 - CMSIS Pack Vendor :STMicroelectronics FP-ATR-SIGFOX1 3.2.0
2024-08-06 16:35:24,802 [INFO] ThirdParty:1030 - CMSIS Pack Vendor :STMicroelectronics X-CUBE-SMBUS 2.1.0
2024-08-06 16:35:24,802 [INFO] ThirdParty:1030 - CMSIS Pack Vendor :STMicroelectronics X-CUBE-ISPU 2.0.0
2024-08-06 16:35:24,803 [INFO] ThirdParty:1030 - CMSIS Pack Vendor :STMicroelectronics USB_DEVICE 3.0.0
2024-08-06 16:35:24,806 [INFO] ThirdParty:1030 - CMSIS Pack Vendor :STMicroelectronics X-CUBE-EEPRMA1 5.1.0
2024-08-06 16:35:24,809 [INFO] ThirdParty:1030 - CMSIS Pack Vendor :STMicroelectronics HAL Drivers 0.0.0
2024-08-06 16:35:24,810 [INFO] ThirdParty:1030 - CMSIS Pack Vendor :STMicroelectronics MBEDTLS 2.16.2
2024-08-06 16:35:24,810 [INFO] ThirdParty:1030 - CMSIS Pack Vendor :STMicroelectronics X-CUBE-FREERTOS 1.2.0
2024-08-06 16:35:24,812 [INFO] ThirdParty:1030 - CMSIS Pack Vendor :STMicroelectronics X-CUBE-ALS 1.0.2
2024-08-06 16:35:24,812 [INFO] ThirdParty:1030 - CMSIS Pack Vendor :STMicroelectronics X-CUBE-MEMS1 10.0.0
2024-08-06 16:35:24,812 [INFO] ThirdParty:1030 - CMSIS Pack Vendor :STMicroelectronics X-CUBE-NFC7 1.0.1
2024-08-06 16:35:24,812 [INFO] ThirdParty:1030 - CMSIS Pack Vendor :STMicroelectronics MBEDTLS 2.14.1
2024-08-06 16:35:24,812 [INFO] ThirdParty:1030 - CMSIS Pack Vendor :STMicroelectronics USB_DEVICE 2.0.0
2024-08-06 16:35:24,812 [INFO] ThirdParty:1030 - CMSIS Pack Vendor :STMicroelectronics X-CUBE-NFC6 3.1.0
2024-08-06 16:35:24,813 [INFO] ThirdParty:1030 - CMSIS Pack Vendor :STMicroelectronics X-CUBE-BLEMGR 3.1.0
2024-08-06 16:35:24,813 [INFO] ThirdParty:1030 - CMSIS Pack Vendor :STMicroelectronics ThreadX 1.0.0
2024-08-06 16:35:24,813 [INFO] ThirdParty:1030 - CMSIS Pack Vendor :STMicroelectronics FP-SNS-SMARTAG2 1.2.0
2024-08-06 16:35:24,813 [INFO] ThirdParty:1030 - CMSIS Pack Vendor :STMicroelectronics FreeRTOS 0.0.1
2024-08-06 16:35:24,813 [INFO] ThirdParty:1030 - CMSIS Pack Vendor :STMicroelectronics FP-SNS-MOTENV1 5.0.0
2024-08-06 16:35:24,813 [INFO] ThirdParty:1030 - CMSIS Pack Vendor :STMicroelectronics USB_DEVICE 1.0.0
2024-08-06 16:35:24,813 [INFO] ThirdParty:1030 - CMSIS Pack Vendor :STMicroelectronics X-CUBE-SAFEA1 1.2.2
2024-08-06 16:35:24,813 [INFO] ThirdParty:1030 - CMSIS Pack Vendor :STMicroelectronics X-CUBE-NFC4 3.0.0
2024-08-06 16:35:24,813 [INFO] ThirdParty:1030 - CMSIS Pack Vendor :STMicroelectronics X-CUBE-SUBG2 5.0.0
2024-08-06 16:35:24,813 [INFO] ThirdParty:1030 - CMSIS Pack Vendor :STMicroelectronics STM32_WPAN 1.0.0
2024-08-06 16:35:24,813 [INFO] ThirdParty:1030 - CMSIS Pack Vendor :STMicroelectronics ThreadX 0.0.2
2024-08-06 16:35:24,813 [INFO] ThirdParty:1030 - CMSIS Pack Vendor :STMicroelectronics FP-ATR-ASTRA1 2.0.0
2024-08-06 16:35:24,813 [INFO] ThirdParty:1030 - CMSIS Pack Vendor :STMicroelectronics lwIP 2.1.2
2024-08-06 16:35:24,814 [INFO] ThirdParty:1030 - CMSIS Pack Vendor :STMicroelectronics lwIP 2.0.3
2024-08-06 16:35:24,814 [INFO] ThirdParty:1030 - CMSIS Pack Vendor :STMicroelectronics X-CUBE-SFXS2LP1 4.0.0
2024-08-06 16:35:24,814 [INFO] ThirdParty:1030 - CMSIS Pack Vendor :STMicroelectronics FP-SNS-FLIGHT1 5.0.2
2024-08-06 16:35:24,814 [INFO] ThirdParty:1030 - CMSIS Pack Vendor :STMicroelectronics X-CUBE-BLE2 3.3.0
2024-08-06 16:35:24,814 [INFO] ThirdParty:1030 - CMSIS Pack Vendor :STMicroelectronics USB_HOST 1.0.0
2024-08-06 16:35:24,814 [INFO] ThirdParty:1030 - CMSIS Pack Vendor :STMicroelectronics X-CUBE-AI 9.0.0
2024-08-06 16:35:24,814 [INFO] ThirdParty:1030 - CMSIS Pack Vendor :STMicroelectronics PDM2PCM 3.1.0
2024-08-06 16:35:24,814 [INFO] ThirdParty:1030 - CMSIS Pack Vendor :STMicroelectronics PDM2PCM 3.2.0
2024-08-06 16:35:24,814 [INFO] ThirdParty:1030 - CMSIS Pack Vendor :STMicroelectronics PDM2PCM 3.3.0
2024-08-06 16:35:24,814 [INFO] ThirdParty:841 - exiting critical section [change project]
2024-08-06 16:35:26,187 [INFO] PinOutPanel:1561 - setPackage(No Configuration,No Configuration)
2024-08-06 16:35:26,189 [INFO] PinOutPanel:1561 - setPackage(STM32F407VETx,LQFP100)
2024-08-06 16:35:27,286 [INFO] UtilMem:75 - Before build in PCC Used Memory: 229695160 Bytes (673185792)
2024-08-06 16:35:29,320 [INFO] UtilMem:75 - After build in PCC Used Memory: 351442136 Bytes (673185792)
2024-08-06 16:35:29,448 [INFO] IPUIPlugin:80 - create IPUIPlugin
2024-08-06 16:35:29,449 [INFO] IPUIPlugin:80 - create IPUIPlugin
2024-08-06 16:35:29,449 [INFO] IPUIPlugin:80 - create IPUIPlugin
2024-08-06 16:35:29,450 [INFO] IPUIPlugin:80 - create IPUIPlugin
2024-08-06 16:35:29,450 [INFO] IPUIPlugin:80 - create IPUIPlugin
2024-08-06 16:35:29,451 [INFO] IPUIPlugin:80 - create IPUIPlugin
2024-08-06 16:35:29,451 [INFO] IPUIPlugin:80 - create IPUIPlugin
2024-08-06 16:35:29,452 [INFO] IPUIPlugin:80 - create IPUIPlugin
2024-08-06 16:35:29,452 [INFO] IPUIPlugin:80 - create IPUIPlugin
2024-08-06 16:35:29,452 [INFO] IPUIPlugin:80 - create IPUIPlugin
2024-08-06 16:35:29,453 [INFO] IPUIPlugin:80 - create IPUIPlugin
2024-08-06 16:35:29,454 [INFO] IPUIPlugin:80 - create IPUIPlugin
2024-08-06 16:35:29,454 [INFO] IPUIPlugin:80 - create IPUIPlugin
2024-08-06 16:35:29,454 [INFO] IPUIPlugin:80 - create IPUIPlugin
2024-08-06 16:35:29,455 [INFO] IPUIPlugin:80 - create IPUIPlugin
2024-08-06 16:35:29,458 [INFO] IPUIPlugin:80 - create IPUIPlugin
2024-08-06 16:35:29,458 [INFO] IPUIPlugin:80 - create IPUIPlugin
2024-08-06 16:35:29,460 [INFO] IPUIPlugin:80 - create IPUIPlugin
2024-08-06 16:35:29,460 [INFO] IPUIPlugin:80 - create IPUIPlugin
2024-08-06 16:35:29,461 [INFO] IPUIPlugin:80 - create IPUIPlugin
2024-08-06 16:35:29,461 [INFO] IPUIPlugin:80 - create IPUIPlugin
2024-08-06 16:35:29,461 [INFO] IPUIPlugin:80 - create IPUIPlugin
2024-08-06 16:35:29,462 [INFO] IPUIPlugin:80 - create IPUIPlugin
2024-08-06 16:35:29,462 [INFO] IPUIPlugin:80 - create IPUIPlugin
2024-08-06 16:35:29,463 [INFO] IPUIPlugin:80 - create IPUIPlugin
2024-08-06 16:35:29,463 [INFO] IPUIPlugin:80 - create IPUIPlugin
2024-08-06 16:35:29,464 [INFO] IPUIPlugin:80 - create IPUIPlugin
2024-08-06 16:35:29,465 [INFO] IPUIPlugin:80 - create IPUIPlugin
2024-08-06 16:35:29,466 [INFO] IPUIPlugin:80 - create IPUIPlugin
2024-08-06 16:35:29,466 [INFO] IPUIPlugin:80 - create IPUIPlugin
2024-08-06 16:35:29,467 [INFO] IPUIPlugin:80 - create IPUIPlugin
2024-08-06 16:35:29,468 [INFO] IPUIPlugin:80 - create IPUIPlugin
2024-08-06 16:35:29,469 [INFO] IPUIPlugin:80 - create IPUIPlugin
2024-08-06 16:35:29,469 [INFO] IPUIPlugin:80 - create IPUIPlugin
2024-08-06 16:35:29,469 [INFO] IPUIPlugin:80 - create IPUIPlugin
2024-08-06 16:35:29,469 [INFO] IPUIPlugin:80 - create IPUIPlugin
2024-08-06 16:35:29,470 [INFO] IPUIPlugin:80 - create IPUIPlugin
2024-08-06 16:35:29,470 [INFO] IPUIPlugin:80 - create IPUIPlugin
2024-08-06 16:35:29,470 [INFO] IPUIPlugin:80 - create IPUIPlugin
2024-08-06 16:35:29,470 [INFO] IPUIPlugin:80 - create IPUIPlugin
2024-08-06 16:35:29,470 [INFO] IPUIPlugin:80 - create IPUIPlugin
2024-08-06 16:35:29,471 [INFO] IPUIPlugin:80 - create IPUIPlugin
2024-08-06 16:35:29,471 [INFO] IPUIPlugin:80 - create IPUIPlugin
2024-08-06 16:35:29,471 [INFO] IPUIPlugin:80 - create IPUIPlugin
2024-08-06 16:35:29,471 [INFO] IPUIPlugin:80 - create IPUIPlugin
2024-08-06 16:35:29,471 [INFO] IPUIPlugin:80 - create IPUIPlugin
2024-08-06 16:35:29,471 [INFO] IPUIPlugin:80 - create IPUIPlugin
2024-08-06 16:35:29,472 [INFO] IPUIPlugin:80 - create IPUIPlugin
2024-08-06 16:35:29,472 [INFO] IPUIPlugin:80 - create IPUIPlugin
2024-08-06 16:35:29,472 [INFO] IPUIPlugin:80 - create IPUIPlugin
2024-08-06 16:35:29,473 [INFO] IPUIPlugin:80 - create IPUIPlugin
2024-08-06 16:35:29,473 [INFO] IPUIPlugin:80 - create IPUIPlugin
2024-08-06 16:35:29,474 [INFO] IPUIPlugin:80 - create IPUIPlugin
2024-08-06 16:35:29,474 [INFO] IPUIPlugin:80 - create IPUIPlugin
2024-08-06 16:35:29,475 [INFO] IPUIPlugin:80 - create IPUIPlugin
2024-08-06 16:35:29,476 [INFO] IPUIPlugin:80 - create IPUIPlugin
2024-08-06 16:35:29,477 [INFO] IPUIPlugin:80 - create IPUIPlugin
2024-08-06 16:35:29,478 [INFO] IPUIPlugin:80 - create IPUIPlugin
2024-08-06 16:35:29,625 [INFO] ApiDbMcu:508 - Load IP Config File for PDM2PCM
2024-08-06 16:35:30,184 [INFO] CADModel:165 - CPN selected for project levelSTM32F407VET6
2024-08-06 16:35:30,184 [INFO] CADModel:114 - Register for checkConnection events
2024-08-06 16:35:30,245 [INFO] OpenFileManager:363 - Restore cursor
2024-08-06 16:35:51,609 [ERROR] LogOutputStream:75 - [STDERR_REDIRECT] Aug 06, 2024 4:35:51 PM java.util.prefs.FileSystemPreferences checkLockFile0ErrorCode
2024-08-06 16:35:51,609 [ERROR] LogOutputStream:75 - [STDERR_REDIRECT] WARNING: Could not lock System prefs. Unix error code 2.
2024-08-06 16:35:51,610 [ERROR] LogOutputStream:75 - [STDERR_REDIRECT] 
2024-08-06 16:35:51,610 [ERROR] LogOutputStream:75 - [STDERR_REDIRECT] Aug 06, 2024 4:35:51 PM java.util.prefs.FileSystemPreferences syncWorld
2024-08-06 16:35:51,611 [ERROR] LogOutputStream:75 - [STDERR_REDIRECT] WARNING: Couldn't flush system prefs: java.util.prefs.BackingStoreException: Couldn't get file lock.
2024-08-06 16:35:51,611 [ERROR] LogOutputStream:75 - [STDERR_REDIRECT] 
2024-08-06 16:36:21,606 [ERROR] LogOutputStream:75 - [STDERR_REDIRECT] Aug 06, 2024 4:36:21 PM java.util.prefs.FileSystemPreferences checkLockFile0ErrorCode
2024-08-06 16:36:21,606 [ERROR] LogOutputStream:75 - [STDERR_REDIRECT] WARNING: Could not lock System prefs. Unix error code 2.
2024-08-06 16:36:21,606 [ERROR] LogOutputStream:75 - [STDERR_REDIRECT] 
2024-08-06 16:36:21,607 [ERROR] LogOutputStream:75 - [STDERR_REDIRECT] Aug 06, 2024 4:36:21 PM java.util.prefs.FileSystemPreferences syncWorld
2024-08-06 16:36:21,608 [ERROR] LogOutputStream:75 - [STDERR_REDIRECT] WARNING: Couldn't flush system prefs: java.util.prefs.BackingStoreException: Couldn't get file lock.
2024-08-06 16:36:21,608 [ERROR] LogOutputStream:75 - [STDERR_REDIRECT] 
2024-08-06 16:36:51,607 [ERROR] LogOutputStream:75 - [STDERR_REDIRECT] Aug 06, 2024 4:36:51 PM java.util.prefs.FileSystemPreferences checkLockFile0ErrorCode
2024-08-06 16:36:51,607 [ERROR] LogOutputStream:75 - [STDERR_REDIRECT] WARNING: Could not lock System prefs. Unix error code 2.
2024-08-06 16:36:51,607 [ERROR] LogOutputStream:75 - [STDERR_REDIRECT] 
2024-08-06 16:36:51,608 [ERROR] LogOutputStream:75 - [STDERR_REDIRECT] Aug 06, 2024 4:36:51 PM java.util.prefs.FileSystemPreferences syncWorld
2024-08-06 16:36:51,608 [ERROR] LogOutputStream:75 - [STDERR_REDIRECT] WARNING: Couldn't flush system prefs: java.util.prefs.BackingStoreException: Couldn't get file lock.
2024-08-06 16:36:51,608 [ERROR] LogOutputStream:75 - [STDERR_REDIRECT] 
2024-08-06 16:37:21,607 [ERROR] LogOutputStream:75 - [STDERR_REDIRECT] Aug 06, 2024 4:37:21 PM java.util.prefs.FileSystemPreferences checkLockFile0ErrorCode
2024-08-06 16:37:21,607 [ERROR] LogOutputStream:75 - [STDERR_REDIRECT] WARNING: Could not lock System prefs. Unix error code 2.
2024-08-06 16:37:21,607 [ERROR] LogOutputStream:75 - [STDERR_REDIRECT] 
2024-08-06 16:37:21,607 [ERROR] LogOutputStream:75 - [STDERR_REDIRECT] Aug 06, 2024 4:37:21 PM java.util.prefs.FileSystemPreferences syncWorld
2024-08-06 16:37:21,607 [ERROR] LogOutputStream:75 - [STDERR_REDIRECT] WARNING: Couldn't flush system prefs: java.util.prefs.BackingStoreException: Couldn't get file lock.
2024-08-06 16:37:21,608 [ERROR] LogOutputStream:75 - [STDERR_REDIRECT] 
2024-08-06 16:37:51,606 [ERROR] LogOutputStream:75 - [STDERR_REDIRECT] Aug 06, 2024 4:37:51 PM java.util.prefs.FileSystemPreferences checkLockFile0ErrorCode
2024-08-06 16:37:51,606 [ERROR] LogOutputStream:75 - [STDERR_REDIRECT] WARNING: Could not lock System prefs. Unix error code 2.
2024-08-06 16:37:51,607 [ERROR] LogOutputStream:75 - [STDERR_REDIRECT] 
2024-08-06 16:37:51,607 [ERROR] LogOutputStream:75 - [STDERR_REDIRECT] Aug 06, 2024 4:37:51 PM java.util.prefs.FileSystemPreferences syncWorld
2024-08-06 16:37:51,607 [ERROR] LogOutputStream:75 - [STDERR_REDIRECT] WARNING: Couldn't flush system prefs: java.util.prefs.BackingStoreException: Couldn't get file lock.
2024-08-06 16:37:51,608 [ERROR] LogOutputStream:75 - [STDERR_REDIRECT] 
2024-08-06 16:38:21,607 [ERROR] LogOutputStream:75 - [STDERR_REDIRECT] Aug 06, 2024 4:38:21 PM java.util.prefs.FileSystemPreferences checkLockFile0ErrorCode
2024-08-06 16:38:21,607 [ERROR] LogOutputStream:75 - [STDERR_REDIRECT] WARNING: Could not lock System prefs. Unix error code 2.
2024-08-06 16:38:21,608 [ERROR] LogOutputStream:75 - [STDERR_REDIRECT] 
2024-08-06 16:38:21,609 [ERROR] LogOutputStream:75 - [STDERR_REDIRECT] Aug 06, 2024 4:38:21 PM java.util.prefs.FileSystemPreferences syncWorld
2024-08-06 16:38:21,609 [ERROR] LogOutputStream:75 - [STDERR_REDIRECT] WARNING: Couldn't flush system prefs: java.util.prefs.BackingStoreException: Couldn't get file lock.
2024-08-06 16:38:21,619 [ERROR] LogOutputStream:75 - [STDERR_REDIRECT] 
2024-08-06 16:38:51,608 [ERROR] LogOutputStream:75 - [STDERR_REDIRECT] Aug 06, 2024 4:38:51 PM java.util.prefs.FileSystemPreferences checkLockFile0ErrorCode
2024-08-06 16:38:51,609 [ERROR] LogOutputStream:75 - [STDERR_REDIRECT] WARNING: Could not lock System prefs. Unix error code 2.
2024-08-06 16:38:51,609 [ERROR] LogOutputStream:75 - [STDERR_REDIRECT] 
2024-08-06 16:38:51,610 [ERROR] LogOutputStream:75 - [STDERR_REDIRECT] Aug 06, 2024 4:38:51 PM java.util.prefs.FileSystemPreferences syncWorld
2024-08-06 16:38:51,610 [ERROR] LogOutputStream:75 - [STDERR_REDIRECT] WARNING: Couldn't flush system prefs: java.util.prefs.BackingStoreException: Couldn't get file lock.
2024-08-06 16:38:51,610 [ERROR] LogOutputStream:75 - [STDERR_REDIRECT] 
2024-08-06 16:39:21,607 [ERROR] LogOutputStream:75 - [STDERR_REDIRECT] Aug 06, 2024 4:39:21 PM java.util.prefs.FileSystemPreferences checkLockFile0ErrorCode
2024-08-06 16:39:21,607 [ERROR] LogOutputStream:75 - [STDERR_REDIRECT] WARNING: Could not lock System prefs. Unix error code 2.
2024-08-06 16:39:21,607 [ERROR] LogOutputStream:75 - [STDERR_REDIRECT] 
2024-08-06 16:39:21,608 [ERROR] LogOutputStream:75 - [STDERR_REDIRECT] Aug 06, 2024 4:39:21 PM java.util.prefs.FileSystemPreferences syncWorld
2024-08-06 16:39:21,608 [ERROR] LogOutputStream:75 - [STDERR_REDIRECT] WARNING: Couldn't flush system prefs: java.util.prefs.BackingStoreException: Couldn't get file lock.
2024-08-06 16:39:21,608 [ERROR] LogOutputStream:75 - [STDERR_REDIRECT] 
2024-08-06 16:39:51,607 [ERROR] LogOutputStream:75 - [STDERR_REDIRECT] Aug 06, 2024 4:39:51 PM java.util.prefs.FileSystemPreferences checkLockFile0ErrorCode
2024-08-06 16:39:51,607 [ERROR] LogOutputStream:75 - [STDERR_REDIRECT] WARNING: Could not lock System prefs. Unix error code 2.
2024-08-06 16:39:51,608 [ERROR] LogOutputStream:75 - [STDERR_REDIRECT] 
2024-08-06 16:39:51,609 [ERROR] LogOutputStream:75 - [STDERR_REDIRECT] Aug 06, 2024 4:39:51 PM java.util.prefs.FileSystemPreferences syncWorld
2024-08-06 16:39:51,610 [ERROR] LogOutputStream:75 - [STDERR_REDIRECT] WARNING: Couldn't flush system prefs: java.util.prefs.BackingStoreException: Couldn't get file lock.
2024-08-06 16:39:51,610 [ERROR] LogOutputStream:75 - [STDERR_REDIRECT] 
2024-08-06 16:40:21,608 [ERROR] LogOutputStream:75 - [STDERR_REDIRECT] Aug 06, 2024 4:40:21 PM java.util.prefs.FileSystemPreferences checkLockFile0ErrorCode
2024-08-06 16:40:21,608 [ERROR] LogOutputStream:75 - [STDERR_REDIRECT] WARNING: Could not lock System prefs. Unix error code 2.
2024-08-06 16:40:21,609 [ERROR] LogOutputStream:75 - [STDERR_REDIRECT] 
2024-08-06 16:40:21,609 [ERROR] LogOutputStream:75 - [STDERR_REDIRECT] Aug 06, 2024 4:40:21 PM java.util.prefs.FileSystemPreferences syncWorld
2024-08-06 16:40:21,609 [ERROR] LogOutputStream:75 - [STDERR_REDIRECT] WARNING: Couldn't flush system prefs: java.util.prefs.BackingStoreException: Couldn't get file lock.
2024-08-06 16:40:21,610 [ERROR] LogOutputStream:75 - [STDERR_REDIRECT] 
2024-08-06 16:40:51,608 [ERROR] LogOutputStream:75 - [STDERR_REDIRECT] Aug 06, 2024 4:40:51 PM java.util.prefs.FileSystemPreferences checkLockFile0ErrorCode
2024-08-06 16:40:51,608 [ERROR] LogOutputStream:75 - [STDERR_REDIRECT] WARNING: Could not lock System prefs. Unix error code 2.
2024-08-06 16:40:51,608 [ERROR] LogOutputStream:75 - [STDERR_REDIRECT] 
2024-08-06 16:40:51,609 [ERROR] LogOutputStream:75 - [STDERR_REDIRECT] Aug 06, 2024 4:40:51 PM java.util.prefs.FileSystemPreferences syncWorld
2024-08-06 16:40:51,609 [ERROR] LogOutputStream:75 - [STDERR_REDIRECT] WARNING: Couldn't flush system prefs: java.util.prefs.BackingStoreException: Couldn't get file lock.
2024-08-06 16:40:51,609 [ERROR] LogOutputStream:75 - [STDERR_REDIRECT] 
2024-08-06 16:41:21,608 [ERROR] LogOutputStream:75 - [STDERR_REDIRECT] Aug 06, 2024 4:41:21 PM java.util.prefs.FileSystemPreferences checkLockFile0ErrorCode
2024-08-06 16:41:21,608 [ERROR] LogOutputStream:75 - [STDERR_REDIRECT] WARNING: Could not lock System prefs. Unix error code 2.
2024-08-06 16:41:21,608 [ERROR] LogOutputStream:75 - [STDERR_REDIRECT] 
2024-08-06 16:41:21,609 [ERROR] LogOutputStream:75 - [STDERR_REDIRECT] Aug 06, 2024 4:41:21 PM java.util.prefs.FileSystemPreferences syncWorld
2024-08-06 16:41:21,609 [ERROR] LogOutputStream:75 - [STDERR_REDIRECT] WARNING: Couldn't flush system prefs: java.util.prefs.BackingStoreException: Couldn't get file lock.
2024-08-06 16:41:21,609 [ERROR] LogOutputStream:75 - [STDERR_REDIRECT] 
2024-08-06 16:41:51,608 [ERROR] LogOutputStream:75 - [STDERR_REDIRECT] Aug 06, 2024 4:41:51 PM java.util.prefs.FileSystemPreferences checkLockFile0ErrorCode
2024-08-06 16:41:51,608 [ERROR] LogOutputStream:75 - [STDERR_REDIRECT] WARNING: Could not lock System prefs. Unix error code 2.
2024-08-06 16:41:51,608 [ERROR] LogOutputStream:75 - [STDERR_REDIRECT] 
2024-08-06 16:41:51,608 [ERROR] LogOutputStream:75 - [STDERR_REDIRECT] Aug 06, 2024 4:41:51 PM java.util.prefs.FileSystemPreferences syncWorld
2024-08-06 16:41:51,609 [ERROR] LogOutputStream:75 - [STDERR_REDIRECT] WARNING: Couldn't flush system prefs: java.util.prefs.BackingStoreException: Couldn't get file lock.
2024-08-06 16:41:51,609 [ERROR] LogOutputStream:75 - [STDERR_REDIRECT] 
2024-08-06 16:42:21,607 [ERROR] LogOutputStream:75 - [STDERR_REDIRECT] Aug 06, 2024 4:42:21 PM java.util.prefs.FileSystemPreferences checkLockFile0ErrorCode
2024-08-06 16:42:21,608 [ERROR] LogOutputStream:75 - [STDERR_REDIRECT] WARNING: Could not lock System prefs. Unix error code 2.
2024-08-06 16:42:21,608 [ERROR] LogOutputStream:75 - [STDERR_REDIRECT] 
2024-08-06 16:42:21,608 [ERROR] LogOutputStream:75 - [STDERR_REDIRECT] Aug 06, 2024 4:42:21 PM java.util.prefs.FileSystemPreferences syncWorld
2024-08-06 16:42:21,608 [ERROR] LogOutputStream:75 - [STDERR_REDIRECT] WARNING: Couldn't flush system prefs: java.util.prefs.BackingStoreException: Couldn't get file lock.
2024-08-06 16:42:21,608 [ERROR] LogOutputStream:75 - [STDERR_REDIRECT] 
2024-08-06 16:42:51,609 [ERROR] LogOutputStream:75 - [STDERR_REDIRECT] Aug 06, 2024 4:42:51 PM java.util.prefs.FileSystemPreferences checkLockFile0ErrorCode
2024-08-06 16:42:51,609 [ERROR] LogOutputStream:75 - [STDERR_REDIRECT] WARNING: Could not lock System prefs. Unix error code 2.
2024-08-06 16:42:51,609 [ERROR] LogOutputStream:75 - [STDERR_REDIRECT] 
2024-08-06 16:42:51,610 [ERROR] LogOutputStream:75 - [STDERR_REDIRECT] Aug 06, 2024 4:42:51 PM java.util.prefs.FileSystemPreferences syncWorld
2024-08-06 16:42:51,610 [ERROR] LogOutputStream:75 - [STDERR_REDIRECT] WARNING: Couldn't flush system prefs: java.util.prefs.BackingStoreException: Couldn't get file lock.
2024-08-06 16:42:51,610 [ERROR] LogOutputStream:75 - [STDERR_REDIRECT] 
2024-08-06 16:43:21,609 [ERROR] LogOutputStream:75 - [STDERR_REDIRECT] Aug 06, 2024 4:43:21 PM java.util.prefs.FileSystemPreferences checkLockFile0ErrorCode
2024-08-06 16:43:21,609 [ERROR] LogOutputStream:75 - [STDERR_REDIRECT] WARNING: Could not lock System prefs. Unix error code 2.
2024-08-06 16:43:21,609 [ERROR] LogOutputStream:75 - [STDERR_REDIRECT] 
2024-08-06 16:43:21,609 [ERROR] LogOutputStream:75 - [STDERR_REDIRECT] Aug 06, 2024 4:43:21 PM java.util.prefs.FileSystemPreferences syncWorld
2024-08-06 16:43:21,609 [ERROR] LogOutputStream:75 - [STDERR_REDIRECT] WARNING: Couldn't flush system prefs: java.util.prefs.BackingStoreException: Couldn't get file lock.
2024-08-06 16:43:21,609 [ERROR] LogOutputStream:75 - [STDERR_REDIRECT] 
2024-08-06 16:43:51,613 [ERROR] LogOutputStream:75 - [STDERR_REDIRECT] Aug 06, 2024 4:43:51 PM java.util.prefs.FileSystemPreferences checkLockFile0ErrorCode
2024-08-06 16:43:51,613 [ERROR] LogOutputStream:75 - [STDERR_REDIRECT] WARNING: Could not lock System prefs. Unix error code 2.
2024-08-06 16:43:51,614 [ERROR] LogOutputStream:75 - [STDERR_REDIRECT] 
2024-08-06 16:43:51,615 [ERROR] LogOutputStream:75 - [STDERR_REDIRECT] Aug 06, 2024 4:43:51 PM java.util.prefs.FileSystemPreferences syncWorld
2024-08-06 16:43:51,615 [ERROR] LogOutputStream:75 - [STDERR_REDIRECT] WARNING: Couldn't flush system prefs: java.util.prefs.BackingStoreException: Couldn't get file lock.
2024-08-06 16:43:51,616 [ERROR] LogOutputStream:75 - [STDERR_REDIRECT] 
2024-08-06 16:44:21,613 [ERROR] LogOutputStream:75 - [STDERR_REDIRECT] Aug 06, 2024 4:44:21 PM java.util.prefs.FileSystemPreferences checkLockFile0ErrorCode
2024-08-06 16:44:21,613 [ERROR] LogOutputStream:75 - [STDERR_REDIRECT] WARNING: Could not lock System prefs. Unix error code 2.
2024-08-06 16:44:21,614 [ERROR] LogOutputStream:75 - [STDERR_REDIRECT] 
2024-08-06 16:44:21,615 [ERROR] LogOutputStream:75 - [STDERR_REDIRECT] Aug 06, 2024 4:44:21 PM java.util.prefs.FileSystemPreferences syncWorld
2024-08-06 16:44:21,615 [ERROR] LogOutputStream:75 - [STDERR_REDIRECT] WARNING: Couldn't flush system prefs: java.util.prefs.BackingStoreException: Couldn't get file lock.
2024-08-06 16:44:21,615 [ERROR] LogOutputStream:75 - [STDERR_REDIRECT] 
2024-08-06 16:44:51,610 [ERROR] LogOutputStream:75 - [STDERR_REDIRECT] Aug 06, 2024 4:44:51 PM java.util.prefs.FileSystemPreferences checkLockFile0ErrorCode
2024-08-06 16:44:51,611 [ERROR] LogOutputStream:75 - [STDERR_REDIRECT] WARNING: Could not lock System prefs. Unix error code 2.
2024-08-06 16:44:51,611 [ERROR] LogOutputStream:75 - [STDERR_REDIRECT] 
2024-08-06 16:44:51,611 [ERROR] LogOutputStream:75 - [STDERR_REDIRECT] Aug 06, 2024 4:44:51 PM java.util.prefs.FileSystemPreferences syncWorld
2024-08-06 16:44:51,611 [ERROR] LogOutputStream:75 - [STDERR_REDIRECT] WARNING: Couldn't flush system prefs: java.util.prefs.BackingStoreException: Couldn't get file lock.
2024-08-06 16:44:51,611 [ERROR] LogOutputStream:75 - [STDERR_REDIRECT] 
2024-08-06 16:45:21,611 [ERROR] LogOutputStream:75 - [STDERR_REDIRECT] Aug 06, 2024 4:45:21 PM java.util.prefs.FileSystemPreferences checkLockFile0ErrorCode
2024-08-06 16:45:21,611 [ERROR] LogOutputStream:75 - [STDERR_REDIRECT] WARNING: Could not lock System prefs. Unix error code 2.
2024-08-06 16:45:21,612 [ERROR] LogOutputStream:75 - [STDERR_REDIRECT] 
2024-08-06 16:45:21,612 [ERROR] LogOutputStream:75 - [STDERR_REDIRECT] Aug 06, 2024 4:45:21 PM java.util.prefs.FileSystemPreferences syncWorld
2024-08-06 16:45:21,612 [ERROR] LogOutputStream:75 - [STDERR_REDIRECT] WARNING: Couldn't flush system prefs: java.util.prefs.BackingStoreException: Couldn't get file lock.
2024-08-06 16:45:21,612 [ERROR] LogOutputStream:75 - [STDERR_REDIRECT] 
2024-08-06 16:45:51,612 [ERROR] LogOutputStream:75 - [STDERR_REDIRECT] Aug 06, 2024 4:45:51 PM java.util.prefs.FileSystemPreferences checkLockFile0ErrorCode
2024-08-06 16:45:51,613 [ERROR] LogOutputStream:75 - [STDERR_REDIRECT] WARNING: Could not lock System prefs. Unix error code 2.
2024-08-06 16:45:51,613 [ERROR] LogOutputStream:75 - [STDERR_REDIRECT] 
2024-08-06 16:45:51,614 [ERROR] LogOutputStream:75 - [STDERR_REDIRECT] Aug 06, 2024 4:45:51 PM java.util.prefs.FileSystemPreferences syncWorld
2024-08-06 16:45:51,615 [ERROR] LogOutputStream:75 - [STDERR_REDIRECT] WARNING: Couldn't flush system prefs: java.util.prefs.BackingStoreException: Couldn't get file lock.
2024-08-06 16:45:51,615 [ERROR] LogOutputStream:75 - [STDERR_REDIRECT] 
2024-08-06 16:46:21,612 [ERROR] LogOutputStream:75 - [STDERR_REDIRECT] Aug 06, 2024 4:46:21 PM java.util.prefs.FileSystemPreferences checkLockFile0ErrorCode
2024-08-06 16:46:21,612 [ERROR] LogOutputStream:75 - [STDERR_REDIRECT] WARNING: Could not lock System prefs. Unix error code 2.
2024-08-06 16:46:21,612 [ERROR] LogOutputStream:75 - [STDERR_REDIRECT] 
2024-08-06 16:46:21,612 [ERROR] LogOutputStream:75 - [STDERR_REDIRECT] Aug 06, 2024 4:46:21 PM java.util.prefs.FileSystemPreferences syncWorld
2024-08-06 16:46:21,613 [ERROR] LogOutputStream:75 - [STDERR_REDIRECT] WARNING: Couldn't flush system prefs: java.util.prefs.BackingStoreException: Couldn't get file lock.
2024-08-06 16:46:21,613 [ERROR] LogOutputStream:75 - [STDERR_REDIRECT] 
2024-08-06 16:46:51,611 [ERROR] LogOutputStream:75 - [STDERR_REDIRECT] Aug 06, 2024 4:46:51 PM java.util.prefs.FileSystemPreferences checkLockFile0ErrorCode
2024-08-06 16:46:51,612 [ERROR] LogOutputStream:75 - [STDERR_REDIRECT] WARNING: Could not lock System prefs. Unix error code 2.
2024-08-06 16:46:51,612 [ERROR] LogOutputStream:75 - [STDERR_REDIRECT] 
2024-08-06 16:46:51,612 [ERROR] LogOutputStream:75 - [STDERR_REDIRECT] Aug 06, 2024 4:46:51 PM java.util.prefs.FileSystemPreferences syncWorld
2024-08-06 16:46:51,612 [ERROR] LogOutputStream:75 - [STDERR_REDIRECT] WARNING: Couldn't flush system prefs: java.util.prefs.BackingStoreException: Couldn't get file lock.
2024-08-06 16:46:51,613 [ERROR] LogOutputStream:75 - [STDERR_REDIRECT] 
2024-08-06 16:47:21,611 [ERROR] LogOutputStream:75 - [STDERR_REDIRECT] Aug 06, 2024 4:47:21 PM java.util.prefs.FileSystemPreferences checkLockFile0ErrorCode
2024-08-06 16:47:21,612 [ERROR] LogOutputStream:75 - [STDERR_REDIRECT] WARNING: Could not lock System prefs. Unix error code 2.
2024-08-06 16:47:21,612 [ERROR] LogOutputStream:75 - [STDERR_REDIRECT] 
2024-08-06 16:47:21,612 [ERROR] LogOutputStream:75 - [STDERR_REDIRECT] Aug 06, 2024 4:47:21 PM java.util.prefs.FileSystemPreferences syncWorld
2024-08-06 16:47:21,613 [ERROR] LogOutputStream:75 - [STDERR_REDIRECT] WARNING: Couldn't flush system prefs: java.util.prefs.BackingStoreException: Couldn't get file lock.
2024-08-06 16:47:21,613 [ERROR] LogOutputStream:75 - [STDERR_REDIRECT] 
2024-08-06 16:47:51,611 [ERROR] LogOutputStream:75 - [STDERR_REDIRECT] Aug 06, 2024 4:47:51 PM java.util.prefs.FileSystemPreferences checkLockFile0ErrorCode
2024-08-06 16:47:51,612 [ERROR] LogOutputStream:75 - [STDERR_REDIRECT] WARNING: Could not lock System prefs. Unix error code 2.
2024-08-06 16:47:51,612 [ERROR] LogOutputStream:75 - [STDERR_REDIRECT] 
2024-08-06 16:47:51,612 [ERROR] LogOutputStream:75 - [STDERR_REDIRECT] Aug 06, 2024 4:47:51 PM java.util.prefs.FileSystemPreferences syncWorld
2024-08-06 16:47:51,613 [ERROR] LogOutputStream:75 - [STDERR_REDIRECT] WARNING: Couldn't flush system prefs: java.util.prefs.BackingStoreException: Couldn't get file lock.
2024-08-06 16:47:51,613 [ERROR] LogOutputStream:75 - [STDERR_REDIRECT] 
2024-08-06 16:48:21,612 [ERROR] LogOutputStream:75 - [STDERR_REDIRECT] Aug 06, 2024 4:48:21 PM java.util.prefs.FileSystemPreferences checkLockFile0ErrorCode
2024-08-06 16:48:21,612 [ERROR] LogOutputStream:75 - [STDERR_REDIRECT] WARNING: Could not lock System prefs. Unix error code 2.
2024-08-06 16:48:21,612 [ERROR] LogOutputStream:75 - [STDERR_REDIRECT] 
2024-08-06 16:48:21,612 [ERROR] LogOutputStream:75 - [STDERR_REDIRECT] Aug 06, 2024 4:48:21 PM java.util.prefs.FileSystemPreferences syncWorld
2024-08-06 16:48:21,613 [ERROR] LogOutputStream:75 - [STDERR_REDIRECT] WARNING: Couldn't flush system prefs: java.util.prefs.BackingStoreException: Couldn't get file lock.
2024-08-06 16:48:21,613 [ERROR] LogOutputStream:75 - [STDERR_REDIRECT] 
2024-08-06 16:48:51,611 [ERROR] LogOutputStream:75 - [STDERR_REDIRECT] Aug 06, 2024 4:48:51 PM java.util.prefs.FileSystemPreferences checkLockFile0ErrorCode
2024-08-06 16:48:51,612 [ERROR] LogOutputStream:75 - [STDERR_REDIRECT] WARNING: Could not lock System prefs. Unix error code 2.
2024-08-06 16:48:51,612 [ERROR] LogOutputStream:75 - [STDERR_REDIRECT] 
2024-08-06 16:48:51,612 [ERROR] LogOutputStream:75 - [STDERR_REDIRECT] Aug 06, 2024 4:48:51 PM java.util.prefs.FileSystemPreferences syncWorld
2024-08-06 16:48:51,612 [ERROR] LogOutputStream:75 - [STDERR_REDIRECT] WARNING: Couldn't flush system prefs: java.util.prefs.BackingStoreException: Couldn't get file lock.
2024-08-06 16:48:51,612 [ERROR] LogOutputStream:75 - [STDERR_REDIRECT] 
2024-08-06 16:49:21,612 [ERROR] LogOutputStream:75 - [STDERR_REDIRECT] Aug 06, 2024 4:49:21 PM java.util.prefs.FileSystemPreferences checkLockFile0ErrorCode
2024-08-06 16:49:21,612 [ERROR] LogOutputStream:75 - [STDERR_REDIRECT] WARNING: Could not lock System prefs. Unix error code 2.
2024-08-06 16:49:21,612 [ERROR] LogOutputStream:75 - [STDERR_REDIRECT] 
2024-08-06 16:49:21,612 [ERROR] LogOutputStream:75 - [STDERR_REDIRECT] Aug 06, 2024 4:49:21 PM java.util.prefs.FileSystemPreferences syncWorld
2024-08-06 16:49:21,612 [ERROR] LogOutputStream:75 - [STDERR_REDIRECT] WARNING: Couldn't flush system prefs: java.util.prefs.BackingStoreException: Couldn't get file lock.
2024-08-06 16:49:21,613 [ERROR] LogOutputStream:75 - [STDERR_REDIRECT] 
2024-08-06 16:49:51,611 [ERROR] LogOutputStream:75 - [STDERR_REDIRECT] Aug 06, 2024 4:49:51 PM java.util.prefs.FileSystemPreferences checkLockFile0ErrorCode
2024-08-06 16:49:51,612 [ERROR] LogOutputStream:75 - [STDERR_REDIRECT] WARNING: Could not lock System prefs. Unix error code 2.
2024-08-06 16:49:51,612 [ERROR] LogOutputStream:75 - [STDERR_REDIRECT] 
2024-08-06 16:49:51,612 [ERROR] LogOutputStream:75 - [STDERR_REDIRECT] Aug 06, 2024 4:49:51 PM java.util.prefs.FileSystemPreferences syncWorld
2024-08-06 16:49:51,612 [ERROR] LogOutputStream:75 - [STDERR_REDIRECT] WARNING: Couldn't flush system prefs: java.util.prefs.BackingStoreException: Couldn't get file lock.
2024-08-06 16:49:51,612 [ERROR] LogOutputStream:75 - [STDERR_REDIRECT] 
2024-08-06 16:50:21,612 [ERROR] LogOutputStream:75 - [STDERR_REDIRECT] Aug 06, 2024 4:50:21 PM java.util.prefs.FileSystemPreferences checkLockFile0ErrorCode
2024-08-06 16:50:21,613 [ERROR] LogOutputStream:75 - [STDERR_REDIRECT] WARNING: Could not lock System prefs. Unix error code 2.
2024-08-06 16:50:21,613 [ERROR] LogOutputStream:75 - [STDERR_REDIRECT] 
2024-08-06 16:50:21,613 [ERROR] LogOutputStream:75 - [STDERR_REDIRECT] Aug 06, 2024 4:50:21 PM java.util.prefs.FileSystemPreferences syncWorld
2024-08-06 16:50:21,613 [ERROR] LogOutputStream:75 - [STDERR_REDIRECT] WARNING: Couldn't flush system prefs: java.util.prefs.BackingStoreException: Couldn't get file lock.
2024-08-06 16:50:21,613 [ERROR] LogOutputStream:75 - [STDERR_REDIRECT] 
2024-08-06 16:50:51,613 [ERROR] LogOutputStream:75 - [STDERR_REDIRECT] Aug 06, 2024 4:50:51 PM java.util.prefs.FileSystemPreferences checkLockFile0ErrorCode
2024-08-06 16:50:51,613 [ERROR] LogOutputStream:75 - [STDERR_REDIRECT] WARNING: Could not lock System prefs. Unix error code 2.
2024-08-06 16:50:51,613 [ERROR] LogOutputStream:75 - [STDERR_REDIRECT] 
2024-08-06 16:50:51,614 [ERROR] LogOutputStream:75 - [STDERR_REDIRECT] Aug 06, 2024 4:50:51 PM java.util.prefs.FileSystemPreferences syncWorld
2024-08-06 16:50:51,614 [ERROR] LogOutputStream:75 - [STDERR_REDIRECT] WARNING: Couldn't flush system prefs: java.util.prefs.BackingStoreException: Couldn't get file lock.
2024-08-06 16:50:51,614 [ERROR] LogOutputStream:75 - [STDERR_REDIRECT] 
2024-08-06 16:51:21,613 [ERROR] LogOutputStream:75 - [STDERR_REDIRECT] Aug 06, 2024 4:51:21 PM java.util.prefs.FileSystemPreferences checkLockFile0ErrorCode
2024-08-06 16:51:21,613 [ERROR] LogOutputStream:75 - [STDERR_REDIRECT] WARNING: Could not lock System prefs. Unix error code 2.
2024-08-06 16:51:21,613 [ERROR] LogOutputStream:75 - [STDERR_REDIRECT] 
2024-08-06 16:51:21,614 [ERROR] LogOutputStream:75 - [STDERR_REDIRECT] Aug 06, 2024 4:51:21 PM java.util.prefs.FileSystemPreferences syncWorld
2024-08-06 16:51:21,614 [ERROR] LogOutputStream:75 - [STDERR_REDIRECT] WARNING: Couldn't flush system prefs: java.util.prefs.BackingStoreException: Couldn't get file lock.
2024-08-06 16:51:21,614 [ERROR] LogOutputStream:75 - [STDERR_REDIRECT] 
2024-08-06 16:51:51,612 [ERROR] LogOutputStream:75 - [STDERR_REDIRECT] Aug 06, 2024 4:51:51 PM java.util.prefs.FileSystemPreferences checkLockFile0ErrorCode
2024-08-06 16:51:51,613 [ERROR] LogOutputStream:75 - [STDERR_REDIRECT] WARNING: Could not lock System prefs. Unix error code 2.
2024-08-06 16:51:51,613 [ERROR] LogOutputStream:75 - [STDERR_REDIRECT] 
2024-08-06 16:51:51,613 [ERROR] LogOutputStream:75 - [STDERR_REDIRECT] Aug 06, 2024 4:51:51 PM java.util.prefs.FileSystemPreferences syncWorld
2024-08-06 16:51:51,613 [ERROR] LogOutputStream:75 - [STDERR_REDIRECT] WARNING: Couldn't flush system prefs: java.util.prefs.BackingStoreException: Couldn't get file lock.
2024-08-06 16:51:51,613 [ERROR] LogOutputStream:75 - [STDERR_REDIRECT] 
2024-08-06 16:52:21,614 [ERROR] LogOutputStream:75 - [STDERR_REDIRECT] Aug 06, 2024 4:52:21 PM java.util.prefs.FileSystemPreferences checkLockFile0ErrorCode
2024-08-06 16:52:21,615 [ERROR] LogOutputStream:75 - [STDERR_REDIRECT] WARNING: Could not lock System prefs. Unix error code 2.
2024-08-06 16:52:21,615 [ERROR] LogOutputStream:75 - [STDERR_REDIRECT] 
2024-08-06 16:52:21,615 [ERROR] LogOutputStream:75 - [STDERR_REDIRECT] Aug 06, 2024 4:52:21 PM java.util.prefs.FileSystemPreferences syncWorld
2024-08-06 16:52:21,615 [ERROR] LogOutputStream:75 - [STDERR_REDIRECT] WARNING: Couldn't flush system prefs: java.util.prefs.BackingStoreException: Couldn't get file lock.
2024-08-06 16:52:21,616 [ERROR] LogOutputStream:75 - [STDERR_REDIRECT] 
2024-08-06 16:52:51,614 [ERROR] LogOutputStream:75 - [STDERR_REDIRECT] Aug 06, 2024 4:52:51 PM java.util.prefs.FileSystemPreferences checkLockFile0ErrorCode
2024-08-06 16:52:51,614 [ERROR] LogOutputStream:75 - [STDERR_REDIRECT] WARNING: Could not lock System prefs. Unix error code 2.
2024-08-06 16:52:51,614 [ERROR] LogOutputStream:75 - [STDERR_REDIRECT] 
2024-08-06 16:52:51,614 [ERROR] LogOutputStream:75 - [STDERR_REDIRECT] Aug 06, 2024 4:52:51 PM java.util.prefs.FileSystemPreferences syncWorld
2024-08-06 16:52:51,614 [ERROR] LogOutputStream:75 - [STDERR_REDIRECT] WARNING: Couldn't flush system prefs: java.util.prefs.BackingStoreException: Couldn't get file lock.
2024-08-06 16:52:51,615 [ERROR] LogOutputStream:75 - [STDERR_REDIRECT] 
2024-08-06 16:53:21,613 [ERROR] LogOutputStream:75 - [STDERR_REDIRECT] Aug 06, 2024 4:53:21 PM java.util.prefs.FileSystemPreferences checkLockFile0ErrorCode
2024-08-06 16:53:21,614 [ERROR] LogOutputStream:75 - [STDERR_REDIRECT] WARNING: Could not lock System prefs. Unix error code 2.
2024-08-06 16:53:21,614 [ERROR] LogOutputStream:75 - [STDERR_REDIRECT] 
2024-08-06 16:53:21,614 [ERROR] LogOutputStream:75 - [STDERR_REDIRECT] Aug 06, 2024 4:53:21 PM java.util.prefs.FileSystemPreferences syncWorld
2024-08-06 16:53:21,615 [ERROR] LogOutputStream:75 - [STDERR_REDIRECT] WARNING: Couldn't flush system prefs: java.util.prefs.BackingStoreException: Couldn't get file lock.
2024-08-06 16:53:21,615 [ERROR] LogOutputStream:75 - [STDERR_REDIRECT] 
2024-08-06 16:53:51,614 [ERROR] LogOutputStream:75 - [STDERR_REDIRECT] Aug 06, 2024 4:53:51 PM java.util.prefs.FileSystemPreferences checkLockFile0ErrorCode
2024-08-06 16:53:51,615 [ERROR] LogOutputStream:75 - [STDERR_REDIRECT] WARNING: Could not lock System prefs. Unix error code 2.
2024-08-06 16:53:51,615 [ERROR] LogOutputStream:75 - [STDERR_REDIRECT] 
2024-08-06 16:53:51,615 [ERROR] LogOutputStream:75 - [STDERR_REDIRECT] Aug 06, 2024 4:53:51 PM java.util.prefs.FileSystemPreferences syncWorld
2024-08-06 16:53:51,615 [ERROR] LogOutputStream:75 - [STDERR_REDIRECT] WARNING: Couldn't flush system prefs: java.util.prefs.BackingStoreException: Couldn't get file lock.
2024-08-06 16:53:51,615 [ERROR] LogOutputStream:75 - [STDERR_REDIRECT] 
2024-08-06 16:54:21,614 [ERROR] LogOutputStream:75 - [STDERR_REDIRECT] Aug 06, 2024 4:54:21 PM java.util.prefs.FileSystemPreferences checkLockFile0ErrorCode
2024-08-06 16:54:21,614 [ERROR] LogOutputStream:75 - [STDERR_REDIRECT] WARNING: Could not lock System prefs. Unix error code 2.
2024-08-06 16:54:21,614 [ERROR] LogOutputStream:75 - [STDERR_REDIRECT] 
2024-08-06 16:54:21,615 [ERROR] LogOutputStream:75 - [STDERR_REDIRECT] Aug 06, 2024 4:54:21 PM java.util.prefs.FileSystemPreferences syncWorld
2024-08-06 16:54:21,615 [ERROR] LogOutputStream:75 - [STDERR_REDIRECT] WARNING: Couldn't flush system prefs: java.util.prefs.BackingStoreException: Couldn't get file lock.
2024-08-06 16:54:21,615 [ERROR] LogOutputStream:75 - [STDERR_REDIRECT] 
2024-08-06 16:54:51,615 [ERROR] LogOutputStream:75 - [STDERR_REDIRECT] Aug 06, 2024 4:54:51 PM java.util.prefs.FileSystemPreferences checkLockFile0ErrorCode
2024-08-06 16:54:51,615 [ERROR] LogOutputStream:75 - [STDERR_REDIRECT] WARNING: Could not lock System prefs. Unix error code 2.
2024-08-06 16:54:51,616 [ERROR] LogOutputStream:75 - [STDERR_REDIRECT] 
2024-08-06 16:54:51,616 [ERROR] LogOutputStream:75 - [STDERR_REDIRECT] Aug 06, 2024 4:54:51 PM java.util.prefs.FileSystemPreferences syncWorld
2024-08-06 16:54:51,617 [ERROR] LogOutputStream:75 - [STDERR_REDIRECT] WARNING: Couldn't flush system prefs: java.util.prefs.BackingStoreException: Couldn't get file lock.
2024-08-06 16:54:51,617 [ERROR] LogOutputStream:75 - [STDERR_REDIRECT] 
2024-08-06 16:55:21,614 [ERROR] LogOutputStream:75 - [STDERR_REDIRECT] Aug 06, 2024 4:55:21 PM java.util.prefs.FileSystemPreferences checkLockFile0ErrorCode
2024-08-06 16:55:21,614 [ERROR] LogOutputStream:75 - [STDERR_REDIRECT] WARNING: Could not lock System prefs. Unix error code 2.
2024-08-06 16:55:21,615 [ERROR] LogOutputStream:75 - [STDERR_REDIRECT] 
2024-08-06 16:55:21,615 [ERROR] LogOutputStream:75 - [STDERR_REDIRECT] Aug 06, 2024 4:55:21 PM java.util.prefs.FileSystemPreferences syncWorld
2024-08-06 16:55:21,616 [ERROR] LogOutputStream:75 - [STDERR_REDIRECT] WARNING: Couldn't flush system prefs: java.util.prefs.BackingStoreException: Couldn't get file lock.
2024-08-06 16:55:21,616 [ERROR] LogOutputStream:75 - [STDERR_REDIRECT] 
2024-08-06 16:55:51,614 [ERROR] LogOutputStream:75 - [STDERR_REDIRECT] Aug 06, 2024 4:55:51 PM java.util.prefs.FileSystemPreferences checkLockFile0ErrorCode
2024-08-06 16:55:51,615 [ERROR] LogOutputStream:75 - [STDERR_REDIRECT] WARNING: Could not lock System prefs. Unix error code 2.
2024-08-06 16:55:51,615 [ERROR] LogOutputStream:75 - [STDERR_REDIRECT] 
2024-08-06 16:55:51,616 [ERROR] LogOutputStream:75 - [STDERR_REDIRECT] Aug 06, 2024 4:55:51 PM java.util.prefs.FileSystemPreferences syncWorld
2024-08-06 16:55:51,616 [ERROR] LogOutputStream:75 - [STDERR_REDIRECT] WARNING: Couldn't flush system prefs: java.util.prefs.BackingStoreException: Couldn't get file lock.
2024-08-06 16:55:51,617 [ERROR] LogOutputStream:75 - [STDERR_REDIRECT] 
2024-08-06 16:56:21,615 [ERROR] LogOutputStream:75 - [STDERR_REDIRECT] Aug 06, 2024 4:56:21 PM java.util.prefs.FileSystemPreferences checkLockFile0ErrorCode
2024-08-06 16:56:21,615 [ERROR] LogOutputStream:75 - [STDERR_REDIRECT] WARNING: Could not lock System prefs. Unix error code 2.
2024-08-06 16:56:21,616 [ERROR] LogOutputStream:75 - [STDERR_REDIRECT] 
2024-08-06 16:56:21,616 [ERROR] LogOutputStream:75 - [STDERR_REDIRECT] Aug 06, 2024 4:56:21 PM java.util.prefs.FileSystemPreferences syncWorld
2024-08-06 16:56:21,616 [ERROR] LogOutputStream:75 - [STDERR_REDIRECT] WARNING: Couldn't flush system prefs: java.util.prefs.BackingStoreException: Couldn't get file lock.
2024-08-06 16:56:21,617 [ERROR] LogOutputStream:75 - [STDERR_REDIRECT] 
2024-08-06 16:56:36,273 [INFO] UtilMem:75 - End SaveConfig() Used Memory: 344574504 Bytes (783286272)
2024-08-06 16:56:51,766 [ERROR] LogOutputStream:75 - [STDERR_REDIRECT] Aug 06, 2024 4:56:51 PM java.util.prefs.FileSystemPreferences checkLockFile0ErrorCode
2024-08-06 16:56:51,766 [ERROR] LogOutputStream:75 - [STDERR_REDIRECT] WARNING: Could not lock System prefs. Unix error code 2.
2024-08-06 16:56:51,766 [ERROR] LogOutputStream:75 - [STDERR_REDIRECT] 
2024-08-06 16:56:51,766 [ERROR] LogOutputStream:75 - [STDERR_REDIRECT] Aug 06, 2024 4:56:51 PM java.util.prefs.FileSystemPreferences syncWorld
2024-08-06 16:56:51,766 [ERROR] LogOutputStream:75 - [STDERR_REDIRECT] WARNING: Couldn't flush system prefs: java.util.prefs.BackingStoreException: Couldn't get file lock.
2024-08-06 16:56:51,767 [ERROR] LogOutputStream:75 - [STDERR_REDIRECT] 
2024-08-06 16:57:21,614 [ERROR] LogOutputStream:75 - [STDERR_REDIRECT] Aug 06, 2024 4:57:21 PM java.util.prefs.FileSystemPreferences checkLockFile0ErrorCode
2024-08-06 16:57:21,614 [ERROR] LogOutputStream:75 - [STDERR_REDIRECT] WARNING: Could not lock System prefs. Unix error code 2.
2024-08-06 16:57:21,614 [ERROR] LogOutputStream:75 - [STDERR_REDIRECT] 
2024-08-06 16:57:21,615 [ERROR] LogOutputStream:75 - [STDERR_REDIRECT] Aug 06, 2024 4:57:21 PM java.util.prefs.FileSystemPreferences syncWorld
2024-08-06 16:57:21,615 [ERROR] LogOutputStream:75 - [STDERR_REDIRECT] WARNING: Couldn't flush system prefs: java.util.prefs.BackingStoreException: Couldn't get file lock.
2024-08-06 16:57:21,615 [ERROR] LogOutputStream:75 - [STDERR_REDIRECT] 
2024-08-06 16:57:51,616 [ERROR] LogOutputStream:75 - [STDERR_REDIRECT] Aug 06, 2024 4:57:51 PM java.util.prefs.FileSystemPreferences checkLockFile0ErrorCode
2024-08-06 16:57:51,616 [ERROR] LogOutputStream:75 - [STDERR_REDIRECT] WARNING: Could not lock System prefs. Unix error code 2.
2024-08-06 16:57:51,616 [ERROR] LogOutputStream:75 - [STDERR_REDIRECT] 
2024-08-06 16:57:51,617 [ERROR] LogOutputStream:75 - [STDERR_REDIRECT] Aug 06, 2024 4:57:51 PM java.util.prefs.FileSystemPreferences syncWorld
2024-08-06 16:57:51,617 [ERROR] LogOutputStream:75 - [STDERR_REDIRECT] WARNING: Couldn't flush system prefs: java.util.prefs.BackingStoreException: Couldn't get file lock.
2024-08-06 16:57:51,617 [ERROR] LogOutputStream:75 - [STDERR_REDIRECT] 
2024-08-06 16:58:21,615 [ERROR] LogOutputStream:75 - [STDERR_REDIRECT] Aug 06, 2024 4:58:21 PM java.util.prefs.FileSystemPreferences checkLockFile0ErrorCode
2024-08-06 16:58:21,615 [ERROR] LogOutputStream:75 - [STDERR_REDIRECT] WARNING: Could not lock System prefs. Unix error code 2.
2024-08-06 16:58:21,615 [ERROR] LogOutputStream:75 - [STDERR_REDIRECT] 
2024-08-06 16:58:21,616 [ERROR] LogOutputStream:75 - [STDERR_REDIRECT] Aug 06, 2024 4:58:21 PM java.util.prefs.FileSystemPreferences syncWorld
2024-08-06 16:58:21,616 [ERROR] LogOutputStream:75 - [STDERR_REDIRECT] WARNING: Couldn't flush system prefs: java.util.prefs.BackingStoreException: Couldn't get file lock.
2024-08-06 16:58:21,616 [ERROR] LogOutputStream:75 - [STDERR_REDIRECT] 
2024-08-06 16:58:51,615 [ERROR] LogOutputStream:75 - [STDERR_REDIRECT] Aug 06, 2024 4:58:51 PM java.util.prefs.FileSystemPreferences checkLockFile0ErrorCode
2024-08-06 16:58:51,616 [ERROR] LogOutputStream:75 - [STDERR_REDIRECT] WARNING: Could not lock System prefs. Unix error code 2.
2024-08-06 16:58:51,616 [ERROR] LogOutputStream:75 - [STDERR_REDIRECT] 
2024-08-06 16:58:51,618 [ERROR] LogOutputStream:75 - [STDERR_REDIRECT] Aug 06, 2024 4:58:51 PM java.util.prefs.FileSystemPreferences syncWorld
2024-08-06 16:58:51,618 [ERROR] LogOutputStream:75 - [STDERR_REDIRECT] WARNING: Couldn't flush system prefs: java.util.prefs.BackingStoreException: Couldn't get file lock.
2024-08-06 16:58:51,618 [ERROR] LogOutputStream:75 - [STDERR_REDIRECT] 
2024-08-06 16:59:21,617 [ERROR] LogOutputStream:75 - [STDERR_REDIRECT] Aug 06, 2024 4:59:21 PM java.util.prefs.FileSystemPreferences checkLockFile0ErrorCode
2024-08-06 16:59:21,618 [ERROR] LogOutputStream:75 - [STDERR_REDIRECT] WARNING: Could not lock System prefs. Unix error code 2.
2024-08-06 16:59:21,618 [ERROR] LogOutputStream:75 - [STDERR_REDIRECT] 
2024-08-06 16:59:21,620 [ERROR] LogOutputStream:75 - [STDERR_REDIRECT] Aug 06, 2024 4:59:21 PM java.util.prefs.FileSystemPreferences syncWorld
2024-08-06 16:59:21,621 [ERROR] LogOutputStream:75 - [STDERR_REDIRECT] WARNING: Couldn't flush system prefs: java.util.prefs.BackingStoreException: Couldn't get file lock.
2024-08-06 16:59:21,621 [ERROR] LogOutputStream:75 - [STDERR_REDIRECT] 
2024-08-06 16:59:51,615 [ERROR] LogOutputStream:75 - [STDERR_REDIRECT] Aug 06, 2024 4:59:51 PM java.util.prefs.FileSystemPreferences checkLockFile0ErrorCode
2024-08-06 16:59:51,615 [ERROR] LogOutputStream:75 - [STDERR_REDIRECT] WARNING: Could not lock System prefs. Unix error code 2.
2024-08-06 16:59:51,616 [ERROR] LogOutputStream:75 - [STDERR_REDIRECT] 
2024-08-06 16:59:51,616 [ERROR] LogOutputStream:75 - [STDERR_REDIRECT] Aug 06, 2024 4:59:51 PM java.util.prefs.FileSystemPreferences syncWorld
2024-08-06 16:59:51,616 [ERROR] LogOutputStream:75 - [STDERR_REDIRECT] WARNING: Couldn't flush system prefs: java.util.prefs.BackingStoreException: Couldn't get file lock.
2024-08-06 16:59:51,616 [ERROR] LogOutputStream:75 - [STDERR_REDIRECT] 
2024-08-06 17:00:21,616 [ERROR] LogOutputStream:75 - [STDERR_REDIRECT] Aug 06, 2024 5:00:21 PM java.util.prefs.FileSystemPreferences checkLockFile0ErrorCode
2024-08-06 17:00:21,618 [ERROR] LogOutputStream:75 - [STDERR_REDIRECT] WARNING: Could not lock System prefs. Unix error code 2.
2024-08-06 17:00:21,618 [ERROR] LogOutputStream:75 - [STDERR_REDIRECT] 
2024-08-06 17:00:21,618 [ERROR] LogOutputStream:75 - [STDERR_REDIRECT] Aug 06, 2024 5:00:21 PM java.util.prefs.FileSystemPreferences syncWorld
2024-08-06 17:00:21,619 [ERROR] LogOutputStream:75 - [STDERR_REDIRECT] WARNING: Couldn't flush system prefs: java.util.prefs.BackingStoreException: Couldn't get file lock.
2024-08-06 17:00:21,619 [ERROR] LogOutputStream:75 - [STDERR_REDIRECT] 
2024-08-06 17:00:51,615 [ERROR] LogOutputStream:75 - [STDERR_REDIRECT] Aug 06, 2024 5:00:51 PM java.util.prefs.FileSystemPreferences checkLockFile0ErrorCode
2024-08-06 17:00:51,616 [ERROR] LogOutputStream:75 - [STDERR_REDIRECT] WARNING: Could not lock System prefs. Unix error code 2.
2024-08-06 17:00:51,617 [ERROR] LogOutputStream:75 - [STDERR_REDIRECT] 
2024-08-06 17:00:51,617 [ERROR] LogOutputStream:75 - [STDERR_REDIRECT] Aug 06, 2024 5:00:51 PM java.util.prefs.FileSystemPreferences syncWorld
2024-08-06 17:00:51,617 [ERROR] LogOutputStream:75 - [STDERR_REDIRECT] WARNING: Couldn't flush system prefs: java.util.prefs.BackingStoreException: Couldn't get file lock.
2024-08-06 17:00:51,617 [ERROR] LogOutputStream:75 - [STDERR_REDIRECT] 
2024-08-06 17:01:21,616 [ERROR] LogOutputStream:75 - [STDERR_REDIRECT] Aug 06, 2024 5:01:21 PM java.util.prefs.FileSystemPreferences checkLockFile0ErrorCode
2024-08-06 17:01:21,617 [ERROR] LogOutputStream:75 - [STDERR_REDIRECT] WARNING: Could not lock System prefs. Unix error code 2.
2024-08-06 17:01:21,617 [ERROR] LogOutputStream:75 - [STDERR_REDIRECT] 
2024-08-06 17:01:21,617 [ERROR] LogOutputStream:75 - [STDERR_REDIRECT] Aug 06, 2024 5:01:21 PM java.util.prefs.FileSystemPreferences syncWorld
2024-08-06 17:01:21,617 [ERROR] LogOutputStream:75 - [STDERR_REDIRECT] WARNING: Couldn't flush system prefs: java.util.prefs.BackingStoreException: Couldn't get file lock.
2024-08-06 17:01:21,617 [ERROR] LogOutputStream:75 - [STDERR_REDIRECT] 
2024-08-06 17:01:51,617 [ERROR] LogOutputStream:75 - [STDERR_REDIRECT] Aug 06, 2024 5:01:51 PM java.util.prefs.FileSystemPreferences checkLockFile0ErrorCode
2024-08-06 17:01:51,617 [ERROR] LogOutputStream:75 - [STDERR_REDIRECT] WARNING: Could not lock System prefs. Unix error code 2.
2024-08-06 17:01:51,617 [ERROR] LogOutputStream:75 - [STDERR_REDIRECT] 
2024-08-06 17:01:51,618 [ERROR] LogOutputStream:75 - [STDERR_REDIRECT] Aug 06, 2024 5:01:51 PM java.util.prefs.FileSystemPreferences syncWorld
2024-08-06 17:01:51,618 [ERROR] LogOutputStream:75 - [STDERR_REDIRECT] WARNING: Couldn't flush system prefs: java.util.prefs.BackingStoreException: Couldn't get file lock.
2024-08-06 17:01:51,618 [ERROR] LogOutputStream:75 - [STDERR_REDIRECT] 
2024-08-06 17:02:21,617 [ERROR] LogOutputStream:75 - [STDERR_REDIRECT] Aug 06, 2024 5:02:21 PM java.util.prefs.FileSystemPreferences checkLockFile0ErrorCode
2024-08-06 17:02:21,617 [ERROR] LogOutputStream:75 - [STDERR_REDIRECT] WARNING: Could not lock System prefs. Unix error code 2.
2024-08-06 17:02:21,618 [ERROR] LogOutputStream:75 - [STDERR_REDIRECT] 
2024-08-06 17:02:21,618 [ERROR] LogOutputStream:75 - [STDERR_REDIRECT] Aug 06, 2024 5:02:21 PM java.util.prefs.FileSystemPreferences syncWorld
2024-08-06 17:02:21,618 [ERROR] LogOutputStream:75 - [STDERR_REDIRECT] WARNING: Couldn't flush system prefs: java.util.prefs.BackingStoreException: Couldn't get file lock.
2024-08-06 17:02:21,618 [ERROR] LogOutputStream:75 - [STDERR_REDIRECT] 
2024-08-06 17:02:51,617 [ERROR] LogOutputStream:75 - [STDERR_REDIRECT] Aug 06, 2024 5:02:51 PM java.util.prefs.FileSystemPreferences checkLockFile0ErrorCode
2024-08-06 17:02:51,618 [ERROR] LogOutputStream:75 - [STDERR_REDIRECT] WARNING: Could not lock System prefs. Unix error code 2.
2024-08-06 17:02:51,618 [ERROR] LogOutputStream:75 - [STDERR_REDIRECT] 
2024-08-06 17:02:51,620 [ERROR] LogOutputStream:75 - [STDERR_REDIRECT] Aug 06, 2024 5:02:51 PM java.util.prefs.FileSystemPreferences syncWorld
2024-08-06 17:02:51,620 [ERROR] LogOutputStream:75 - [STDERR_REDIRECT] WARNING: Couldn't flush system prefs: java.util.prefs.BackingStoreException: Couldn't get file lock.
2024-08-06 17:02:51,620 [ERROR] LogOutputStream:75 - [STDERR_REDIRECT] 
2024-08-06 17:03:21,618 [ERROR] LogOutputStream:75 - [STDERR_REDIRECT] Aug 06, 2024 5:03:21 PM java.util.prefs.FileSystemPreferences checkLockFile0ErrorCode
2024-08-06 17:03:21,618 [ERROR] LogOutputStream:75 - [STDERR_REDIRECT] WARNING: Could not lock System prefs. Unix error code 2.
2024-08-06 17:03:21,619 [ERROR] LogOutputStream:75 - [STDERR_REDIRECT] 
2024-08-06 17:03:21,619 [ERROR] LogOutputStream:75 - [STDERR_REDIRECT] Aug 06, 2024 5:03:21 PM java.util.prefs.FileSystemPreferences syncWorld
2024-08-06 17:03:21,619 [ERROR] LogOutputStream:75 - [STDERR_REDIRECT] WARNING: Couldn't flush system prefs: java.util.prefs.BackingStoreException: Couldn't get file lock.
2024-08-06 17:03:21,619 [ERROR] LogOutputStream:75 - [STDERR_REDIRECT] 
2024-08-06 17:03:51,619 [ERROR] LogOutputStream:75 - [STDERR_REDIRECT] Aug 06, 2024 5:03:51 PM java.util.prefs.FileSystemPreferences checkLockFile0ErrorCode
2024-08-06 17:03:51,620 [ERROR] LogOutputStream:75 - [STDERR_REDIRECT] WARNING: Could not lock System prefs. Unix error code 2.
2024-08-06 17:03:51,620 [ERROR] LogOutputStream:75 - [STDERR_REDIRECT] 
2024-08-06 17:03:51,620 [ERROR] LogOutputStream:75 - [STDERR_REDIRECT] Aug 06, 2024 5:03:51 PM java.util.prefs.FileSystemPreferences syncWorld
2024-08-06 17:03:51,621 [ERROR] LogOutputStream:75 - [STDERR_REDIRECT] WARNING: Couldn't flush system prefs: java.util.prefs.BackingStoreException: Couldn't get file lock.
2024-08-06 17:03:51,621 [ERROR] LogOutputStream:75 - [STDERR_REDIRECT] 
2024-08-06 17:04:21,618 [ERROR] LogOutputStream:75 - [STDERR_REDIRECT] Aug 06, 2024 5:04:21 PM java.util.prefs.FileSystemPreferences checkLockFile0ErrorCode
2024-08-06 17:04:21,618 [ERROR] LogOutputStream:75 - [STDERR_REDIRECT] WARNING: Could not lock System prefs. Unix error code 2.
2024-08-06 17:04:21,619 [ERROR] LogOutputStream:75 - [STDERR_REDIRECT] 
2024-08-06 17:04:21,619 [ERROR] LogOutputStream:75 - [STDERR_REDIRECT] Aug 06, 2024 5:04:21 PM java.util.prefs.FileSystemPreferences syncWorld
2024-08-06 17:04:21,619 [ERROR] LogOutputStream:75 - [STDERR_REDIRECT] WARNING: Couldn't flush system prefs: java.util.prefs.BackingStoreException: Couldn't get file lock.
2024-08-06 17:04:21,619 [ERROR] LogOutputStream:75 - [STDERR_REDIRECT] 
2024-08-06 17:04:51,618 [ERROR] LogOutputStream:75 - [STDERR_REDIRECT] Aug 06, 2024 5:04:51 PM java.util.prefs.FileSystemPreferences checkLockFile0ErrorCode
2024-08-06 17:04:51,619 [ERROR] LogOutputStream:75 - [STDERR_REDIRECT] WARNING: Could not lock System prefs. Unix error code 2.
2024-08-06 17:04:51,619 [ERROR] LogOutputStream:75 - [STDERR_REDIRECT] 
2024-08-06 17:04:51,621 [ERROR] LogOutputStream:75 - [STDERR_REDIRECT] Aug 06, 2024 5:04:51 PM java.util.prefs.FileSystemPreferences syncWorld
2024-08-06 17:04:51,622 [ERROR] LogOutputStream:75 - [STDERR_REDIRECT] WARNING: Couldn't flush system prefs: java.util.prefs.BackingStoreException: Couldn't get file lock.
2024-08-06 17:04:51,622 [ERROR] LogOutputStream:75 - [STDERR_REDIRECT] 
2024-08-06 17:05:21,617 [ERROR] LogOutputStream:75 - [STDERR_REDIRECT] Aug 06, 2024 5:05:21 PM java.util.prefs.FileSystemPreferences checkLockFile0ErrorCode
2024-08-06 17:05:21,618 [ERROR] LogOutputStream:75 - [STDERR_REDIRECT] WARNING: Could not lock System prefs. Unix error code 2.
2024-08-06 17:05:21,618 [ERROR] LogOutputStream:75 - [STDERR_REDIRECT] 
2024-08-06 17:05:21,618 [ERROR] LogOutputStream:75 - [STDERR_REDIRECT] Aug 06, 2024 5:05:21 PM java.util.prefs.FileSystemPreferences syncWorld
2024-08-06 17:05:21,618 [ERROR] LogOutputStream:75 - [STDERR_REDIRECT] WARNING: Couldn't flush system prefs: java.util.prefs.BackingStoreException: Couldn't get file lock.
2024-08-06 17:05:21,618 [ERROR] LogOutputStream:75 - [STDERR_REDIRECT] 
2024-08-06 17:05:51,619 [ERROR] LogOutputStream:75 - [STDERR_REDIRECT] Aug 06, 2024 5:05:51 PM java.util.prefs.FileSystemPreferences checkLockFile0ErrorCode
2024-08-06 17:05:51,619 [ERROR] LogOutputStream:75 - [STDERR_REDIRECT] WARNING: Could not lock System prefs. Unix error code 2.
2024-08-06 17:05:51,619 [ERROR] LogOutputStream:75 - [STDERR_REDIRECT] 
2024-08-06 17:05:51,619 [ERROR] LogOutputStream:75 - [STDERR_REDIRECT] Aug 06, 2024 5:05:51 PM java.util.prefs.FileSystemPreferences syncWorld
2024-08-06 17:05:51,619 [ERROR] LogOutputStream:75 - [STDERR_REDIRECT] WARNING: Couldn't flush system prefs: java.util.prefs.BackingStoreException: Couldn't get file lock.
2024-08-06 17:05:51,619 [ERROR] LogOutputStream:75 - [STDERR_REDIRECT] 
2024-08-06 17:06:21,619 [ERROR] LogOutputStream:75 - [STDERR_REDIRECT] Aug 06, 2024 5:06:21 PM java.util.prefs.FileSystemPreferences checkLockFile0ErrorCode
2024-08-06 17:06:21,619 [ERROR] LogOutputStream:75 - [STDERR_REDIRECT] WARNING: Could not lock System prefs. Unix error code 2.
2024-08-06 17:06:21,619 [ERROR] LogOutputStream:75 - [STDERR_REDIRECT] 
2024-08-06 17:06:21,619 [ERROR] LogOutputStream:75 - [STDERR_REDIRECT] Aug 06, 2024 5:06:21 PM java.util.prefs.FileSystemPreferences syncWorld
2024-08-06 17:06:21,619 [ERROR] LogOutputStream:75 - [STDERR_REDIRECT] WARNING: Couldn't flush system prefs: java.util.prefs.BackingStoreException: Couldn't get file lock.
2024-08-06 17:06:21,620 [ERROR] LogOutputStream:75 - [STDERR_REDIRECT] 
2024-08-06 17:06:51,620 [ERROR] LogOutputStream:75 - [STDERR_REDIRECT] Aug 06, 2024 5:06:51 PM java.util.prefs.FileSystemPreferences checkLockFile0ErrorCode
2024-08-06 17:06:51,621 [ERROR] LogOutputStream:75 - [STDERR_REDIRECT] WARNING: Could not lock System prefs. Unix error code 2.
2024-08-06 17:06:51,621 [ERROR] LogOutputStream:75 - [STDERR_REDIRECT] 
2024-08-06 17:06:51,622 [ERROR] LogOutputStream:75 - [STDERR_REDIRECT] Aug 06, 2024 5:06:51 PM java.util.prefs.FileSystemPreferences syncWorld
2024-08-06 17:06:51,622 [ERROR] LogOutputStream:75 - [STDERR_REDIRECT] WARNING: Couldn't flush system prefs: java.util.prefs.BackingStoreException: Couldn't get file lock.
2024-08-06 17:06:51,623 [ERROR] LogOutputStream:75 - [STDERR_REDIRECT] 
2024-08-06 17:07:21,631 [ERROR] LogOutputStream:75 - [STDERR_REDIRECT] Aug 06, 2024 5:07:21 PM java.util.prefs.FileSystemPreferences checkLockFile0ErrorCode
2024-08-06 17:07:21,632 [ERROR] LogOutputStream:75 - [STDERR_REDIRECT] WARNING: Could not lock System prefs. Unix error code 2.
2024-08-06 17:07:21,633 [ERROR] LogOutputStream:75 - [STDERR_REDIRECT] 
2024-08-06 17:07:21,634 [ERROR] LogOutputStream:75 - [STDERR_REDIRECT] Aug 06, 2024 5:07:21 PM java.util.prefs.FileSystemPreferences syncWorld
2024-08-06 17:07:21,636 [ERROR] LogOutputStream:75 - [STDERR_REDIRECT] WARNING: Couldn't flush system prefs: java.util.prefs.BackingStoreException: Couldn't get file lock.
2024-08-06 17:07:21,636 [ERROR] LogOutputStream:75 - [STDERR_REDIRECT] 
