2024-09-09 20:00:44,327 [INFO] Activator:176 - 


2024-09-09 20:00:44,331 [INFO] Activator:177 - !SESSION log4j initialized
2024-09-09 20:00:50,517 [INFO] ApplicationProperties:184 - Using Application install path: /opt/st/stm32cubeide_1.16.0/plugins/com.st.stm32cube.common.mx_6.12.0.202406281431
2024-09-09 20:00:50,615 [INFO] DbMcusXml:78 - Set database path to: /opt/st/stm32cubeide_1.16.0/plugins/com.st.stm32cube.common.mx_6.12.0.202406281431//db//mcu/
2024-09-09 20:00:50,616 [INFO] ApiDb:274 - Set plugin database path to: /opt/st/stm32cubeide_1.16.0/plugins/com.st.stm32cube.common.mx_6.12.0.202406281431//db//plugins/boardmanager/
2024-09-09 20:00:50,617 [WARN] ApiDb:259 - Overriding images path with different value:  => /opt/st/stm32cubeide_1.16.0/plugins/com.st.stm32cube.common.mx_6.12.0.202406281431//db//plugins/mcufinder/images/
2024-09-09 20:00:50,721 [INFO] ApiDb:250 - Set database path to: /home/leandro/.stmcufinder/plugins/mcufinder//mcu/
2024-09-09 20:00:50,724 [INFO] DbMcusAds:125 - Set database path to: /home/leandro/.stmcufinder/plugins/mcufinder//mcu/
2024-09-09 20:00:51,211 [INFO] CrossReferenceDbSqlite:203 - Set database path to: /home/leandro/.stmcufinder/plugins/mcufinder//mcu/cs/
2024-09-09 20:00:51,573 [INFO] RulesReader:64 - Compatibility file has been processed (297 Rules)
2024-09-09 20:00:51,861 [INFO] DbMcusXml:78 - Set database path to: /opt/st/stm32cubeide_1.16.0/plugins/com.st.stm32cube.common.mx_6.12.0.202406281431//db//mcu/
2024-09-09 20:00:51,862 [INFO] ApiDb:274 - Set plugin database path to: /opt/st/stm32cubeide_1.16.0/plugins/com.st.stm32cube.common.mx_6.12.0.202406281431//db//plugins/boardmanager/
2024-09-09 20:00:51,862 [INFO] ApiDb:261 - Set plugin images path to: /opt/st/stm32cubeide_1.16.0/plugins/com.st.stm32cube.common.mx_6.12.0.202406281431//db//plugins/mcufinder/images/
2024-09-09 20:00:51,863 [WARN] DbFile:41 - Overriding database path with different value: /home/leandro/.stmcufinder/plugins/mcufinder/ => /home/leandro/.stmcufinder/plugins/mcufinder
2024-09-09 20:00:51,863 [INFO] ApiDb:250 - Set database path to: /home/leandro/.stmcufinder/plugins/mcufinder//mcu/
2024-09-09 20:00:51,863 [WARN] DbFile:41 - Overriding database path with different value: /home/leandro/.stmcufinder/plugins/mcufinder/ => /home/leandro/.stmcufinder/plugins/mcufinder
2024-09-09 20:00:51,863 [INFO] DbMcusAds:125 - Set database path to: /home/leandro/.stmcufinder/plugins/mcufinder//mcu/
2024-09-09 20:00:51,864 [WARN] DbFile:41 - Overriding database path with different value: /home/leandro/.stmcufinder/plugins/mcufinder/ => /home/leandro/.stmcufinder/plugins/mcufinder
2024-09-09 20:00:51,864 [WARN] DbFile:41 - Overriding database path with different value: /home/leandro/.stmcufinder/plugins/mcufinder/ => /home/leandro/.stmcufinder/plugins/mcufinder
2024-09-09 20:00:51,864 [INFO] CrossReferenceDbSqlite:203 - Set database path to: /home/leandro/.stmcufinder/plugins/mcufinder//mcu/cs/
2024-09-09 20:00:52,255 [INFO] MainPanel:268 - HeapMemory: 268435456
2024-09-09 20:00:52,858 [INFO] DbMcusXml:78 - Set database path to: /opt/st/stm32cubeide_1.16.0/plugins/com.st.stm32cube.common.mx_6.12.0.202406281431//db//mcu/
2024-09-09 20:00:52,858 [INFO] ApiDb:274 - Set plugin database path to: /opt/st/stm32cubeide_1.16.0/plugins/com.st.stm32cube.common.mx_6.12.0.202406281431//db//plugins/boardmanager/
2024-09-09 20:00:52,859 [INFO] ApiDb:261 - Set plugin images path to: /opt/st/stm32cubeide_1.16.0/plugins/com.st.stm32cube.common.mx_6.12.0.202406281431//db//plugins/mcufinder/images/
2024-09-09 20:00:52,859 [WARN] DbFile:41 - Overriding database path with different value: /home/leandro/.stmcufinder/plugins/mcufinder/ => /home/leandro/.stmcufinder/plugins/mcufinder
2024-09-09 20:00:52,860 [INFO] ApiDb:250 - Set database path to: /home/leandro/.stmcufinder/plugins/mcufinder//mcu/
2024-09-09 20:00:52,860 [WARN] DbFile:41 - Overriding database path with different value: /home/leandro/.stmcufinder/plugins/mcufinder/ => /home/leandro/.stmcufinder/plugins/mcufinder
2024-09-09 20:00:52,860 [INFO] DbMcusAds:125 - Set database path to: /home/leandro/.stmcufinder/plugins/mcufinder//mcu/
2024-09-09 20:00:52,861 [WARN] DbFile:41 - Overriding database path with different value: /home/leandro/.stmcufinder/plugins/mcufinder/ => /home/leandro/.stmcufinder/plugins/mcufinder
2024-09-09 20:00:52,861 [WARN] DbFile:41 - Overriding database path with different value: /home/leandro/.stmcufinder/plugins/mcufinder/ => /home/leandro/.stmcufinder/plugins/mcufinder
2024-09-09 20:00:52,861 [INFO] CrossReferenceDbSqlite:203 - Set database path to: /home/leandro/.stmcufinder/plugins/mcufinder//mcu/cs/
2024-09-09 20:00:52,925 [INFO] ApplicationProperties:184 - Using Application install path: /opt/st/stm32cubeide_1.16.0/plugins/com.st.stm32cube.common.mx_6.12.0.202406281431
2024-09-09 20:00:52,928 [INFO] PluginManage:196 - Search for loadable plugins [exclusion list=, ]
2024-09-09 20:00:52,964 [INFO] PluginManage:310 - Check plugin analytics
2024-09-09 20:00:53,482 [INFO] AnalyticsPlugin:253 - Accepted Software Licenses: 
2024-09-09 20:00:53,483 [INFO] AnalyticsPlugin:255 - Accepted CMSIS Pack Licenses: 
2024-09-09 20:00:53,483 [INFO] AnalyticsPlugin:257 - Accepted Firmware Licenses: FW.F4.1.27.0,FW.F4.1.28.0
2024-09-09 20:00:53,487 [INFO] PluginManage:359 - Loaded plugin analytics (category:tool,tabindex:-1)
2024-09-09 20:00:53,488 [INFO] PluginManage:310 - Check plugin cadmodel
2024-09-09 20:00:53,713 [INFO] CADModel:105 - Init CAD model plugin
2024-09-09 20:00:53,713 [INFO] PluginManage:359 - Loaded plugin cadmodel (category:power,tabindex:5)
2024-09-09 20:00:53,714 [INFO] PluginManage:310 - Check plugin clock
2024-09-09 20:00:53,940 [INFO] PluginManage:359 - Loaded plugin clock (category:base,tabindex:2)
2024-09-09 20:00:53,940 [INFO] PluginManage:310 - Check plugin ddr
2024-09-09 20:00:54,027 [INFO] PluginManage:359 - Loaded plugin ddr (category:tool,tabindex:6)
2024-09-09 20:00:54,027 [INFO] PluginManage:310 - Check plugin filemanager
2024-09-09 20:00:55,016 [INFO] PluginManage:359 - Loaded plugin filemanager (category:base,tabindex:10)
2024-09-09 20:00:55,016 [INFO] PluginManage:310 - Check plugin ipmanager
2024-09-09 20:00:55,070 [INFO] PluginManage:359 - Loaded plugin ipmanager (category:base,tabindex:5)
2024-09-09 20:00:55,070 [INFO] PluginManage:310 - Check plugin lpbam
2024-09-09 20:00:55,198 [INFO] PluginManage:359 - Loaded plugin lpbam (category:base,tabindex:0)
2024-09-09 20:00:55,198 [INFO] PluginManage:310 - Check plugin memorymap
2024-09-09 20:00:55,420 [INFO] PluginManage:359 - Loaded plugin memorymap (category:base,tabindex:4)
2024-09-09 20:00:55,421 [INFO] PluginManage:310 - Check plugin pinoutandconfiguration
2024-09-09 20:00:55,514 [INFO] PluginManage:359 - Loaded plugin pinoutandconfiguration (category:base,tabindex:1)
2024-09-09 20:00:55,515 [INFO] PluginManage:310 - Check plugin pinoutconfig
2024-09-09 20:00:55,852 [WARN] SupportedApi:132 - Cannot load RTOS API schema: s4s-elt-must-match.1: The content of 'definitions' must match (annotation?, (simpleType | complexType)?, (unique | key | keyref)*)). A problem was found starting at: attribute.
2024-09-09 20:00:56,248 [INFO] PluginManage:359 - Loaded plugin pinoutconfig (category:base,tabindex:0)
2024-09-09 20:00:56,248 [INFO] PluginManage:310 - Check plugin power
2024-09-09 20:00:56,349 [INFO] PluginManage:359 - Loaded plugin power (category:power,tabindex:4)
2024-09-09 20:00:56,349 [INFO] PluginManage:310 - Check plugin projectmanager
2024-09-09 20:00:56,402 [INFO] PluginManage:359 - Loaded plugin projectmanager (category:projectmanager,tabindex:4)
2024-09-09 20:00:56,403 [INFO] PluginManage:310 - Check plugin rif
2024-09-09 20:00:56,464 [INFO] PluginManage:359 - Loaded plugin rif (category:base,tabindex:3)
2024-09-09 20:00:56,465 [INFO] PluginManage:310 - Check plugin thirdparty
2024-09-09 20:00:56,853 [WARN] IntegrityCheckThread:84 - waiting for thirdparty lock release [integrity check]
2024-09-09 20:00:56,853 [INFO] PluginManage:359 - Loaded plugin thirdparty (category:base,tabindex:-1)
2024-09-09 20:00:56,853 [INFO] IntegrityCheckThread:86 - entering critical section [integrity check]
2024-09-09 20:00:56,853 [INFO] PluginManage:310 - Check plugin tools
2024-09-09 20:00:56,854 [INFO] ThirdPartyUpdaterWithRetryManager:70 - Updater plugin not ready yet. [1/15]
2024-09-09 20:00:56,874 [INFO] PluginManage:359 - Loaded plugin tools (category:base,tabindex:7)
2024-09-09 20:00:56,874 [INFO] PluginManage:310 - Check plugin tutovideos
2024-09-09 20:00:57,147 [INFO] PluginManage:359 - Loaded plugin tutovideos (category:base,tabindex:-1)
2024-09-09 20:00:57,148 [INFO] PluginManage:310 - Check plugin updater
2024-09-09 20:00:57,204 [INFO] PluginManage:359 - Loaded plugin updater (category:base,tabindex:12)
2024-09-09 20:00:57,204 [INFO] PluginManage:310 - Check plugin userauth
2024-09-09 20:00:57,248 [INFO] UserAuth:113 - Init User Auth plugin
2024-09-09 20:00:57,249 [INFO] PluginManage:359 - Loaded plugin userauth (category:base,tabindex:14)
2024-09-09 20:00:57,250 [INFO] PluginManage:283 - PluginManage : Loaded plugins [18]
2024-09-09 20:00:57,979 [INFO] PinOutPanel:1561 - setPackage(No Configuration,No Configuration)
2024-09-09 20:00:58,327 [INFO] CADModel:165 - CPN selected for project level
2024-09-09 20:00:58,328 [INFO] CADModel:114 - Register for checkConnection events
2024-09-09 20:00:58,447 [INFO] IPUIPlugin:80 - create IPUIPlugin
2024-09-09 20:00:58,447 [INFO] PluginManager:220 - loadIPPluginJar : add ddr_ctrl_phy
2024-09-09 20:00:58,468 [INFO] IPUIPlugin:80 - create IPUIPlugin
2024-09-09 20:00:58,468 [INFO] PluginManager:220 - loadIPPluginJar : add tim
2024-09-09 20:00:58,480 [INFO] IPUIPlugin:80 - create IPUIPlugin
2024-09-09 20:00:58,480 [INFO] PluginManager:220 - loadIPPluginJar : add openamp
2024-09-09 20:00:58,486 [INFO] IPUIPlugin:80 - create IPUIPlugin
2024-09-09 20:00:58,486 [INFO] PluginManager:220 - loadIPPluginJar : add pdm2pcm
2024-09-09 20:00:58,530 [INFO] IPUIPlugin:80 - create IPUIPlugin
2024-09-09 20:00:58,530 [INFO] PluginManager:220 - loadIPPluginJar : add resmgrutility
2024-09-09 20:00:58,575 [INFO] IPUIPlugin:80 - create IPUIPlugin
2024-09-09 20:00:58,576 [INFO] PluginManager:220 - loadIPPluginJar : add mdma
2024-09-09 20:00:58,581 [INFO] IPUIPlugin:80 - create IPUIPlugin
2024-09-09 20:00:58,581 [INFO] PluginManager:220 - loadIPPluginJar : add tsc
2024-09-09 20:00:58,594 [INFO] IPUIPlugin:80 - create IPUIPlugin
2024-09-09 20:00:58,594 [INFO] PluginManager:220 - loadIPPluginJar : add genericplugin
2024-09-09 20:00:58,598 [INFO] IPUIPlugin:80 - create IPUIPlugin
2024-09-09 20:00:58,622 [INFO] PluginManager:220 - loadIPPluginJar : add radio
2024-09-09 20:00:58,637 [INFO] IPUIPlugin:80 - create IPUIPlugin
2024-09-09 20:00:58,637 [INFO] PluginManager:220 - loadIPPluginJar : add comp
2024-09-09 20:00:58,641 [INFO] IPUIPlugin:80 - create IPUIPlugin
2024-09-09 20:00:58,642 [INFO] PluginManager:220 - loadIPPluginJar : add quadspi
2024-09-09 20:00:58,648 [INFO] IPUIPlugin:80 - create IPUIPlugin
2024-09-09 20:00:58,649 [INFO] PluginManager:220 - loadIPPluginJar : add extmemmanager
2024-09-09 20:00:58,654 [INFO] IPUIPlugin:80 - create IPUIPlugin
2024-09-09 20:00:58,654 [INFO] PluginManager:220 - loadIPPluginJar : add hash
2024-09-09 20:00:58,662 [INFO] IPUIPlugin:80 - create IPUIPlugin
2024-09-09 20:00:58,662 [INFO] PluginManager:220 - loadIPPluginJar : add sai
2024-09-09 20:00:58,670 [INFO] IPUIPlugin:80 - create IPUIPlugin
2024-09-09 20:00:58,671 [INFO] PluginManager:220 - loadIPPluginJar : add touchsensing
2024-09-09 20:00:58,676 [INFO] IPUIPlugin:80 - create IPUIPlugin
2024-09-09 20:00:58,676 [INFO] PluginManager:220 - loadIPPluginJar : add gfxmmu
2024-09-09 20:00:58,683 [INFO] IPUIPlugin:80 - create IPUIPlugin
2024-09-09 20:00:58,683 [INFO] PluginManager:220 - loadIPPluginJar : add i2c
2024-09-09 20:00:58,704 [INFO] IPUIPlugin:80 - create IPUIPlugin
2024-09-09 20:00:58,704 [INFO] PluginManager:220 - loadIPPluginJar : add adc
2024-09-09 20:00:58,729 [INFO] IPUIPlugin:80 - create IPUIPlugin
2024-09-09 20:00:58,729 [INFO] PluginManager:220 - loadIPPluginJar : add gpio
2024-09-09 20:00:58,738 [INFO] IPUIPlugin:80 - create IPUIPlugin
2024-09-09 20:00:58,738 [INFO] PluginManager:220 - loadIPPluginJar : add fmc
2024-09-09 20:00:58,743 [INFO] IPUIPlugin:80 - create IPUIPlugin
2024-09-09 20:00:58,744 [INFO] PluginManager:220 - loadIPPluginJar : add can
2024-09-09 20:00:58,749 [INFO] IPUIPlugin:80 - create IPUIPlugin
2024-09-09 20:00:58,750 [INFO] PluginManager:220 - loadIPPluginJar : add gtzc
2024-09-09 20:00:58,754 [INFO] IPUIPlugin:80 - create IPUIPlugin
2024-09-09 20:00:58,755 [INFO] PluginManager:220 - loadIPPluginJar : add aes
2024-09-09 20:00:58,761 [INFO] IPUIPlugin:80 - create IPUIPlugin
2024-09-09 20:00:58,761 [INFO] PluginManager:220 - loadIPPluginJar : add usart
2024-09-09 20:00:58,765 [INFO] IPUIPlugin:80 - create IPUIPlugin
2024-09-09 20:00:58,766 [INFO] PluginManager:220 - loadIPPluginJar : add ts
2024-09-09 20:00:58,768 [INFO] IPUIPlugin:80 - create IPUIPlugin
2024-09-09 20:00:58,769 [INFO] PluginManager:220 - loadIPPluginJar : add ltdc
2024-09-09 20:00:58,773 [INFO] IPUIPlugin:80 - create IPUIPlugin
2024-09-09 20:00:58,773 [INFO] PluginManager:220 - loadIPPluginJar : add tracer_emb
2024-09-09 20:00:58,778 [INFO] IPUIPlugin:80 - create IPUIPlugin
2024-09-09 20:00:58,779 [INFO] PluginManager:220 - loadIPPluginJar : add i3c
2024-09-09 20:00:58,783 [INFO] IPUIPlugin:80 - create IPUIPlugin
2024-09-09 20:00:58,784 [INFO] PluginManager:220 - loadIPPluginJar : add lorawan
2024-09-09 20:00:58,793 [INFO] IPUIPlugin:80 - create IPUIPlugin
2024-09-09 20:00:58,794 [INFO] PluginManager:220 - loadIPPluginJar : add stm32_wpan
2024-09-09 20:00:58,812 [INFO] IPUIPlugin:80 - create IPUIPlugin
2024-09-09 20:00:58,818 [INFO] PluginManager:220 - loadIPPluginJar : add plateformsettings
2024-09-09 20:00:58,845 [INFO] IPUIPlugin:80 - create IPUIPlugin
2024-09-09 20:00:58,845 [INFO] PluginManager:220 - loadIPPluginJar : add linkedlist
2024-09-09 20:00:58,852 [INFO] IPUIPlugin:80 - create IPUIPlugin
2024-09-09 20:00:58,852 [INFO] PluginManager:220 - loadIPPluginJar : add gic
2024-09-09 20:00:58,865 [INFO] IPUIPlugin:80 - create IPUIPlugin
2024-09-09 20:00:58,865 [INFO] PluginManager:220 - loadIPPluginJar : add ipddr
2024-09-09 20:00:58,868 [INFO] IPUIPlugin:80 - create IPUIPlugin
2024-09-09 20:00:58,868 [INFO] PluginManager:220 - loadIPPluginJar : add dfsdm
2024-09-09 20:00:58,870 [INFO] IPUIPlugin:80 - create IPUIPlugin
2024-09-09 20:00:58,870 [INFO] PluginManager:220 - loadIPPluginJar : add ucpd
2024-09-09 20:00:58,873 [INFO] IPUIPlugin:80 - create IPUIPlugin
2024-09-09 20:00:58,873 [INFO] PluginManager:220 - loadIPPluginJar : add opamp
2024-09-09 20:00:58,876 [INFO] IPUIPlugin:80 - create IPUIPlugin
2024-09-09 20:00:58,876 [INFO] PluginManager:220 - loadIPPluginJar : add i2s
2024-09-09 20:00:58,913 [INFO] IPUIPlugin:80 - create IPUIPlugin
2024-09-09 20:00:58,914 [INFO] PluginManager:220 - loadIPPluginJar : add freertos
2024-09-09 20:00:58,945 [INFO] IPUIPlugin:80 - create IPUIPlugin
2024-09-09 20:00:58,945 [INFO] PluginManager:220 - loadIPPluginJar : add nvic
2024-09-09 20:00:58,948 [INFO] IPUIPlugin:80 - create IPUIPlugin
2024-09-09 20:00:58,948 [INFO] PluginManager:220 - loadIPPluginJar : add usbx
2024-09-09 20:00:58,950 [INFO] IPUIPlugin:80 - create IPUIPlugin
2024-09-09 20:00:58,950 [INFO] PluginManager:220 - loadIPPluginJar : add dma3
2024-09-09 20:00:58,952 [INFO] IPUIPlugin:80 - create IPUIPlugin
2024-09-09 20:00:58,952 [INFO] PluginManager:220 - loadIPPluginJar : add spi
2024-09-09 20:00:58,954 [INFO] IPUIPlugin:80 - create IPUIPlugin
2024-09-09 20:00:58,955 [INFO] PluginManager:220 - loadIPPluginJar : add cryp
2024-09-09 20:00:58,988 [INFO] IPUIPlugin:80 - create IPUIPlugin
2024-09-09 20:00:58,988 [INFO] PluginManager:220 - loadIPPluginJar : add dma
2024-09-09 20:00:58,989 [INFO] IPUIPlugin:80 - create IPUIPlugin
2024-09-09 20:00:58,990 [INFO] PluginManager:220 - loadIPPluginJar : add fatfs
2024-09-09 20:00:59,254 [INFO] CADModel:165 - CPN selected for project level
2024-09-09 20:00:59,255 [INFO] CADModel:114 - Register for checkConnection events
2024-09-09 20:00:59,255 [FATAL] Updater:334 - Updater called before beeing initialized
2024-09-09 20:00:59,256 [ERROR] CADModel:125 - Updater not yet initialized, retry later 
2024-09-09 20:00:59,668 [INFO] CADModel:165 - CPN selected for project level
2024-09-09 20:00:59,668 [INFO] CADModel:114 - Register for checkConnection events
2024-09-09 20:00:59,668 [FATAL] Updater:334 - Updater called before beeing initialized
2024-09-09 20:00:59,668 [ERROR] CADModel:125 - Updater not yet initialized, retry later 
2024-09-09 20:00:59,673 [FATAL] Updater:334 - Updater called before beeing initialized
2024-09-09 20:00:59,837 [FATAL] Updater:334 - Updater called before beeing initialized
2024-09-09 20:00:59,849 [INFO] DbMcusAds:53 - JSON generation date=Thu May 16 06:22:00 BRT 2024 (1715851320667)
2024-09-09 20:00:59,850 [FATAL] Updater:334 - Updater called before beeing initialized
2024-09-09 20:00:59,854 [INFO] ThirdPartyUpdaterWithRetryManager:70 - Updater plugin not ready yet. [2/15]
2024-09-09 20:00:59,996 [WARN] DetailPanel:346 - Failed to get advertising image, set to default
2024-09-09 20:01:00,105 [FATAL] Updater:334 - Updater called before beeing initialized
2024-09-09 20:01:00,127 [FATAL] Updater:334 - Updater called before beeing initialized
2024-09-09 20:01:00,127 [FATAL] Updater:334 - Updater called before beeing initialized
2024-09-09 20:01:00,127 [WARN] DetailPanel:346 - Failed to get advertising image, set to default
2024-09-09 20:01:00,128 [FATAL] Updater:334 - Updater called before beeing initialized
2024-09-09 20:01:00,212 [ERROR] Updater:1164 - MainUpdater not yet initialized. External WinMGr cannot be set.
2024-09-09 20:01:00,231 [INFO] Updater:1100 - Updater Version found : 6.12.0
2024-09-09 20:01:00,270 [INFO] ApplicationProperties:184 - Using Application install path: /opt/st/stm32cubeide_1.16.0/plugins/com.st.stm32cube.common.mx_6.12.0.202406281431
2024-09-09 20:01:00,363 [ERROR] LogOutputStream:75 - [STDERR_REDIRECT] Sep 09, 2024 8:01:00 PM java.util.prefs.FileSystemPreferences$2 run
2024-09-09 20:01:00,364 [ERROR] LogOutputStream:75 - [STDERR_REDIRECT] WARNING: Could not create system preferences directory. System preferences are unusable.
2024-09-09 20:01:00,365 [ERROR] LogOutputStream:75 - [STDERR_REDIRECT] 
2024-09-09 20:01:01,485 [INFO] MainUpdater:2873 - connection check result : 10
2024-09-09 20:01:01,486 [INFO] MainUpdater:290 - Updater Check For Update Now.
2024-09-09 20:01:01,487 [INFO] MicroXplorer:498 - Change Database Version : DB.6.0.120
2024-09-09 20:01:01,841 [INFO] CheckServerUpdateThread:120 - End of CheckServer Thread
2024-09-09 20:01:02,020 [INFO] MainUpdater:2873 - connection check result : 10
2024-09-09 20:01:02,021 [INFO] MainUpdater:2873 - connection check result : 10
2024-09-09 20:01:03,163 [WARN] PackLoader:240 - Cannot read IP mode file for STMicroelectronics.FP-SNS-MOTENVWB1.1.4.0
2024-09-09 20:01:03,190 [WARN] PackLoader:240 - Cannot read IP mode file for STMicroelectronics.X-CUBE-SMBUS.2.1.0
2024-09-09 20:01:03,265 [WARN] PackLoader:240 - Cannot read IP mode file for STMicroelectronics.X-CUBE-AZRTOS-F7.1.1.0
2024-09-09 20:01:03,410 [WARN] PackLoader:240 - Cannot read IP mode file for STMicroelectronics.X-CUBE-MEMS1.11.0.0
2024-09-09 20:01:03,845 [WARN] PackLoader:240 - Cannot read IP mode file for STMicroelectronics.FP-SNS-FLIGHT1.5.0.2
2024-09-09 20:01:03,872 [WARN] PackLoader:240 - Cannot read IP mode file for STMicroelectronics.X-CUBE-DISPLAY.3.0.0
2024-09-09 20:01:03,894 [WARN] PackLoader:240 - Cannot read IP mode file for STMicroelectronics.X-CUBE-BLE1.7.0.0
2024-09-09 20:01:03,915 [WARN] PackLoader:240 - Cannot read IP mode file for emotas.I-CUBE-CANOPEN.1.3.0
2024-09-09 20:01:03,941 [WARN] PackLoader:240 - Cannot read IP mode file for STMicroelectronics.X-CUBE-BLEMGR.3.1.0
2024-09-09 20:01:03,951 [WARN] PackLoader:240 - Cannot read IP mode file for STMicroelectronics.FP-SNS-SMARTAG2.1.2.0
2024-09-09 20:01:03,975 [INFO] LogOutputStream:77 - [STDOUT_REDIRECT] 1 : Invalid condition id : UX_CORESTACK_Condition cause : null
2024-09-09 20:01:03,976 [INFO] LogOutputStream:77 - [STDOUT_REDIRECT] 1 : Invalid condition id : UX_CORESTACK_Condition cause : null
2024-09-09 20:01:03,976 [INFO] LogOutputStream:77 - [STDOUT_REDIRECT] 1 : Invalid condition id : UX_CORESTACK_Condition cause : null
2024-09-09 20:01:03,977 [INFO] LogOutputStream:77 - [STDOUT_REDIRECT] 1 : Invalid condition id : UX_CORESTACK_Condition cause : null
2024-09-09 20:01:03,977 [INFO] LogOutputStream:77 - [STDOUT_REDIRECT] 1 : Invalid condition id : UX_CORESTACK_Condition cause : null
2024-09-09 20:01:03,983 [WARN] PackLoader:240 - Cannot read IP mode file for STMicroelectronics.X-CUBE-AZRTOS-WL.2.0.0
2024-09-09 20:01:04,003 [WARN] PackLoader:240 - Cannot read IP mode file for STMicroelectronics.FP-SNS-MOTENV1.5.0.0
2024-09-09 20:01:04,021 [WARN] PackLoader:240 - Cannot read IP mode file for wolfSSL.I-CUBE-wolfMQTT.1.19.0
2024-09-09 20:01:04,029 [WARN] PackLoader:240 - Cannot read IP mode file for WES.I-CUBE-Cesium.1.3.0
2024-09-09 20:01:04,034 [WARN] PackLoader:240 - Cannot read IP mode file for STMicroelectronics.X-CUBE-BLE2.3.3.0
2024-09-09 20:01:04,099 [WARN] PackLoader:240 - Cannot read IP mode file for STMicroelectronics.X-CUBE-TCPP.4.1.0
2024-09-09 20:01:04,142 [WARN] PackLoader:240 - Cannot read IP mode file for STMicroelectronics.X-CUBE-AZRTOS-G0.1.1.0
2024-09-09 20:01:04,168 [WARN] PackLoader:240 - Cannot read IP mode file for STMicroelectronics.X-CUBE-SAFEA1.1.2.2
2024-09-09 20:01:04,179 [WARN] PackLoader:240 - Cannot read IP mode file for STMicroelectronics.X-CUBE-NFC4.3.0.0
2024-09-09 20:01:04,203 [WARN] PackLoader:240 - Cannot read IP mode file for EmbeddedOffice.I-CUBE-FS-RTOS.1.0.1
2024-09-09 20:01:04,204 [ERROR] ConditionMgr:805 - Attr not supported : Dmpu
2024-09-09 20:01:04,204 [ERROR] ConditionMgr:805 - Attr not supported : Dmpu
2024-09-09 20:01:04,204 [ERROR] ConditionMgr:805 - Attr not supported : Dmpu
2024-09-09 20:01:04,204 [ERROR] ConditionMgr:805 - Attr not supported : Dmpu
2024-09-09 20:01:04,204 [ERROR] ConditionMgr:805 - Attr not supported : Dmpu
2024-09-09 20:01:04,205 [ERROR] ConditionMgr:805 - Attr not supported : Dmpu
2024-09-09 20:01:04,205 [ERROR] ConditionMgr:805 - Attr not supported : Dmpu
2024-09-09 20:01:04,205 [ERROR] ConditionMgr:805 - Attr not supported : Dmpu
2024-09-09 20:01:04,205 [ERROR] ConditionMgr:805 - Attr not supported : Dmpu
2024-09-09 20:01:04,205 [ERROR] ConditionMgr:805 - Attr not supported : Dmpu
2024-09-09 20:01:04,205 [ERROR] ConditionMgr:805 - Attr not supported : Dmpu
2024-09-09 20:01:04,205 [ERROR] ConditionMgr:805 - Attr not supported : Dmpu
2024-09-09 20:01:04,206 [ERROR] ConditionMgr:805 - Attr not supported : Dmpu
2024-09-09 20:01:04,206 [ERROR] ConditionMgr:805 - Attr not supported : Dmpu
2024-09-09 20:01:04,206 [ERROR] ConditionMgr:805 - Attr not supported : Dmpu
2024-09-09 20:01:04,206 [ERROR] ConditionMgr:805 - Attr not supported : Dmpu
2024-09-09 20:01:04,206 [ERROR] ConditionMgr:805 - Attr not supported : Dmpu
2024-09-09 20:01:04,206 [ERROR] ConditionMgr:805 - Attr not supported : Dmpu
2024-09-09 20:01:04,206 [ERROR] ConditionMgr:805 - Attr not supported : Dmpu
2024-09-09 20:01:04,206 [ERROR] ConditionMgr:805 - Attr not supported : Dmpu
2024-09-09 20:01:04,207 [ERROR] ConditionMgr:805 - Attr not supported : Dmpu
2024-09-09 20:01:04,207 [ERROR] ConditionMgr:805 - Attr not supported : Dmpu
2024-09-09 20:01:04,207 [ERROR] ConditionMgr:805 - Attr not supported : Dmpu
2024-09-09 20:01:04,207 [ERROR] ConditionMgr:805 - Attr not supported : Dmpu
2024-09-09 20:01:04,207 [ERROR] ConditionMgr:805 - Attr not supported : Dmpu
2024-09-09 20:01:04,207 [ERROR] ConditionMgr:805 - Attr not supported : Dmpu
2024-09-09 20:01:04,207 [ERROR] ConditionMgr:805 - Attr not supported : Dmpu
2024-09-09 20:01:04,208 [ERROR] ConditionMgr:805 - Attr not supported : Dmpu
2024-09-09 20:01:04,208 [ERROR] ConditionMgr:805 - Attr not supported : Dmpu
2024-09-09 20:01:04,208 [ERROR] ConditionMgr:805 - Attr not supported : Dmpu
2024-09-09 20:01:04,208 [ERROR] ConditionMgr:805 - Attr not supported : Dmpu
2024-09-09 20:01:04,208 [ERROR] ConditionMgr:805 - Attr not supported : Dmpu
2024-09-09 20:01:04,208 [ERROR] ConditionMgr:805 - Attr not supported : Dmpu
2024-09-09 20:01:04,208 [ERROR] ConditionMgr:805 - Attr not supported : Dmpu
2024-09-09 20:01:04,208 [ERROR] ConditionMgr:805 - Attr not supported : Dmpu
2024-09-09 20:01:04,209 [ERROR] ConditionMgr:805 - Attr not supported : Dmpu
2024-09-09 20:01:04,209 [ERROR] ConditionMgr:805 - Attr not supported : Dmpu
2024-09-09 20:01:04,209 [ERROR] ConditionMgr:805 - Attr not supported : Dmpu
2024-09-09 20:01:04,209 [ERROR] ConditionMgr:805 - Attr not supported : Dmpu
2024-09-09 20:01:04,209 [ERROR] ConditionMgr:805 - Attr not supported : Dmpu
2024-09-09 20:01:04,210 [ERROR] ConditionMgr:805 - Attr not supported : Dmpu
2024-09-09 20:01:04,210 [ERROR] ConditionMgr:805 - Attr not supported : Dmpu
2024-09-09 20:01:04,210 [ERROR] ConditionMgr:805 - Attr not supported : Dmpu
2024-09-09 20:01:04,210 [ERROR] ConditionMgr:805 - Attr not supported : Dmpu
2024-09-09 20:01:04,210 [ERROR] ConditionMgr:805 - Attr not supported : Dmpu
2024-09-09 20:01:04,210 [ERROR] ConditionMgr:805 - Attr not supported : Dmpu
2024-09-09 20:01:04,210 [ERROR] ConditionMgr:805 - Attr not supported : Dmpu
2024-09-09 20:01:04,210 [ERROR] ConditionMgr:805 - Attr not supported : Dmpu
2024-09-09 20:01:04,211 [ERROR] ConditionMgr:805 - Attr not supported : Dmpu
2024-09-09 20:01:04,211 [ERROR] ConditionMgr:805 - Attr not supported : Dmpu
2024-09-09 20:01:04,211 [ERROR] ConditionMgr:805 - Attr not supported : Dmpu
2024-09-09 20:01:04,211 [ERROR] ConditionMgr:805 - Attr not supported : Dmpu
2024-09-09 20:01:04,211 [ERROR] ConditionMgr:805 - Attr not supported : Dmpu
2024-09-09 20:01:04,211 [ERROR] ConditionMgr:805 - Attr not supported : Dmpu
2024-09-09 20:01:04,211 [ERROR] ConditionMgr:805 - Attr not supported : Dmpu
2024-09-09 20:01:04,211 [ERROR] ConditionMgr:805 - Attr not supported : Dmpu
2024-09-09 20:01:04,212 [ERROR] ConditionMgr:805 - Attr not supported : Dmpu
2024-09-09 20:01:04,212 [ERROR] ConditionMgr:805 - Attr not supported : Dmpu
2024-09-09 20:01:04,212 [ERROR] ConditionMgr:805 - Attr not supported : Dmpu
2024-09-09 20:01:04,212 [ERROR] ConditionMgr:805 - Attr not supported : Dmpu
2024-09-09 20:01:04,212 [ERROR] ConditionMgr:805 - Attr not supported : Dmpu
2024-09-09 20:01:04,212 [ERROR] ConditionMgr:805 - Attr not supported : Dmpu
2024-09-09 20:01:04,212 [ERROR] ConditionMgr:805 - Attr not supported : Dmpu
2024-09-09 20:01:04,212 [ERROR] ConditionMgr:805 - Attr not supported : Dmpu
2024-09-09 20:01:04,224 [WARN] PackLoader:240 - Cannot read IP mode file for RealThread.X-CUBE-RT-Thread_Nano.4.1.1
2024-09-09 20:01:04,239 [WARN] PackLoader:240 - Cannot read IP mode file for STMicroelectronics.FP-ATR-SIGFOX1.3.2.0
2024-09-09 20:01:04,262 [WARN] PackLoader:240 - Cannot read IP mode file for wolfSSL.I-CUBE-wolfSSL.5.7.2
2024-09-09 20:01:04,281 [WARN] PackLoader:240 - Cannot read IP mode file for STMicroelectronics.X-CUBE-EEPRMA1.5.1.0
2024-09-09 20:01:04,304 [WARN] PackLoader:240 - Cannot read IP mode file for ITTIA_DB.I-CUBE-ITTIADB.8.9.0
2024-09-09 20:01:04,388 [WARN] PackLoader:240 - Cannot read IP mode file for SEGGER.I-CUBE-embOS.1.3.1
2024-09-09 20:01:04,489 [WARN] PackLoader:240 - Cannot read IP mode file for STMicroelectronics.X-CUBE-ALGOBUILD.1.4.0
2024-09-09 20:01:04,510 [WARN] PackLoader:240 - Cannot read IP mode file for STMicroelectronics.X-CUBE-GNSS1.6.0.0
2024-09-09 20:01:04,553 [WARN] PackLoader:240 - Cannot read IP mode file for STMicroelectronics.X-CUBE-AZRTOS-F4.1.1.0
2024-09-09 20:01:04,578 [WARN] PackLoader:240 - Cannot read IP mode file for STMicroelectronics.X-CUBE-FREERTOS.1.2.0
2024-09-09 20:01:04,616 [WARN] PackLoader:240 - Cannot read IP mode file for STMicroelectronics.X-CUBE-AZRTOS-L5.2.0.0
2024-09-09 20:01:04,648 [WARN] PackLoader:240 - Cannot read IP mode file for STMicroelectronics.X-CUBE-NFC6.3.1.0
2024-09-09 20:01:04,664 [WARN] PackLoader:240 - Cannot read IP mode file for STMicroelectronics.X-CUBE-AI.9.0.0
2024-09-09 20:01:04,673 [WARN] PackLoader:240 - Cannot read IP mode file for STMicroelectronics.X-CUBE-NFC7.1.0.1
2024-09-09 20:01:04,693 [WARN] PackLoader:240 - Cannot read IP mode file for wolfSSL.I-CUBE-wolfTPM.3.2.0
2024-09-09 20:01:04,726 [WARN] ConditionMgr:438 - getConditionDescription Invalid condition id : LAN8742 Phy interface Condition cause : null
2024-09-09 20:01:04,727 [WARN] PackLoader:240 - Cannot read IP mode file for STMicroelectronics.X-CUBE-AZRTOS-L4.2.0.0
2024-09-09 20:01:04,730 [WARN] ConditionMgr:1039 - genDependencies : Invalid condition id : LAN8742 Phy interface Condition cause : null
2024-09-09 20:01:04,730 [WARN] ConditionMgr:1039 - genDependencies : Invalid condition id : LAN8742 Phy interface Condition cause : null
2024-09-09 20:01:04,731 [WARN] ConditionMgr:1039 - genDependencies : Invalid condition id : LAN8742 Phy interface Condition cause : null
2024-09-09 20:01:04,755 [WARN] PackLoader:240 - Cannot read IP mode file for STMicroelectronics.X-CUBE-SFXS2LP1.4.0.0
2024-09-09 20:01:04,821 [WARN] PackLoader:240 - Cannot read IP mode file for STMicroelectronics.X-CUBE-AZRTOS-H7.3.3.0
2024-09-09 20:01:04,861 [WARN] ConditionMgr:438 - getConditionDescription Invalid condition id : UX DEVICE CLASS RTOS Condition cause : null
2024-09-09 20:01:04,861 [WARN] ConditionMgr:438 - getConditionDescription Invalid condition id : UX DEVICE CLASS RTOS Condition cause : null
2024-09-09 20:01:04,865 [WARN] PackLoader:240 - Cannot read IP mode file for STMicroelectronics.X-CUBE-AZRTOS-WB.2.0.0
2024-09-09 20:01:04,866 [WARN] ConditionMgr:1039 - genDependencies : Invalid condition id : UX DEVICE CLASS RTOS Condition cause : null
2024-09-09 20:01:04,866 [WARN] ConditionMgr:1039 - genDependencies : Invalid condition id : UX DEVICE CLASS RTOS Condition cause : null
2024-09-09 20:01:04,867 [WARN] ConditionMgr:1039 - genDependencies : Invalid condition id : UX DEVICE CLASS RTOS Condition cause : null
2024-09-09 20:01:04,867 [WARN] ConditionMgr:1039 - genDependencies : Invalid condition id : UX DEVICE CLASS RTOS Condition cause : null
2024-09-09 20:01:04,868 [WARN] ConditionMgr:1039 - genDependencies : Invalid condition id : UX DEVICE CLASS RTOS Condition cause : null
2024-09-09 20:01:04,896 [WARN] PackLoader:240 - Cannot read IP mode file for STMicroelectronics.X-CUBE-SUBG2.5.0.0
2024-09-09 20:01:04,912 [WARN] PackLoader:240 - Cannot read IP mode file for Cesanta.I-CUBE-Mongoose.7.13.0
2024-09-09 20:01:04,945 [WARN] PackLoader:240 - Cannot read IP mode file for STMicroelectronics.X-CUBE-AZRTOS-G4.2.0.0
2024-09-09 20:01:04,968 [WARN] PackLoader:240 - Cannot read IP mode file for STMicroelectronics.X-CUBE-ISPU.2.0.0
2024-09-09 20:01:04,984 [WARN] PackLoader:240 - Cannot read IP mode file for STMicroelectronics.X-CUBE-ALS.1.0.2
2024-09-09 20:01:05,069 [WARN] PackLoader:240 - Cannot read IP mode file for STMicroelectronics.X-CUBE-MEMS1.10.0.0
2024-09-09 20:01:05,269 [WARN] PackLoader:240 - Cannot read IP mode file for STMicroelectronics.X-CUBE-TOUCHGFX.4.24.0
2024-09-09 20:01:05,288 [WARN] PackLoader:240 - Cannot read IP mode file for portGmbH.I-Cube-SoM-uGOAL.1.1.0
2024-09-09 20:01:05,327 [WARN] PackLoader:240 - Cannot read IP mode file for STMicroelectronics.X-CUBE-AZRTOS-H7RS.1.0.0
2024-09-09 20:01:05,358 [WARN] PackLoader:240 - Cannot read IP mode file for STMicroelectronics.FP-ATR-ASTRA1.2.0.0
2024-09-09 20:01:05,382 [WARN] PackLoader:240 - Cannot read IP mode file for STMicroelectronics.X-CUBE-TOF1.3.4.2
2024-09-09 20:01:05,438 [WARN] PackLoader:240 - Cannot read IP mode file for Infineon.AIROC-Wi-Fi-Bluetooth-STM32.1.6.1
2024-09-09 20:01:05,458 [WARN] PackLoader:240 - Cannot read IP mode file for wolfSSL.I-CUBE-wolfSSH.1.4.17
2024-09-09 20:01:05,459 [INFO] ThirdParty:978 - Integrity check success = true
2024-09-09 20:01:05,459 [INFO] IntegrityCheckThread:100 - exiting critical section [integrity check]
2024-09-09 20:01:05,459 [INFO] IntegrityCheckThread:103 - End integrity checks thread
2024-09-09 20:01:20,660 [ERROR] LogOutputStream:75 - [STDERR_REDIRECT] Sep 09, 2024 8:01:20 PM java.util.prefs.FileSystemPreferences checkLockFile0ErrorCode
2024-09-09 20:01:20,662 [ERROR] LogOutputStream:75 - [STDERR_REDIRECT] WARNING: Could not lock System prefs. Unix error code 2.
2024-09-09 20:01:20,663 [ERROR] LogOutputStream:75 - [STDERR_REDIRECT] 
2024-09-09 20:01:20,665 [ERROR] LogOutputStream:75 - [STDERR_REDIRECT] Sep 09, 2024 8:01:20 PM java.util.prefs.FileSystemPreferences syncWorld
2024-09-09 20:01:20,666 [ERROR] LogOutputStream:75 - [STDERR_REDIRECT] WARNING: Couldn't flush system prefs: java.util.prefs.BackingStoreException: Couldn't get file lock.
2024-09-09 20:01:20,667 [ERROR] LogOutputStream:75 - [STDERR_REDIRECT] 
2024-09-09 20:01:50,602 [ERROR] LogOutputStream:75 - [STDERR_REDIRECT] Sep 09, 2024 8:01:50 PM java.util.prefs.FileSystemPreferences checkLockFile0ErrorCode
2024-09-09 20:01:50,603 [ERROR] LogOutputStream:75 - [STDERR_REDIRECT] WARNING: Could not lock System prefs. Unix error code 2.
2024-09-09 20:01:50,604 [ERROR] LogOutputStream:75 - [STDERR_REDIRECT] 
2024-09-09 20:01:50,605 [ERROR] LogOutputStream:75 - [STDERR_REDIRECT] Sep 09, 2024 8:01:50 PM java.util.prefs.FileSystemPreferences syncWorld
2024-09-09 20:01:50,606 [ERROR] LogOutputStream:75 - [STDERR_REDIRECT] WARNING: Couldn't flush system prefs: java.util.prefs.BackingStoreException: Couldn't get file lock.
2024-09-09 20:01:50,606 [ERROR] LogOutputStream:75 - [STDERR_REDIRECT] 
2024-09-09 20:02:20,602 [ERROR] LogOutputStream:75 - [STDERR_REDIRECT] Sep 09, 2024 8:02:20 PM java.util.prefs.FileSystemPreferences checkLockFile0ErrorCode
2024-09-09 20:02:20,603 [ERROR] LogOutputStream:75 - [STDERR_REDIRECT] WARNING: Could not lock System prefs. Unix error code 2.
2024-09-09 20:02:20,604 [ERROR] LogOutputStream:75 - [STDERR_REDIRECT] 
2024-09-09 20:02:20,605 [ERROR] LogOutputStream:75 - [STDERR_REDIRECT] Sep 09, 2024 8:02:20 PM java.util.prefs.FileSystemPreferences syncWorld
2024-09-09 20:02:20,606 [ERROR] LogOutputStream:75 - [STDERR_REDIRECT] WARNING: Couldn't flush system prefs: java.util.prefs.BackingStoreException: Couldn't get file lock.
2024-09-09 20:02:20,606 [ERROR] LogOutputStream:75 - [STDERR_REDIRECT] 
2024-09-09 20:02:50,601 [ERROR] LogOutputStream:75 - [STDERR_REDIRECT] Sep 09, 2024 8:02:50 PM java.util.prefs.FileSystemPreferences checkLockFile0ErrorCode
2024-09-09 20:02:50,601 [ERROR] LogOutputStream:75 - [STDERR_REDIRECT] WARNING: Could not lock System prefs. Unix error code 2.
2024-09-09 20:02:50,601 [ERROR] LogOutputStream:75 - [STDERR_REDIRECT] 
2024-09-09 20:02:50,602 [ERROR] LogOutputStream:75 - [STDERR_REDIRECT] Sep 09, 2024 8:02:50 PM java.util.prefs.FileSystemPreferences syncWorld
2024-09-09 20:02:50,602 [ERROR] LogOutputStream:75 - [STDERR_REDIRECT] WARNING: Couldn't flush system prefs: java.util.prefs.BackingStoreException: Couldn't get file lock.
2024-09-09 20:02:50,602 [ERROR] LogOutputStream:75 - [STDERR_REDIRECT] 
2024-09-09 20:03:20,602 [ERROR] LogOutputStream:75 - [STDERR_REDIRECT] Sep 09, 2024 8:03:20 PM java.util.prefs.FileSystemPreferences checkLockFile0ErrorCode
2024-09-09 20:03:20,602 [ERROR] LogOutputStream:75 - [STDERR_REDIRECT] WARNING: Could not lock System prefs. Unix error code 2.
2024-09-09 20:03:20,603 [ERROR] LogOutputStream:75 - [STDERR_REDIRECT] 
2024-09-09 20:03:20,605 [ERROR] LogOutputStream:75 - [STDERR_REDIRECT] Sep 09, 2024 8:03:20 PM java.util.prefs.FileSystemPreferences syncWorld
2024-09-09 20:03:20,606 [ERROR] LogOutputStream:75 - [STDERR_REDIRECT] WARNING: Couldn't flush system prefs: java.util.prefs.BackingStoreException: Couldn't get file lock.
2024-09-09 20:03:20,606 [ERROR] LogOutputStream:75 - [STDERR_REDIRECT] 
2024-09-09 20:03:53,277 [INFO] Activator:176 - 


2024-09-09 20:03:53,280 [INFO] Activator:177 - !SESSION log4j initialized
2024-09-09 20:03:56,562 [INFO] ApplicationProperties:184 - Using Application install path: /opt/st/stm32cubeide_1.16.0/plugins/com.st.stm32cube.common.mx_6.12.0.202406281431
2024-09-09 20:03:56,582 [INFO] DbMcusXml:78 - Set database path to: /opt/st/stm32cubeide_1.16.0/plugins/com.st.stm32cube.common.mx_6.12.0.202406281431//db//mcu/
2024-09-09 20:03:56,583 [INFO] ApiDb:274 - Set plugin database path to: /opt/st/stm32cubeide_1.16.0/plugins/com.st.stm32cube.common.mx_6.12.0.202406281431//db//plugins/boardmanager/
2024-09-09 20:03:56,584 [WARN] ApiDb:259 - Overriding images path with different value:  => /opt/st/stm32cubeide_1.16.0/plugins/com.st.stm32cube.common.mx_6.12.0.202406281431//db//plugins/mcufinder/images/
2024-09-09 20:03:56,589 [INFO] ApiDb:250 - Set database path to: /home/leandro/.stmcufinder/plugins/mcufinder//mcu/
2024-09-09 20:03:56,590 [INFO] DbMcusAds:125 - Set database path to: /home/leandro/.stmcufinder/plugins/mcufinder//mcu/
2024-09-09 20:03:56,630 [INFO] CrossReferenceDbSqlite:203 - Set database path to: /home/leandro/.stmcufinder/plugins/mcufinder//mcu/cs/
2024-09-09 20:03:56,783 [INFO] RulesReader:64 - Compatibility file has been processed (297 Rules)
2024-09-09 20:03:56,858 [INFO] DbMcusXml:78 - Set database path to: /opt/st/stm32cubeide_1.16.0/plugins/com.st.stm32cube.common.mx_6.12.0.202406281431//db//mcu/
2024-09-09 20:03:56,858 [INFO] ApiDb:274 - Set plugin database path to: /opt/st/stm32cubeide_1.16.0/plugins/com.st.stm32cube.common.mx_6.12.0.202406281431//db//plugins/boardmanager/
2024-09-09 20:03:56,858 [INFO] ApiDb:261 - Set plugin images path to: /opt/st/stm32cubeide_1.16.0/plugins/com.st.stm32cube.common.mx_6.12.0.202406281431//db//plugins/mcufinder/images/
2024-09-09 20:03:56,859 [WARN] DbFile:41 - Overriding database path with different value: /home/leandro/.stmcufinder/plugins/mcufinder/ => /home/leandro/.stmcufinder/plugins/mcufinder
2024-09-09 20:03:56,859 [INFO] ApiDb:250 - Set database path to: /home/leandro/.stmcufinder/plugins/mcufinder//mcu/
2024-09-09 20:03:56,859 [WARN] DbFile:41 - Overriding database path with different value: /home/leandro/.stmcufinder/plugins/mcufinder/ => /home/leandro/.stmcufinder/plugins/mcufinder
2024-09-09 20:03:56,859 [INFO] DbMcusAds:125 - Set database path to: /home/leandro/.stmcufinder/plugins/mcufinder//mcu/
2024-09-09 20:03:56,859 [WARN] DbFile:41 - Overriding database path with different value: /home/leandro/.stmcufinder/plugins/mcufinder/ => /home/leandro/.stmcufinder/plugins/mcufinder
2024-09-09 20:03:56,859 [WARN] DbFile:41 - Overriding database path with different value: /home/leandro/.stmcufinder/plugins/mcufinder/ => /home/leandro/.stmcufinder/plugins/mcufinder
2024-09-09 20:03:56,860 [INFO] CrossReferenceDbSqlite:203 - Set database path to: /home/leandro/.stmcufinder/plugins/mcufinder//mcu/cs/
2024-09-09 20:03:56,958 [INFO] MainPanel:268 - HeapMemory: 268435456
2024-09-09 20:03:57,126 [INFO] DbMcusXml:78 - Set database path to: /opt/st/stm32cubeide_1.16.0/plugins/com.st.stm32cube.common.mx_6.12.0.202406281431//db//mcu/
2024-09-09 20:03:57,127 [INFO] ApiDb:274 - Set plugin database path to: /opt/st/stm32cubeide_1.16.0/plugins/com.st.stm32cube.common.mx_6.12.0.202406281431//db//plugins/boardmanager/
2024-09-09 20:03:57,127 [INFO] ApiDb:261 - Set plugin images path to: /opt/st/stm32cubeide_1.16.0/plugins/com.st.stm32cube.common.mx_6.12.0.202406281431//db//plugins/mcufinder/images/
2024-09-09 20:03:57,128 [WARN] DbFile:41 - Overriding database path with different value: /home/leandro/.stmcufinder/plugins/mcufinder/ => /home/leandro/.stmcufinder/plugins/mcufinder
2024-09-09 20:03:57,128 [INFO] ApiDb:250 - Set database path to: /home/leandro/.stmcufinder/plugins/mcufinder//mcu/
2024-09-09 20:03:57,128 [WARN] DbFile:41 - Overriding database path with different value: /home/leandro/.stmcufinder/plugins/mcufinder/ => /home/leandro/.stmcufinder/plugins/mcufinder
2024-09-09 20:03:57,128 [INFO] DbMcusAds:125 - Set database path to: /home/leandro/.stmcufinder/plugins/mcufinder//mcu/
2024-09-09 20:03:57,129 [WARN] DbFile:41 - Overriding database path with different value: /home/leandro/.stmcufinder/plugins/mcufinder/ => /home/leandro/.stmcufinder/plugins/mcufinder
2024-09-09 20:03:57,129 [WARN] DbFile:41 - Overriding database path with different value: /home/leandro/.stmcufinder/plugins/mcufinder/ => /home/leandro/.stmcufinder/plugins/mcufinder
2024-09-09 20:03:57,129 [INFO] CrossReferenceDbSqlite:203 - Set database path to: /home/leandro/.stmcufinder/plugins/mcufinder//mcu/cs/
2024-09-09 20:03:57,149 [INFO] ApplicationProperties:184 - Using Application install path: /opt/st/stm32cubeide_1.16.0/plugins/com.st.stm32cube.common.mx_6.12.0.202406281431
2024-09-09 20:03:57,151 [INFO] PluginManage:196 - Search for loadable plugins [exclusion list=, ]
2024-09-09 20:03:57,153 [INFO] PluginManage:310 - Check plugin analytics
2024-09-09 20:03:57,629 [INFO] AnalyticsPlugin:253 - Accepted Software Licenses: 
2024-09-09 20:03:57,629 [INFO] AnalyticsPlugin:255 - Accepted CMSIS Pack Licenses: 
2024-09-09 20:03:57,629 [INFO] AnalyticsPlugin:257 - Accepted Firmware Licenses: FW.F4.1.27.0,FW.F4.1.28.0
2024-09-09 20:03:57,634 [INFO] PluginManage:359 - Loaded plugin analytics (category:tool,tabindex:-1)
2024-09-09 20:03:57,634 [INFO] PluginManage:310 - Check plugin cadmodel
2024-09-09 20:03:57,640 [INFO] CADModel:105 - Init CAD model plugin
2024-09-09 20:03:57,640 [INFO] PluginManage:359 - Loaded plugin cadmodel (category:power,tabindex:5)
2024-09-09 20:03:57,641 [INFO] PluginManage:310 - Check plugin clock
2024-09-09 20:03:57,659 [INFO] PluginManage:359 - Loaded plugin clock (category:base,tabindex:2)
2024-09-09 20:03:57,659 [INFO] PluginManage:310 - Check plugin ddr
2024-09-09 20:03:57,663 [INFO] PluginManage:359 - Loaded plugin ddr (category:tool,tabindex:6)
2024-09-09 20:03:57,663 [INFO] PluginManage:310 - Check plugin filemanager
2024-09-09 20:03:57,868 [INFO] PluginManage:359 - Loaded plugin filemanager (category:base,tabindex:10)
2024-09-09 20:03:57,868 [INFO] PluginManage:310 - Check plugin ipmanager
2024-09-09 20:03:57,877 [INFO] PluginManage:359 - Loaded plugin ipmanager (category:base,tabindex:5)
2024-09-09 20:03:57,877 [INFO] PluginManage:310 - Check plugin lpbam
2024-09-09 20:03:57,890 [INFO] PluginManage:359 - Loaded plugin lpbam (category:base,tabindex:0)
2024-09-09 20:03:57,890 [INFO] PluginManage:310 - Check plugin memorymap
2024-09-09 20:03:57,909 [INFO] PluginManage:359 - Loaded plugin memorymap (category:base,tabindex:4)
2024-09-09 20:03:57,909 [INFO] PluginManage:310 - Check plugin pinoutandconfiguration
2024-09-09 20:03:57,923 [INFO] PluginManage:359 - Loaded plugin pinoutandconfiguration (category:base,tabindex:1)
2024-09-09 20:03:57,923 [INFO] PluginManage:310 - Check plugin pinoutconfig
2024-09-09 20:03:58,074 [WARN] SupportedApi:132 - Cannot load RTOS API schema: s4s-elt-must-match.1: The content of 'definitions' must match (annotation?, (simpleType | complexType)?, (unique | key | keyref)*)). A problem was found starting at: attribute.
2024-09-09 20:03:58,260 [INFO] PluginManage:359 - Loaded plugin pinoutconfig (category:base,tabindex:0)
2024-09-09 20:03:58,260 [INFO] PluginManage:310 - Check plugin power
2024-09-09 20:03:58,272 [INFO] PluginManage:359 - Loaded plugin power (category:power,tabindex:4)
2024-09-09 20:03:58,272 [INFO] PluginManage:310 - Check plugin projectmanager
2024-09-09 20:03:58,298 [INFO] PluginManage:359 - Loaded plugin projectmanager (category:projectmanager,tabindex:4)
2024-09-09 20:03:58,298 [INFO] PluginManage:310 - Check plugin rif
2024-09-09 20:03:58,303 [INFO] PluginManage:359 - Loaded plugin rif (category:base,tabindex:3)
2024-09-09 20:03:58,304 [INFO] PluginManage:310 - Check plugin thirdparty
2024-09-09 20:03:58,475 [INFO] PluginManage:359 - Loaded plugin thirdparty (category:base,tabindex:-1)
2024-09-09 20:03:58,475 [INFO] PluginManage:310 - Check plugin tools
2024-09-09 20:03:58,474 [WARN] IntegrityCheckThread:84 - waiting for thirdparty lock release [integrity check]
2024-09-09 20:03:58,475 [INFO] IntegrityCheckThread:86 - entering critical section [integrity check]
2024-09-09 20:03:58,476 [INFO] ThirdPartyUpdaterWithRetryManager:70 - Updater plugin not ready yet. [1/15]
2024-09-09 20:03:58,478 [INFO] PluginManage:359 - Loaded plugin tools (category:base,tabindex:7)
2024-09-09 20:03:58,479 [INFO] PluginManage:310 - Check plugin tutovideos
2024-09-09 20:03:58,710 [INFO] PluginManage:359 - Loaded plugin tutovideos (category:base,tabindex:-1)
2024-09-09 20:03:58,710 [INFO] PluginManage:310 - Check plugin updater
2024-09-09 20:03:58,734 [INFO] PluginManage:359 - Loaded plugin updater (category:base,tabindex:12)
2024-09-09 20:03:58,734 [INFO] PluginManage:310 - Check plugin userauth
2024-09-09 20:03:58,741 [INFO] UserAuth:113 - Init User Auth plugin
2024-09-09 20:03:58,742 [INFO] PluginManage:359 - Loaded plugin userauth (category:base,tabindex:14)
2024-09-09 20:03:58,743 [INFO] PluginManage:283 - PluginManage : Loaded plugins [18]
2024-09-09 20:03:58,998 [INFO] PinOutPanel:1561 - setPackage(No Configuration,No Configuration)
2024-09-09 20:03:59,095 [INFO] CADModel:165 - CPN selected for project level
2024-09-09 20:03:59,095 [INFO] CADModel:114 - Register for checkConnection events
2024-09-09 20:03:59,111 [INFO] IPUIPlugin:80 - create IPUIPlugin
2024-09-09 20:03:59,112 [INFO] PluginManager:220 - loadIPPluginJar : add ddr_ctrl_phy
2024-09-09 20:03:59,114 [INFO] IPUIPlugin:80 - create IPUIPlugin
2024-09-09 20:03:59,115 [INFO] PluginManager:220 - loadIPPluginJar : add tim
2024-09-09 20:03:59,119 [INFO] IPUIPlugin:80 - create IPUIPlugin
2024-09-09 20:03:59,119 [INFO] PluginManager:220 - loadIPPluginJar : add openamp
2024-09-09 20:03:59,123 [INFO] IPUIPlugin:80 - create IPUIPlugin
2024-09-09 20:03:59,124 [INFO] PluginManager:220 - loadIPPluginJar : add pdm2pcm
2024-09-09 20:03:59,130 [INFO] IPUIPlugin:80 - create IPUIPlugin
2024-09-09 20:03:59,130 [INFO] PluginManager:220 - loadIPPluginJar : add resmgrutility
2024-09-09 20:03:59,143 [INFO] IPUIPlugin:80 - create IPUIPlugin
2024-09-09 20:03:59,144 [INFO] PluginManager:220 - loadIPPluginJar : add mdma
2024-09-09 20:03:59,146 [INFO] IPUIPlugin:80 - create IPUIPlugin
2024-09-09 20:03:59,146 [INFO] PluginManager:220 - loadIPPluginJar : add tsc
2024-09-09 20:03:59,150 [INFO] IPUIPlugin:80 - create IPUIPlugin
2024-09-09 20:03:59,150 [INFO] PluginManager:220 - loadIPPluginJar : add genericplugin
2024-09-09 20:03:59,152 [INFO] IPUIPlugin:80 - create IPUIPlugin
2024-09-09 20:03:59,154 [INFO] PluginManager:220 - loadIPPluginJar : add radio
2024-09-09 20:03:59,156 [INFO] IPUIPlugin:80 - create IPUIPlugin
2024-09-09 20:03:59,156 [INFO] PluginManager:220 - loadIPPluginJar : add comp
2024-09-09 20:03:59,158 [INFO] IPUIPlugin:80 - create IPUIPlugin
2024-09-09 20:03:59,159 [INFO] PluginManager:220 - loadIPPluginJar : add quadspi
2024-09-09 20:03:59,161 [INFO] IPUIPlugin:80 - create IPUIPlugin
2024-09-09 20:03:59,162 [INFO] PluginManager:220 - loadIPPluginJar : add extmemmanager
2024-09-09 20:03:59,164 [INFO] IPUIPlugin:80 - create IPUIPlugin
2024-09-09 20:03:59,164 [INFO] PluginManager:220 - loadIPPluginJar : add hash
2024-09-09 20:03:59,167 [INFO] IPUIPlugin:80 - create IPUIPlugin
2024-09-09 20:03:59,167 [INFO] PluginManager:220 - loadIPPluginJar : add sai
2024-09-09 20:03:59,170 [INFO] IPUIPlugin:80 - create IPUIPlugin
2024-09-09 20:03:59,171 [INFO] PluginManager:220 - loadIPPluginJar : add touchsensing
2024-09-09 20:03:59,173 [INFO] IPUIPlugin:80 - create IPUIPlugin
2024-09-09 20:03:59,173 [INFO] PluginManager:220 - loadIPPluginJar : add gfxmmu
2024-09-09 20:03:59,176 [INFO] IPUIPlugin:80 - create IPUIPlugin
2024-09-09 20:03:59,177 [INFO] PluginManager:220 - loadIPPluginJar : add i2c
2024-09-09 20:03:59,182 [INFO] IPUIPlugin:80 - create IPUIPlugin
2024-09-09 20:03:59,182 [INFO] PluginManager:220 - loadIPPluginJar : add adc
2024-09-09 20:03:59,187 [INFO] IPUIPlugin:80 - create IPUIPlugin
2024-09-09 20:03:59,187 [INFO] PluginManager:220 - loadIPPluginJar : add gpio
2024-09-09 20:03:59,192 [INFO] IPUIPlugin:80 - create IPUIPlugin
2024-09-09 20:03:59,192 [INFO] PluginManager:220 - loadIPPluginJar : add fmc
2024-09-09 20:03:59,194 [INFO] IPUIPlugin:80 - create IPUIPlugin
2024-09-09 20:03:59,195 [INFO] PluginManager:220 - loadIPPluginJar : add can
2024-09-09 20:03:59,198 [INFO] IPUIPlugin:80 - create IPUIPlugin
2024-09-09 20:03:59,198 [INFO] PluginManager:220 - loadIPPluginJar : add gtzc
2024-09-09 20:03:59,201 [INFO] IPUIPlugin:80 - create IPUIPlugin
2024-09-09 20:03:59,201 [INFO] PluginManager:220 - loadIPPluginJar : add aes
2024-09-09 20:03:59,204 [INFO] IPUIPlugin:80 - create IPUIPlugin
2024-09-09 20:03:59,205 [INFO] PluginManager:220 - loadIPPluginJar : add usart
2024-09-09 20:03:59,207 [INFO] IPUIPlugin:80 - create IPUIPlugin
2024-09-09 20:03:59,207 [INFO] PluginManager:220 - loadIPPluginJar : add ts
2024-09-09 20:03:59,209 [INFO] IPUIPlugin:80 - create IPUIPlugin
2024-09-09 20:03:59,209 [INFO] PluginManager:220 - loadIPPluginJar : add ltdc
2024-09-09 20:03:59,211 [INFO] IPUIPlugin:80 - create IPUIPlugin
2024-09-09 20:03:59,211 [INFO] PluginManager:220 - loadIPPluginJar : add tracer_emb
2024-09-09 20:03:59,214 [INFO] IPUIPlugin:80 - create IPUIPlugin
2024-09-09 20:03:59,214 [INFO] PluginManager:220 - loadIPPluginJar : add i3c
2024-09-09 20:03:59,217 [INFO] IPUIPlugin:80 - create IPUIPlugin
2024-09-09 20:03:59,217 [INFO] PluginManager:220 - loadIPPluginJar : add lorawan
2024-09-09 20:03:59,222 [INFO] IPUIPlugin:80 - create IPUIPlugin
2024-09-09 20:03:59,223 [INFO] PluginManager:220 - loadIPPluginJar : add stm32_wpan
2024-09-09 20:03:59,228 [INFO] IPUIPlugin:80 - create IPUIPlugin
2024-09-09 20:03:59,231 [INFO] PluginManager:220 - loadIPPluginJar : add plateformsettings
2024-09-09 20:03:59,238 [INFO] IPUIPlugin:80 - create IPUIPlugin
2024-09-09 20:03:59,238 [INFO] PluginManager:220 - loadIPPluginJar : add linkedlist
2024-09-09 20:03:59,242 [INFO] IPUIPlugin:80 - create IPUIPlugin
2024-09-09 20:03:59,242 [INFO] PluginManager:220 - loadIPPluginJar : add gic
2024-09-09 20:03:59,245 [INFO] IPUIPlugin:80 - create IPUIPlugin
2024-09-09 20:03:59,245 [INFO] PluginManager:220 - loadIPPluginJar : add ipddr
2024-09-09 20:03:59,247 [INFO] IPUIPlugin:80 - create IPUIPlugin
2024-09-09 20:03:59,247 [INFO] PluginManager:220 - loadIPPluginJar : add dfsdm
2024-09-09 20:03:59,249 [INFO] IPUIPlugin:80 - create IPUIPlugin
2024-09-09 20:03:59,249 [INFO] PluginManager:220 - loadIPPluginJar : add ucpd
2024-09-09 20:03:59,252 [INFO] IPUIPlugin:80 - create IPUIPlugin
2024-09-09 20:03:59,252 [INFO] PluginManager:220 - loadIPPluginJar : add opamp
2024-09-09 20:03:59,255 [INFO] IPUIPlugin:80 - create IPUIPlugin
2024-09-09 20:03:59,256 [INFO] PluginManager:220 - loadIPPluginJar : add i2s
2024-09-09 20:03:59,261 [INFO] IPUIPlugin:80 - create IPUIPlugin
2024-09-09 20:03:59,261 [INFO] PluginManager:220 - loadIPPluginJar : add freertos
2024-09-09 20:03:59,265 [INFO] IPUIPlugin:80 - create IPUIPlugin
2024-09-09 20:03:59,265 [INFO] PluginManager:220 - loadIPPluginJar : add nvic
2024-09-09 20:03:59,268 [INFO] IPUIPlugin:80 - create IPUIPlugin
2024-09-09 20:03:59,268 [INFO] PluginManager:220 - loadIPPluginJar : add usbx
2024-09-09 20:03:59,270 [INFO] IPUIPlugin:80 - create IPUIPlugin
2024-09-09 20:03:59,271 [INFO] PluginManager:220 - loadIPPluginJar : add dma3
2024-09-09 20:03:59,273 [INFO] IPUIPlugin:80 - create IPUIPlugin
2024-09-09 20:03:59,273 [INFO] PluginManager:220 - loadIPPluginJar : add spi
2024-09-09 20:03:59,275 [INFO] IPUIPlugin:80 - create IPUIPlugin
2024-09-09 20:03:59,276 [INFO] PluginManager:220 - loadIPPluginJar : add cryp
2024-09-09 20:03:59,281 [INFO] IPUIPlugin:80 - create IPUIPlugin
2024-09-09 20:03:59,282 [INFO] PluginManager:220 - loadIPPluginJar : add dma
2024-09-09 20:03:59,283 [INFO] IPUIPlugin:80 - create IPUIPlugin
2024-09-09 20:03:59,284 [INFO] PluginManager:220 - loadIPPluginJar : add fatfs
2024-09-09 20:03:59,398 [INFO] CADModel:165 - CPN selected for project level
2024-09-09 20:03:59,398 [INFO] CADModel:114 - Register for checkConnection events
2024-09-09 20:03:59,398 [FATAL] Updater:334 - Updater called before beeing initialized
2024-09-09 20:03:59,398 [ERROR] CADModel:125 - Updater not yet initialized, retry later 
2024-09-09 20:03:59,553 [INFO] CADModel:165 - CPN selected for project level
2024-09-09 20:03:59,553 [INFO] CADModel:114 - Register for checkConnection events
2024-09-09 20:03:59,553 [FATAL] Updater:334 - Updater called before beeing initialized
2024-09-09 20:03:59,553 [ERROR] CADModel:125 - Updater not yet initialized, retry later 
2024-09-09 20:03:59,559 [FATAL] Updater:334 - Updater called before beeing initialized
2024-09-09 20:03:59,691 [FATAL] Updater:334 - Updater called before beeing initialized
2024-09-09 20:03:59,697 [INFO] DbMcusAds:53 - JSON generation date=Thu May 16 06:22:00 BRT 2024 (1715851320667)
2024-09-09 20:03:59,697 [FATAL] Updater:334 - Updater called before beeing initialized
2024-09-09 20:03:59,744 [WARN] DetailPanel:346 - Failed to get advertising image, set to default
2024-09-09 20:03:59,848 [FATAL] Updater:334 - Updater called before beeing initialized
2024-09-09 20:03:59,849 [FATAL] Updater:334 - Updater called before beeing initialized
2024-09-09 20:03:59,850 [FATAL] Updater:334 - Updater called before beeing initialized
2024-09-09 20:03:59,850 [WARN] DetailPanel:346 - Failed to get advertising image, set to default
2024-09-09 20:03:59,851 [FATAL] Updater:334 - Updater called before beeing initialized
2024-09-09 20:03:59,897 [ERROR] Updater:1164 - MainUpdater not yet initialized. External WinMGr cannot be set.
2024-09-09 20:03:59,899 [INFO] Updater:1100 - Updater Version found : 6.12.0
2024-09-09 20:03:59,921 [INFO] ApplicationProperties:184 - Using Application install path: /opt/st/stm32cubeide_1.16.0/plugins/com.st.stm32cube.common.mx_6.12.0.202406281431
2024-09-09 20:03:59,944 [ERROR] LogOutputStream:75 - [STDERR_REDIRECT] Sep 09, 2024 8:03:59 PM java.util.prefs.FileSystemPreferences$2 run
2024-09-09 20:03:59,945 [ERROR] LogOutputStream:75 - [STDERR_REDIRECT] WARNING: Could not create system preferences directory. System preferences are unusable.
2024-09-09 20:03:59,945 [ERROR] LogOutputStream:75 - [STDERR_REDIRECT] 
2024-09-09 20:04:00,338 [INFO] MainUpdater:2873 - connection check result : 10
2024-09-09 20:04:00,339 [INFO] MainUpdater:290 - Updater Check For Update Now.
2024-09-09 20:04:00,339 [INFO] MicroXplorer:498 - Change Database Version : DB.6.0.120
2024-09-09 20:04:00,578 [INFO] CheckServerUpdateThread:120 - End of CheckServer Thread
2024-09-09 20:04:00,767 [INFO] MainUpdater:2873 - connection check result : 10
2024-09-09 20:04:00,768 [INFO] MainUpdater:2873 - connection check result : 10
2024-09-09 20:04:01,641 [WARN] PackLoader:240 - Cannot read IP mode file for STMicroelectronics.FP-SNS-MOTENVWB1.1.4.0
2024-09-09 20:04:01,655 [WARN] PackLoader:240 - Cannot read IP mode file for STMicroelectronics.X-CUBE-SMBUS.2.1.0
2024-09-09 20:04:01,700 [WARN] PackLoader:240 - Cannot read IP mode file for STMicroelectronics.X-CUBE-AZRTOS-F7.1.1.0
2024-09-09 20:04:01,830 [WARN] PackLoader:240 - Cannot read IP mode file for STMicroelectronics.X-CUBE-MEMS1.11.0.0
2024-09-09 20:04:02,039 [WARN] PackLoader:240 - Cannot read IP mode file for STMicroelectronics.FP-SNS-FLIGHT1.5.0.2
2024-09-09 20:04:02,050 [WARN] PackLoader:240 - Cannot read IP mode file for STMicroelectronics.X-CUBE-DISPLAY.3.0.0
2024-09-09 20:04:02,065 [WARN] PackLoader:240 - Cannot read IP mode file for STMicroelectronics.X-CUBE-BLE1.7.0.0
2024-09-09 20:04:02,070 [WARN] PackLoader:240 - Cannot read IP mode file for emotas.I-CUBE-CANOPEN.1.3.0
2024-09-09 20:04:02,083 [WARN] PackLoader:240 - Cannot read IP mode file for STMicroelectronics.X-CUBE-BLEMGR.3.1.0
2024-09-09 20:04:02,092 [WARN] PackLoader:240 - Cannot read IP mode file for STMicroelectronics.FP-SNS-SMARTAG2.1.2.0
2024-09-09 20:04:02,102 [INFO] LogOutputStream:77 - [STDOUT_REDIRECT] 1 : Invalid condition id : UX_CORESTACK_Condition cause : null
2024-09-09 20:04:02,103 [INFO] LogOutputStream:77 - [STDOUT_REDIRECT] 1 : Invalid condition id : UX_CORESTACK_Condition cause : null
2024-09-09 20:04:02,104 [INFO] LogOutputStream:77 - [STDOUT_REDIRECT] 1 : Invalid condition id : UX_CORESTACK_Condition cause : null
2024-09-09 20:04:02,104 [INFO] LogOutputStream:77 - [STDOUT_REDIRECT] 1 : Invalid condition id : UX_CORESTACK_Condition cause : null
2024-09-09 20:04:02,105 [INFO] LogOutputStream:77 - [STDOUT_REDIRECT] 1 : Invalid condition id : UX_CORESTACK_Condition cause : null
2024-09-09 20:04:02,110 [WARN] PackLoader:240 - Cannot read IP mode file for STMicroelectronics.X-CUBE-AZRTOS-WL.2.0.0
2024-09-09 20:04:02,114 [WARN] PackLoader:240 - Cannot read IP mode file for STMicroelectronics.FP-SNS-MOTENV1.5.0.0
2024-09-09 20:04:02,119 [WARN] PackLoader:240 - Cannot read IP mode file for wolfSSL.I-CUBE-wolfMQTT.1.19.0
2024-09-09 20:04:02,128 [WARN] PackLoader:240 - Cannot read IP mode file for WES.I-CUBE-Cesium.1.3.0
2024-09-09 20:04:02,135 [WARN] PackLoader:240 - Cannot read IP mode file for STMicroelectronics.X-CUBE-BLE2.3.3.0
2024-09-09 20:04:02,144 [WARN] PackLoader:240 - Cannot read IP mode file for STMicroelectronics.X-CUBE-TCPP.4.1.0
2024-09-09 20:04:02,198 [WARN] PackLoader:240 - Cannot read IP mode file for STMicroelectronics.X-CUBE-AZRTOS-G0.1.1.0
2024-09-09 20:04:02,210 [WARN] PackLoader:240 - Cannot read IP mode file for STMicroelectronics.X-CUBE-SAFEA1.1.2.2
2024-09-09 20:04:02,219 [WARN] PackLoader:240 - Cannot read IP mode file for STMicroelectronics.X-CUBE-NFC4.3.0.0
2024-09-09 20:04:02,237 [WARN] PackLoader:240 - Cannot read IP mode file for EmbeddedOffice.I-CUBE-FS-RTOS.1.0.1
2024-09-09 20:04:02,241 [ERROR] ConditionMgr:805 - Attr not supported : Dmpu
2024-09-09 20:04:02,241 [ERROR] ConditionMgr:805 - Attr not supported : Dmpu
2024-09-09 20:04:02,241 [ERROR] ConditionMgr:805 - Attr not supported : Dmpu
2024-09-09 20:04:02,241 [ERROR] ConditionMgr:805 - Attr not supported : Dmpu
2024-09-09 20:04:02,241 [ERROR] ConditionMgr:805 - Attr not supported : Dmpu
2024-09-09 20:04:02,241 [ERROR] ConditionMgr:805 - Attr not supported : Dmpu
2024-09-09 20:04:02,241 [ERROR] ConditionMgr:805 - Attr not supported : Dmpu
2024-09-09 20:04:02,242 [ERROR] ConditionMgr:805 - Attr not supported : Dmpu
2024-09-09 20:04:02,242 [ERROR] ConditionMgr:805 - Attr not supported : Dmpu
2024-09-09 20:04:02,242 [ERROR] ConditionMgr:805 - Attr not supported : Dmpu
2024-09-09 20:04:02,242 [ERROR] ConditionMgr:805 - Attr not supported : Dmpu
2024-09-09 20:04:02,242 [ERROR] ConditionMgr:805 - Attr not supported : Dmpu
2024-09-09 20:04:02,242 [ERROR] ConditionMgr:805 - Attr not supported : Dmpu
2024-09-09 20:04:02,242 [ERROR] ConditionMgr:805 - Attr not supported : Dmpu
2024-09-09 20:04:02,242 [ERROR] ConditionMgr:805 - Attr not supported : Dmpu
2024-09-09 20:04:02,242 [ERROR] ConditionMgr:805 - Attr not supported : Dmpu
2024-09-09 20:04:02,242 [ERROR] ConditionMgr:805 - Attr not supported : Dmpu
2024-09-09 20:04:02,244 [ERROR] ConditionMgr:805 - Attr not supported : Dmpu
2024-09-09 20:04:02,244 [ERROR] ConditionMgr:805 - Attr not supported : Dmpu
2024-09-09 20:04:02,244 [ERROR] ConditionMgr:805 - Attr not supported : Dmpu
2024-09-09 20:04:02,245 [ERROR] ConditionMgr:805 - Attr not supported : Dmpu
2024-09-09 20:04:02,245 [ERROR] ConditionMgr:805 - Attr not supported : Dmpu
2024-09-09 20:04:02,245 [ERROR] ConditionMgr:805 - Attr not supported : Dmpu
2024-09-09 20:04:02,245 [ERROR] ConditionMgr:805 - Attr not supported : Dmpu
2024-09-09 20:04:02,245 [ERROR] ConditionMgr:805 - Attr not supported : Dmpu
2024-09-09 20:04:02,245 [ERROR] ConditionMgr:805 - Attr not supported : Dmpu
2024-09-09 20:04:02,245 [ERROR] ConditionMgr:805 - Attr not supported : Dmpu
2024-09-09 20:04:02,245 [ERROR] ConditionMgr:805 - Attr not supported : Dmpu
2024-09-09 20:04:02,245 [ERROR] ConditionMgr:805 - Attr not supported : Dmpu
2024-09-09 20:04:02,246 [ERROR] ConditionMgr:805 - Attr not supported : Dmpu
2024-09-09 20:04:02,246 [ERROR] ConditionMgr:805 - Attr not supported : Dmpu
2024-09-09 20:04:02,246 [ERROR] ConditionMgr:805 - Attr not supported : Dmpu
2024-09-09 20:04:02,246 [ERROR] ConditionMgr:805 - Attr not supported : Dmpu
2024-09-09 20:04:02,246 [ERROR] ConditionMgr:805 - Attr not supported : Dmpu
2024-09-09 20:04:02,246 [ERROR] ConditionMgr:805 - Attr not supported : Dmpu
2024-09-09 20:04:02,246 [ERROR] ConditionMgr:805 - Attr not supported : Dmpu
2024-09-09 20:04:02,246 [ERROR] ConditionMgr:805 - Attr not supported : Dmpu
2024-09-09 20:04:02,247 [ERROR] ConditionMgr:805 - Attr not supported : Dmpu
2024-09-09 20:04:02,247 [ERROR] ConditionMgr:805 - Attr not supported : Dmpu
2024-09-09 20:04:02,247 [ERROR] ConditionMgr:805 - Attr not supported : Dmpu
2024-09-09 20:04:02,247 [ERROR] ConditionMgr:805 - Attr not supported : Dmpu
2024-09-09 20:04:02,247 [ERROR] ConditionMgr:805 - Attr not supported : Dmpu
2024-09-09 20:04:02,248 [ERROR] ConditionMgr:805 - Attr not supported : Dmpu
2024-09-09 20:04:02,248 [ERROR] ConditionMgr:805 - Attr not supported : Dmpu
2024-09-09 20:04:02,248 [ERROR] ConditionMgr:805 - Attr not supported : Dmpu
2024-09-09 20:04:02,248 [ERROR] ConditionMgr:805 - Attr not supported : Dmpu
2024-09-09 20:04:02,248 [ERROR] ConditionMgr:805 - Attr not supported : Dmpu
2024-09-09 20:04:02,248 [ERROR] ConditionMgr:805 - Attr not supported : Dmpu
2024-09-09 20:04:02,248 [ERROR] ConditionMgr:805 - Attr not supported : Dmpu
2024-09-09 20:04:02,248 [ERROR] ConditionMgr:805 - Attr not supported : Dmpu
2024-09-09 20:04:02,250 [ERROR] ConditionMgr:805 - Attr not supported : Dmpu
2024-09-09 20:04:02,250 [ERROR] ConditionMgr:805 - Attr not supported : Dmpu
2024-09-09 20:04:02,250 [ERROR] ConditionMgr:805 - Attr not supported : Dmpu
2024-09-09 20:04:02,250 [ERROR] ConditionMgr:805 - Attr not supported : Dmpu
2024-09-09 20:04:02,250 [ERROR] ConditionMgr:805 - Attr not supported : Dmpu
2024-09-09 20:04:02,250 [ERROR] ConditionMgr:805 - Attr not supported : Dmpu
2024-09-09 20:04:02,251 [ERROR] ConditionMgr:805 - Attr not supported : Dmpu
2024-09-09 20:04:02,251 [ERROR] ConditionMgr:805 - Attr not supported : Dmpu
2024-09-09 20:04:02,251 [ERROR] ConditionMgr:805 - Attr not supported : Dmpu
2024-09-09 20:04:02,251 [ERROR] ConditionMgr:805 - Attr not supported : Dmpu
2024-09-09 20:04:02,251 [ERROR] ConditionMgr:805 - Attr not supported : Dmpu
2024-09-09 20:04:02,251 [ERROR] ConditionMgr:805 - Attr not supported : Dmpu
2024-09-09 20:04:02,251 [ERROR] ConditionMgr:805 - Attr not supported : Dmpu
2024-09-09 20:04:02,251 [ERROR] ConditionMgr:805 - Attr not supported : Dmpu
2024-09-09 20:04:02,259 [WARN] PackLoader:240 - Cannot read IP mode file for RealThread.X-CUBE-RT-Thread_Nano.4.1.1
2024-09-09 20:04:02,264 [WARN] PackLoader:240 - Cannot read IP mode file for STMicroelectronics.FP-ATR-SIGFOX1.3.2.0
2024-09-09 20:04:02,268 [WARN] PackLoader:240 - Cannot read IP mode file for wolfSSL.I-CUBE-wolfSSL.5.7.2
2024-09-09 20:04:02,275 [WARN] PackLoader:240 - Cannot read IP mode file for STMicroelectronics.X-CUBE-EEPRMA1.5.1.0
2024-09-09 20:04:02,285 [WARN] PackLoader:240 - Cannot read IP mode file for ITTIA_DB.I-CUBE-ITTIADB.8.9.0
2024-09-09 20:04:02,342 [WARN] PackLoader:240 - Cannot read IP mode file for SEGGER.I-CUBE-embOS.1.3.1
2024-09-09 20:04:02,436 [WARN] PackLoader:240 - Cannot read IP mode file for STMicroelectronics.X-CUBE-ALGOBUILD.1.4.0
2024-09-09 20:04:02,442 [WARN] PackLoader:240 - Cannot read IP mode file for STMicroelectronics.X-CUBE-GNSS1.6.0.0
2024-09-09 20:04:02,461 [WARN] PackLoader:240 - Cannot read IP mode file for STMicroelectronics.X-CUBE-AZRTOS-F4.1.1.0
2024-09-09 20:04:02,471 [WARN] PackLoader:240 - Cannot read IP mode file for STMicroelectronics.X-CUBE-FREERTOS.1.2.0
2024-09-09 20:04:02,494 [WARN] PackLoader:240 - Cannot read IP mode file for STMicroelectronics.X-CUBE-AZRTOS-L5.2.0.0
2024-09-09 20:04:02,508 [WARN] PackLoader:240 - Cannot read IP mode file for STMicroelectronics.X-CUBE-NFC6.3.1.0
2024-09-09 20:04:02,514 [WARN] PackLoader:240 - Cannot read IP mode file for STMicroelectronics.X-CUBE-AI.9.0.0
2024-09-09 20:04:02,518 [WARN] PackLoader:240 - Cannot read IP mode file for STMicroelectronics.X-CUBE-NFC7.1.0.1
2024-09-09 20:04:02,522 [WARN] PackLoader:240 - Cannot read IP mode file for wolfSSL.I-CUBE-wolfTPM.3.2.0
2024-09-09 20:04:02,542 [WARN] ConditionMgr:438 - getConditionDescription Invalid condition id : LAN8742 Phy interface Condition cause : null
2024-09-09 20:04:02,543 [WARN] PackLoader:240 - Cannot read IP mode file for STMicroelectronics.X-CUBE-AZRTOS-L4.2.0.0
2024-09-09 20:04:02,544 [WARN] ConditionMgr:1039 - genDependencies : Invalid condition id : LAN8742 Phy interface Condition cause : null
2024-09-09 20:04:02,544 [WARN] ConditionMgr:1039 - genDependencies : Invalid condition id : LAN8742 Phy interface Condition cause : null
2024-09-09 20:04:02,545 [WARN] ConditionMgr:1039 - genDependencies : Invalid condition id : LAN8742 Phy interface Condition cause : null
2024-09-09 20:04:02,553 [WARN] PackLoader:240 - Cannot read IP mode file for STMicroelectronics.X-CUBE-SFXS2LP1.4.0.0
2024-09-09 20:04:02,579 [WARN] PackLoader:240 - Cannot read IP mode file for STMicroelectronics.X-CUBE-AZRTOS-H7.3.3.0
2024-09-09 20:04:02,607 [WARN] ConditionMgr:438 - getConditionDescription Invalid condition id : UX DEVICE CLASS RTOS Condition cause : null
2024-09-09 20:04:02,608 [WARN] ConditionMgr:438 - getConditionDescription Invalid condition id : UX DEVICE CLASS RTOS Condition cause : null
2024-09-09 20:04:02,625 [WARN] PackLoader:240 - Cannot read IP mode file for STMicroelectronics.X-CUBE-AZRTOS-WB.2.0.0
2024-09-09 20:04:02,626 [WARN] ConditionMgr:1039 - genDependencies : Invalid condition id : UX DEVICE CLASS RTOS Condition cause : null
2024-09-09 20:04:02,626 [WARN] ConditionMgr:1039 - genDependencies : Invalid condition id : UX DEVICE CLASS RTOS Condition cause : null
2024-09-09 20:04:02,626 [WARN] ConditionMgr:1039 - genDependencies : Invalid condition id : UX DEVICE CLASS RTOS Condition cause : null
2024-09-09 20:04:02,627 [WARN] ConditionMgr:1039 - genDependencies : Invalid condition id : UX DEVICE CLASS RTOS Condition cause : null
2024-09-09 20:04:02,627 [WARN] ConditionMgr:1039 - genDependencies : Invalid condition id : UX DEVICE CLASS RTOS Condition cause : null
2024-09-09 20:04:02,637 [WARN] PackLoader:240 - Cannot read IP mode file for STMicroelectronics.X-CUBE-SUBG2.5.0.0
2024-09-09 20:04:02,645 [WARN] PackLoader:240 - Cannot read IP mode file for Cesanta.I-CUBE-Mongoose.7.13.0
2024-09-09 20:04:02,660 [WARN] PackLoader:240 - Cannot read IP mode file for STMicroelectronics.X-CUBE-AZRTOS-G4.2.0.0
2024-09-09 20:04:02,665 [WARN] PackLoader:240 - Cannot read IP mode file for STMicroelectronics.X-CUBE-ISPU.2.0.0
2024-09-09 20:04:02,669 [WARN] PackLoader:240 - Cannot read IP mode file for STMicroelectronics.X-CUBE-ALS.1.0.2
2024-09-09 20:04:02,712 [WARN] PackLoader:240 - Cannot read IP mode file for STMicroelectronics.X-CUBE-MEMS1.10.0.0
2024-09-09 20:04:02,856 [WARN] PackLoader:240 - Cannot read IP mode file for STMicroelectronics.X-CUBE-TOUCHGFX.4.24.0
2024-09-09 20:04:02,860 [WARN] PackLoader:240 - Cannot read IP mode file for portGmbH.I-Cube-SoM-uGOAL.1.1.0
2024-09-09 20:04:02,878 [WARN] PackLoader:240 - Cannot read IP mode file for STMicroelectronics.X-CUBE-AZRTOS-H7RS.1.0.0
2024-09-09 20:04:02,884 [WARN] PackLoader:240 - Cannot read IP mode file for STMicroelectronics.FP-ATR-ASTRA1.2.0.0
2024-09-09 20:04:02,901 [WARN] PackLoader:240 - Cannot read IP mode file for STMicroelectronics.X-CUBE-TOF1.3.4.2
2024-09-09 20:04:02,959 [WARN] PackLoader:240 - Cannot read IP mode file for Infineon.AIROC-Wi-Fi-Bluetooth-STM32.1.6.1
2024-09-09 20:04:02,965 [WARN] PackLoader:240 - Cannot read IP mode file for wolfSSL.I-CUBE-wolfSSH.1.4.17
2024-09-09 20:04:02,965 [INFO] ThirdParty:978 - Integrity check success = true
2024-09-09 20:04:02,965 [INFO] IntegrityCheckThread:100 - exiting critical section [integrity check]
2024-09-09 20:04:02,966 [INFO] IntegrityCheckThread:103 - End integrity checks thread
2024-09-09 20:04:27,844 [ERROR] LogOutputStream:75 - [STDERR_REDIRECT] Sep 09, 2024 8:04:27 PM java.util.prefs.FileSystemPreferences checkLockFile0ErrorCode
2024-09-09 20:04:27,845 [ERROR] LogOutputStream:75 - [STDERR_REDIRECT] WARNING: Could not lock System prefs. Unix error code 2.
2024-09-09 20:04:27,845 [ERROR] LogOutputStream:75 - [STDERR_REDIRECT] 
2024-09-09 20:04:27,847 [ERROR] LogOutputStream:75 - [STDERR_REDIRECT] Sep 09, 2024 8:04:27 PM java.util.prefs.FileSystemPreferences syncWorld
2024-09-09 20:04:27,848 [ERROR] LogOutputStream:75 - [STDERR_REDIRECT] WARNING: Couldn't flush system prefs: java.util.prefs.BackingStoreException: Couldn't get file lock.
2024-09-09 20:04:27,848 [ERROR] LogOutputStream:75 - [STDERR_REDIRECT] 
2024-09-09 20:04:57,826 [ERROR] LogOutputStream:75 - [STDERR_REDIRECT] Sep 09, 2024 8:04:57 PM java.util.prefs.FileSystemPreferences checkLockFile0ErrorCode
2024-09-09 20:04:57,827 [ERROR] LogOutputStream:75 - [STDERR_REDIRECT] WARNING: Could not lock System prefs. Unix error code 2.
2024-09-09 20:04:57,827 [ERROR] LogOutputStream:75 - [STDERR_REDIRECT] 
2024-09-09 20:04:57,829 [ERROR] LogOutputStream:75 - [STDERR_REDIRECT] Sep 09, 2024 8:04:57 PM java.util.prefs.FileSystemPreferences syncWorld
2024-09-09 20:04:57,830 [ERROR] LogOutputStream:75 - [STDERR_REDIRECT] WARNING: Couldn't flush system prefs: java.util.prefs.BackingStoreException: Couldn't get file lock.
2024-09-09 20:04:57,831 [ERROR] LogOutputStream:75 - [STDERR_REDIRECT] 
2024-09-09 20:05:27,826 [ERROR] LogOutputStream:75 - [STDERR_REDIRECT] Sep 09, 2024 8:05:27 PM java.util.prefs.FileSystemPreferences checkLockFile0ErrorCode
2024-09-09 20:05:27,826 [ERROR] LogOutputStream:75 - [STDERR_REDIRECT] WARNING: Could not lock System prefs. Unix error code 2.
2024-09-09 20:05:27,827 [ERROR] LogOutputStream:75 - [STDERR_REDIRECT] 
2024-09-09 20:05:27,828 [ERROR] LogOutputStream:75 - [STDERR_REDIRECT] Sep 09, 2024 8:05:27 PM java.util.prefs.FileSystemPreferences syncWorld
2024-09-09 20:05:27,829 [ERROR] LogOutputStream:75 - [STDERR_REDIRECT] WARNING: Couldn't flush system prefs: java.util.prefs.BackingStoreException: Couldn't get file lock.
2024-09-09 20:05:27,829 [ERROR] LogOutputStream:75 - [STDERR_REDIRECT] 
2024-09-09 20:05:57,826 [ERROR] LogOutputStream:75 - [STDERR_REDIRECT] Sep 09, 2024 8:05:57 PM java.util.prefs.FileSystemPreferences checkLockFile0ErrorCode
2024-09-09 20:05:57,827 [ERROR] LogOutputStream:75 - [STDERR_REDIRECT] WARNING: Could not lock System prefs. Unix error code 2.
2024-09-09 20:05:57,827 [ERROR] LogOutputStream:75 - [STDERR_REDIRECT] 
2024-09-09 20:05:57,829 [ERROR] LogOutputStream:75 - [STDERR_REDIRECT] Sep 09, 2024 8:05:57 PM java.util.prefs.FileSystemPreferences syncWorld
2024-09-09 20:05:57,830 [ERROR] LogOutputStream:75 - [STDERR_REDIRECT] WARNING: Couldn't flush system prefs: java.util.prefs.BackingStoreException: Couldn't get file lock.
2024-09-09 20:05:57,831 [ERROR] LogOutputStream:75 - [STDERR_REDIRECT] 
2024-09-09 20:06:27,826 [ERROR] LogOutputStream:75 - [STDERR_REDIRECT] Sep 09, 2024 8:06:27 PM java.util.prefs.FileSystemPreferences checkLockFile0ErrorCode
2024-09-09 20:06:27,827 [ERROR] LogOutputStream:75 - [STDERR_REDIRECT] WARNING: Could not lock System prefs. Unix error code 2.
2024-09-09 20:06:27,828 [ERROR] LogOutputStream:75 - [STDERR_REDIRECT] 
2024-09-09 20:06:27,829 [ERROR] LogOutputStream:75 - [STDERR_REDIRECT] Sep 09, 2024 8:06:27 PM java.util.prefs.FileSystemPreferences syncWorld
2024-09-09 20:06:27,831 [ERROR] LogOutputStream:75 - [STDERR_REDIRECT] WARNING: Couldn't flush system prefs: java.util.prefs.BackingStoreException: Couldn't get file lock.
2024-09-09 20:06:27,831 [ERROR] LogOutputStream:75 - [STDERR_REDIRECT] 
2024-09-09 20:06:57,827 [ERROR] LogOutputStream:75 - [STDERR_REDIRECT] Sep 09, 2024 8:06:57 PM java.util.prefs.FileSystemPreferences checkLockFile0ErrorCode
2024-09-09 20:06:57,828 [ERROR] LogOutputStream:75 - [STDERR_REDIRECT] WARNING: Could not lock System prefs. Unix error code 2.
2024-09-09 20:06:57,828 [ERROR] LogOutputStream:75 - [STDERR_REDIRECT] 
2024-09-09 20:06:57,830 [ERROR] LogOutputStream:75 - [STDERR_REDIRECT] Sep 09, 2024 8:06:57 PM java.util.prefs.FileSystemPreferences syncWorld
2024-09-09 20:06:57,831 [ERROR] LogOutputStream:75 - [STDERR_REDIRECT] WARNING: Couldn't flush system prefs: java.util.prefs.BackingStoreException: Couldn't get file lock.
2024-09-09 20:06:57,832 [ERROR] LogOutputStream:75 - [STDERR_REDIRECT] 
2024-09-09 20:07:27,827 [ERROR] LogOutputStream:75 - [STDERR_REDIRECT] Sep 09, 2024 8:07:27 PM java.util.prefs.FileSystemPreferences checkLockFile0ErrorCode
2024-09-09 20:07:27,827 [ERROR] LogOutputStream:75 - [STDERR_REDIRECT] WARNING: Could not lock System prefs. Unix error code 2.
2024-09-09 20:07:27,828 [ERROR] LogOutputStream:75 - [STDERR_REDIRECT] 
2024-09-09 20:07:27,829 [ERROR] LogOutputStream:75 - [STDERR_REDIRECT] Sep 09, 2024 8:07:27 PM java.util.prefs.FileSystemPreferences syncWorld
2024-09-09 20:07:27,829 [ERROR] LogOutputStream:75 - [STDERR_REDIRECT] WARNING: Couldn't flush system prefs: java.util.prefs.BackingStoreException: Couldn't get file lock.
2024-09-09 20:07:27,830 [ERROR] LogOutputStream:75 - [STDERR_REDIRECT] 
2024-09-09 20:07:57,827 [ERROR] LogOutputStream:75 - [STDERR_REDIRECT] Sep 09, 2024 8:07:57 PM java.util.prefs.FileSystemPreferences checkLockFile0ErrorCode
2024-09-09 20:07:57,828 [ERROR] LogOutputStream:75 - [STDERR_REDIRECT] WARNING: Could not lock System prefs. Unix error code 2.
2024-09-09 20:07:57,828 [ERROR] LogOutputStream:75 - [STDERR_REDIRECT] 
2024-09-09 20:07:57,830 [ERROR] LogOutputStream:75 - [STDERR_REDIRECT] Sep 09, 2024 8:07:57 PM java.util.prefs.FileSystemPreferences syncWorld
2024-09-09 20:07:57,831 [ERROR] LogOutputStream:75 - [STDERR_REDIRECT] WARNING: Couldn't flush system prefs: java.util.prefs.BackingStoreException: Couldn't get file lock.
2024-09-09 20:07:57,831 [ERROR] LogOutputStream:75 - [STDERR_REDIRECT] 
2024-09-09 20:08:27,827 [ERROR] LogOutputStream:75 - [STDERR_REDIRECT] Sep 09, 2024 8:08:27 PM java.util.prefs.FileSystemPreferences checkLockFile0ErrorCode
2024-09-09 20:08:27,827 [ERROR] LogOutputStream:75 - [STDERR_REDIRECT] WARNING: Could not lock System prefs. Unix error code 2.
2024-09-09 20:08:27,829 [ERROR] LogOutputStream:75 - [STDERR_REDIRECT] 
2024-09-09 20:08:27,830 [ERROR] LogOutputStream:75 - [STDERR_REDIRECT] Sep 09, 2024 8:08:27 PM java.util.prefs.FileSystemPreferences syncWorld
2024-09-09 20:08:27,830 [ERROR] LogOutputStream:75 - [STDERR_REDIRECT] WARNING: Couldn't flush system prefs: java.util.prefs.BackingStoreException: Couldn't get file lock.
2024-09-09 20:08:27,831 [ERROR] LogOutputStream:75 - [STDERR_REDIRECT] 
2024-09-09 20:08:57,827 [ERROR] LogOutputStream:75 - [STDERR_REDIRECT] Sep 09, 2024 8:08:57 PM java.util.prefs.FileSystemPreferences checkLockFile0ErrorCode
2024-09-09 20:08:57,828 [ERROR] LogOutputStream:75 - [STDERR_REDIRECT] WARNING: Could not lock System prefs. Unix error code 2.
2024-09-09 20:08:57,828 [ERROR] LogOutputStream:75 - [STDERR_REDIRECT] 
2024-09-09 20:08:57,830 [ERROR] LogOutputStream:75 - [STDERR_REDIRECT] Sep 09, 2024 8:08:57 PM java.util.prefs.FileSystemPreferences syncWorld
2024-09-09 20:08:57,830 [ERROR] LogOutputStream:75 - [STDERR_REDIRECT] WARNING: Couldn't flush system prefs: java.util.prefs.BackingStoreException: Couldn't get file lock.
2024-09-09 20:08:57,831 [ERROR] LogOutputStream:75 - [STDERR_REDIRECT] 
2024-09-09 20:09:19,755 [INFO] Activator:176 - 


2024-09-09 20:09:19,757 [INFO] Activator:177 - !SESSION log4j initialized
2024-09-09 20:09:23,047 [INFO] ApplicationProperties:184 - Using Application install path: /opt/st/stm32cubeide_1.16.0/plugins/com.st.stm32cube.common.mx_6.12.0.202406281431
2024-09-09 20:09:23,070 [INFO] DbMcusXml:78 - Set database path to: /opt/st/stm32cubeide_1.16.0/plugins/com.st.stm32cube.common.mx_6.12.0.202406281431//db//mcu/
2024-09-09 20:09:23,071 [INFO] ApiDb:274 - Set plugin database path to: /opt/st/stm32cubeide_1.16.0/plugins/com.st.stm32cube.common.mx_6.12.0.202406281431//db//plugins/boardmanager/
2024-09-09 20:09:23,071 [WARN] ApiDb:259 - Overriding images path with different value:  => /opt/st/stm32cubeide_1.16.0/plugins/com.st.stm32cube.common.mx_6.12.0.202406281431//db//plugins/mcufinder/images/
2024-09-09 20:09:23,076 [INFO] ApiDb:250 - Set database path to: /home/leandro/.stmcufinder/plugins/mcufinder//mcu/
2024-09-09 20:09:23,077 [INFO] DbMcusAds:125 - Set database path to: /home/leandro/.stmcufinder/plugins/mcufinder//mcu/
2024-09-09 20:09:23,227 [INFO] CrossReferenceDbSqlite:203 - Set database path to: /home/leandro/.stmcufinder/plugins/mcufinder//mcu/cs/
2024-09-09 20:09:23,373 [INFO] RulesReader:64 - Compatibility file has been processed (297 Rules)
2024-09-09 20:09:23,449 [INFO] DbMcusXml:78 - Set database path to: /opt/st/stm32cubeide_1.16.0/plugins/com.st.stm32cube.common.mx_6.12.0.202406281431//db//mcu/
2024-09-09 20:09:23,450 [INFO] ApiDb:274 - Set plugin database path to: /opt/st/stm32cubeide_1.16.0/plugins/com.st.stm32cube.common.mx_6.12.0.202406281431//db//plugins/boardmanager/
2024-09-09 20:09:23,450 [INFO] ApiDb:261 - Set plugin images path to: /opt/st/stm32cubeide_1.16.0/plugins/com.st.stm32cube.common.mx_6.12.0.202406281431//db//plugins/mcufinder/images/
2024-09-09 20:09:23,450 [WARN] DbFile:41 - Overriding database path with different value: /home/leandro/.stmcufinder/plugins/mcufinder/ => /home/leandro/.stmcufinder/plugins/mcufinder
2024-09-09 20:09:23,450 [INFO] ApiDb:250 - Set database path to: /home/leandro/.stmcufinder/plugins/mcufinder//mcu/
2024-09-09 20:09:23,451 [WARN] DbFile:41 - Overriding database path with different value: /home/leandro/.stmcufinder/plugins/mcufinder/ => /home/leandro/.stmcufinder/plugins/mcufinder
2024-09-09 20:09:23,451 [INFO] DbMcusAds:125 - Set database path to: /home/leandro/.stmcufinder/plugins/mcufinder//mcu/
2024-09-09 20:09:23,451 [WARN] DbFile:41 - Overriding database path with different value: /home/leandro/.stmcufinder/plugins/mcufinder/ => /home/leandro/.stmcufinder/plugins/mcufinder
2024-09-09 20:09:23,451 [WARN] DbFile:41 - Overriding database path with different value: /home/leandro/.stmcufinder/plugins/mcufinder/ => /home/leandro/.stmcufinder/plugins/mcufinder
2024-09-09 20:09:23,451 [INFO] CrossReferenceDbSqlite:203 - Set database path to: /home/leandro/.stmcufinder/plugins/mcufinder//mcu/cs/
2024-09-09 20:09:23,546 [INFO] MainPanel:268 - HeapMemory: 268435456
2024-09-09 20:09:23,703 [INFO] DbMcusXml:78 - Set database path to: /opt/st/stm32cubeide_1.16.0/plugins/com.st.stm32cube.common.mx_6.12.0.202406281431//db//mcu/
2024-09-09 20:09:23,703 [INFO] ApiDb:274 - Set plugin database path to: /opt/st/stm32cubeide_1.16.0/plugins/com.st.stm32cube.common.mx_6.12.0.202406281431//db//plugins/boardmanager/
2024-09-09 20:09:23,704 [INFO] ApiDb:261 - Set plugin images path to: /opt/st/stm32cubeide_1.16.0/plugins/com.st.stm32cube.common.mx_6.12.0.202406281431//db//plugins/mcufinder/images/
2024-09-09 20:09:23,704 [WARN] DbFile:41 - Overriding database path with different value: /home/leandro/.stmcufinder/plugins/mcufinder/ => /home/leandro/.stmcufinder/plugins/mcufinder
2024-09-09 20:09:23,705 [INFO] ApiDb:250 - Set database path to: /home/leandro/.stmcufinder/plugins/mcufinder//mcu/
2024-09-09 20:09:23,705 [WARN] DbFile:41 - Overriding database path with different value: /home/leandro/.stmcufinder/plugins/mcufinder/ => /home/leandro/.stmcufinder/plugins/mcufinder
2024-09-09 20:09:23,705 [INFO] DbMcusAds:125 - Set database path to: /home/leandro/.stmcufinder/plugins/mcufinder//mcu/
2024-09-09 20:09:23,705 [WARN] DbFile:41 - Overriding database path with different value: /home/leandro/.stmcufinder/plugins/mcufinder/ => /home/leandro/.stmcufinder/plugins/mcufinder
2024-09-09 20:09:23,705 [WARN] DbFile:41 - Overriding database path with different value: /home/leandro/.stmcufinder/plugins/mcufinder/ => /home/leandro/.stmcufinder/plugins/mcufinder
2024-09-09 20:09:23,705 [INFO] CrossReferenceDbSqlite:203 - Set database path to: /home/leandro/.stmcufinder/plugins/mcufinder//mcu/cs/
2024-09-09 20:09:23,726 [INFO] ApplicationProperties:184 - Using Application install path: /opt/st/stm32cubeide_1.16.0/plugins/com.st.stm32cube.common.mx_6.12.0.202406281431
2024-09-09 20:09:23,728 [INFO] PluginManage:196 - Search for loadable plugins [exclusion list=, ]
2024-09-09 20:09:23,730 [INFO] PluginManage:310 - Check plugin analytics
2024-09-09 20:09:24,175 [INFO] AnalyticsPlugin:253 - Accepted Software Licenses: 
2024-09-09 20:09:24,176 [INFO] AnalyticsPlugin:255 - Accepted CMSIS Pack Licenses: 
2024-09-09 20:09:24,176 [INFO] AnalyticsPlugin:257 - Accepted Firmware Licenses: FW.F4.1.27.0,FW.F4.1.28.0
2024-09-09 20:09:24,183 [INFO] PluginManage:359 - Loaded plugin analytics (category:tool,tabindex:-1)
2024-09-09 20:09:24,183 [INFO] PluginManage:310 - Check plugin cadmodel
2024-09-09 20:09:24,193 [INFO] CADModel:105 - Init CAD model plugin
2024-09-09 20:09:24,194 [INFO] PluginManage:359 - Loaded plugin cadmodel (category:power,tabindex:5)
2024-09-09 20:09:24,195 [INFO] PluginManage:310 - Check plugin clock
2024-09-09 20:09:24,214 [INFO] PluginManage:359 - Loaded plugin clock (category:base,tabindex:2)
2024-09-09 20:09:24,215 [INFO] PluginManage:310 - Check plugin ddr
2024-09-09 20:09:24,220 [INFO] PluginManage:359 - Loaded plugin ddr (category:tool,tabindex:6)
2024-09-09 20:09:24,221 [INFO] PluginManage:310 - Check plugin filemanager
2024-09-09 20:09:24,464 [INFO] PluginManage:359 - Loaded plugin filemanager (category:base,tabindex:10)
2024-09-09 20:09:24,464 [INFO] PluginManage:310 - Check plugin ipmanager
2024-09-09 20:09:24,474 [INFO] PluginManage:359 - Loaded plugin ipmanager (category:base,tabindex:5)
2024-09-09 20:09:24,474 [INFO] PluginManage:310 - Check plugin lpbam
2024-09-09 20:09:24,489 [INFO] PluginManage:359 - Loaded plugin lpbam (category:base,tabindex:0)
2024-09-09 20:09:24,490 [INFO] PluginManage:310 - Check plugin memorymap
2024-09-09 20:09:24,505 [INFO] PluginManage:359 - Loaded plugin memorymap (category:base,tabindex:4)
2024-09-09 20:09:24,506 [INFO] PluginManage:310 - Check plugin pinoutandconfiguration
2024-09-09 20:09:24,516 [INFO] PluginManage:359 - Loaded plugin pinoutandconfiguration (category:base,tabindex:1)
2024-09-09 20:09:24,516 [INFO] PluginManage:310 - Check plugin pinoutconfig
2024-09-09 20:09:24,681 [WARN] SupportedApi:132 - Cannot load RTOS API schema: s4s-elt-must-match.1: The content of 'definitions' must match (annotation?, (simpleType | complexType)?, (unique | key | keyref)*)). A problem was found starting at: attribute.
2024-09-09 20:09:24,877 [INFO] PluginManage:359 - Loaded plugin pinoutconfig (category:base,tabindex:0)
2024-09-09 20:09:24,877 [INFO] PluginManage:310 - Check plugin power
2024-09-09 20:09:24,889 [INFO] PluginManage:359 - Loaded plugin power (category:power,tabindex:4)
2024-09-09 20:09:24,889 [INFO] PluginManage:310 - Check plugin projectmanager
2024-09-09 20:09:24,914 [INFO] PluginManage:359 - Loaded plugin projectmanager (category:projectmanager,tabindex:4)
2024-09-09 20:09:24,914 [INFO] PluginManage:310 - Check plugin rif
2024-09-09 20:09:24,921 [INFO] PluginManage:359 - Loaded plugin rif (category:base,tabindex:3)
2024-09-09 20:09:24,921 [INFO] PluginManage:310 - Check plugin thirdparty
2024-09-09 20:09:25,105 [INFO] PluginManage:359 - Loaded plugin thirdparty (category:base,tabindex:-1)
2024-09-09 20:09:25,105 [INFO] PluginManage:310 - Check plugin tools
2024-09-09 20:09:25,104 [WARN] IntegrityCheckThread:84 - waiting for thirdparty lock release [integrity check]
2024-09-09 20:09:25,105 [INFO] IntegrityCheckThread:86 - entering critical section [integrity check]
2024-09-09 20:09:25,106 [INFO] ThirdPartyUpdaterWithRetryManager:70 - Updater plugin not ready yet. [1/15]
2024-09-09 20:09:25,108 [INFO] PluginManage:359 - Loaded plugin tools (category:base,tabindex:7)
2024-09-09 20:09:25,108 [INFO] PluginManage:310 - Check plugin tutovideos
2024-09-09 20:09:25,356 [INFO] PluginManage:359 - Loaded plugin tutovideos (category:base,tabindex:-1)
2024-09-09 20:09:25,357 [INFO] PluginManage:310 - Check plugin updater
2024-09-09 20:09:25,381 [INFO] PluginManage:359 - Loaded plugin updater (category:base,tabindex:12)
2024-09-09 20:09:25,381 [INFO] PluginManage:310 - Check plugin userauth
2024-09-09 20:09:25,388 [INFO] UserAuth:113 - Init User Auth plugin
2024-09-09 20:09:25,389 [INFO] PluginManage:359 - Loaded plugin userauth (category:base,tabindex:14)
2024-09-09 20:09:25,390 [INFO] PluginManage:283 - PluginManage : Loaded plugins [18]
2024-09-09 20:09:25,656 [INFO] PinOutPanel:1561 - setPackage(No Configuration,No Configuration)
2024-09-09 20:09:25,756 [INFO] CADModel:165 - CPN selected for project level
2024-09-09 20:09:25,757 [INFO] CADModel:114 - Register for checkConnection events
2024-09-09 20:09:25,773 [INFO] IPUIPlugin:80 - create IPUIPlugin
2024-09-09 20:09:25,773 [INFO] PluginManager:220 - loadIPPluginJar : add ddr_ctrl_phy
2024-09-09 20:09:25,775 [INFO] IPUIPlugin:80 - create IPUIPlugin
2024-09-09 20:09:25,775 [INFO] PluginManager:220 - loadIPPluginJar : add tim
2024-09-09 20:09:25,779 [INFO] IPUIPlugin:80 - create IPUIPlugin
2024-09-09 20:09:25,779 [INFO] PluginManager:220 - loadIPPluginJar : add openamp
2024-09-09 20:09:25,783 [INFO] IPUIPlugin:80 - create IPUIPlugin
2024-09-09 20:09:25,784 [INFO] PluginManager:220 - loadIPPluginJar : add pdm2pcm
2024-09-09 20:09:25,789 [INFO] IPUIPlugin:80 - create IPUIPlugin
2024-09-09 20:09:25,789 [INFO] PluginManager:220 - loadIPPluginJar : add resmgrutility
2024-09-09 20:09:25,797 [INFO] IPUIPlugin:80 - create IPUIPlugin
2024-09-09 20:09:25,798 [INFO] PluginManager:220 - loadIPPluginJar : add mdma
2024-09-09 20:09:25,800 [INFO] IPUIPlugin:80 - create IPUIPlugin
2024-09-09 20:09:25,800 [INFO] PluginManager:220 - loadIPPluginJar : add tsc
2024-09-09 20:09:25,802 [INFO] IPUIPlugin:80 - create IPUIPlugin
2024-09-09 20:09:25,803 [INFO] PluginManager:220 - loadIPPluginJar : add genericplugin
2024-09-09 20:09:25,805 [INFO] IPUIPlugin:80 - create IPUIPlugin
2024-09-09 20:09:25,808 [INFO] PluginManager:220 - loadIPPluginJar : add radio
2024-09-09 20:09:25,810 [INFO] IPUIPlugin:80 - create IPUIPlugin
2024-09-09 20:09:25,810 [INFO] PluginManager:220 - loadIPPluginJar : add comp
2024-09-09 20:09:25,812 [INFO] IPUIPlugin:80 - create IPUIPlugin
2024-09-09 20:09:25,813 [INFO] PluginManager:220 - loadIPPluginJar : add quadspi
2024-09-09 20:09:25,817 [INFO] IPUIPlugin:80 - create IPUIPlugin
2024-09-09 20:09:25,817 [INFO] PluginManager:220 - loadIPPluginJar : add extmemmanager
2024-09-09 20:09:25,820 [INFO] IPUIPlugin:80 - create IPUIPlugin
2024-09-09 20:09:25,820 [INFO] PluginManager:220 - loadIPPluginJar : add hash
2024-09-09 20:09:25,824 [INFO] IPUIPlugin:80 - create IPUIPlugin
2024-09-09 20:09:25,824 [INFO] PluginManager:220 - loadIPPluginJar : add sai
2024-09-09 20:09:25,827 [INFO] IPUIPlugin:80 - create IPUIPlugin
2024-09-09 20:09:25,827 [INFO] PluginManager:220 - loadIPPluginJar : add touchsensing
2024-09-09 20:09:25,829 [INFO] IPUIPlugin:80 - create IPUIPlugin
2024-09-09 20:09:25,829 [INFO] PluginManager:220 - loadIPPluginJar : add gfxmmu
2024-09-09 20:09:25,832 [INFO] IPUIPlugin:80 - create IPUIPlugin
2024-09-09 20:09:25,832 [INFO] PluginManager:220 - loadIPPluginJar : add i2c
2024-09-09 20:09:25,837 [INFO] IPUIPlugin:80 - create IPUIPlugin
2024-09-09 20:09:25,837 [INFO] PluginManager:220 - loadIPPluginJar : add adc
2024-09-09 20:09:25,840 [INFO] IPUIPlugin:80 - create IPUIPlugin
2024-09-09 20:09:25,841 [INFO] PluginManager:220 - loadIPPluginJar : add gpio
2024-09-09 20:09:25,844 [INFO] IPUIPlugin:80 - create IPUIPlugin
2024-09-09 20:09:25,845 [INFO] PluginManager:220 - loadIPPluginJar : add fmc
2024-09-09 20:09:25,847 [INFO] IPUIPlugin:80 - create IPUIPlugin
2024-09-09 20:09:25,847 [INFO] PluginManager:220 - loadIPPluginJar : add can
2024-09-09 20:09:25,850 [INFO] IPUIPlugin:80 - create IPUIPlugin
2024-09-09 20:09:25,850 [INFO] PluginManager:220 - loadIPPluginJar : add gtzc
2024-09-09 20:09:25,852 [INFO] IPUIPlugin:80 - create IPUIPlugin
2024-09-09 20:09:25,853 [INFO] PluginManager:220 - loadIPPluginJar : add aes
2024-09-09 20:09:25,856 [INFO] IPUIPlugin:80 - create IPUIPlugin
2024-09-09 20:09:25,856 [INFO] PluginManager:220 - loadIPPluginJar : add usart
2024-09-09 20:09:25,859 [INFO] IPUIPlugin:80 - create IPUIPlugin
2024-09-09 20:09:25,859 [INFO] PluginManager:220 - loadIPPluginJar : add ts
2024-09-09 20:09:25,861 [INFO] IPUIPlugin:80 - create IPUIPlugin
2024-09-09 20:09:25,861 [INFO] PluginManager:220 - loadIPPluginJar : add ltdc
2024-09-09 20:09:25,864 [INFO] IPUIPlugin:80 - create IPUIPlugin
2024-09-09 20:09:25,864 [INFO] PluginManager:220 - loadIPPluginJar : add tracer_emb
2024-09-09 20:09:25,868 [INFO] IPUIPlugin:80 - create IPUIPlugin
2024-09-09 20:09:25,868 [INFO] PluginManager:220 - loadIPPluginJar : add i3c
2024-09-09 20:09:25,871 [INFO] IPUIPlugin:80 - create IPUIPlugin
2024-09-09 20:09:25,871 [INFO] PluginManager:220 - loadIPPluginJar : add lorawan
2024-09-09 20:09:25,878 [INFO] IPUIPlugin:80 - create IPUIPlugin
2024-09-09 20:09:25,879 [INFO] PluginManager:220 - loadIPPluginJar : add stm32_wpan
2024-09-09 20:09:25,887 [INFO] IPUIPlugin:80 - create IPUIPlugin
2024-09-09 20:09:25,892 [INFO] PluginManager:220 - loadIPPluginJar : add plateformsettings
2024-09-09 20:09:25,902 [INFO] IPUIPlugin:80 - create IPUIPlugin
2024-09-09 20:09:25,902 [INFO] PluginManager:220 - loadIPPluginJar : add linkedlist
2024-09-09 20:09:25,910 [INFO] IPUIPlugin:80 - create IPUIPlugin
2024-09-09 20:09:25,910 [INFO] PluginManager:220 - loadIPPluginJar : add gic
2024-09-09 20:09:25,913 [INFO] IPUIPlugin:80 - create IPUIPlugin
2024-09-09 20:09:25,914 [INFO] PluginManager:220 - loadIPPluginJar : add ipddr
2024-09-09 20:09:25,917 [INFO] IPUIPlugin:80 - create IPUIPlugin
2024-09-09 20:09:25,917 [INFO] PluginManager:220 - loadIPPluginJar : add dfsdm
2024-09-09 20:09:25,920 [INFO] IPUIPlugin:80 - create IPUIPlugin
2024-09-09 20:09:25,920 [INFO] PluginManager:220 - loadIPPluginJar : add ucpd
2024-09-09 20:09:25,923 [INFO] IPUIPlugin:80 - create IPUIPlugin
2024-09-09 20:09:25,923 [INFO] PluginManager:220 - loadIPPluginJar : add opamp
2024-09-09 20:09:25,927 [INFO] IPUIPlugin:80 - create IPUIPlugin
2024-09-09 20:09:25,927 [INFO] PluginManager:220 - loadIPPluginJar : add i2s
2024-09-09 20:09:25,933 [INFO] IPUIPlugin:80 - create IPUIPlugin
2024-09-09 20:09:25,933 [INFO] PluginManager:220 - loadIPPluginJar : add freertos
2024-09-09 20:09:25,937 [INFO] IPUIPlugin:80 - create IPUIPlugin
2024-09-09 20:09:25,937 [INFO] PluginManager:220 - loadIPPluginJar : add nvic
2024-09-09 20:09:25,941 [INFO] IPUIPlugin:80 - create IPUIPlugin
2024-09-09 20:09:25,941 [INFO] PluginManager:220 - loadIPPluginJar : add usbx
2024-09-09 20:09:25,943 [INFO] IPUIPlugin:80 - create IPUIPlugin
2024-09-09 20:09:25,943 [INFO] PluginManager:220 - loadIPPluginJar : add dma3
2024-09-09 20:09:25,946 [INFO] IPUIPlugin:80 - create IPUIPlugin
2024-09-09 20:09:25,946 [INFO] PluginManager:220 - loadIPPluginJar : add spi
2024-09-09 20:09:25,948 [INFO] IPUIPlugin:80 - create IPUIPlugin
2024-09-09 20:09:25,948 [INFO] PluginManager:220 - loadIPPluginJar : add cryp
2024-09-09 20:09:25,955 [INFO] IPUIPlugin:80 - create IPUIPlugin
2024-09-09 20:09:25,955 [INFO] PluginManager:220 - loadIPPluginJar : add dma
2024-09-09 20:09:25,957 [INFO] IPUIPlugin:80 - create IPUIPlugin
2024-09-09 20:09:25,958 [INFO] PluginManager:220 - loadIPPluginJar : add fatfs
2024-09-09 20:09:26,062 [INFO] CADModel:165 - CPN selected for project level
2024-09-09 20:09:26,062 [INFO] CADModel:114 - Register for checkConnection events
2024-09-09 20:09:26,063 [FATAL] Updater:334 - Updater called before beeing initialized
2024-09-09 20:09:26,063 [ERROR] CADModel:125 - Updater not yet initialized, retry later 
2024-09-09 20:09:26,181 [INFO] CADModel:165 - CPN selected for project level
2024-09-09 20:09:26,182 [INFO] CADModel:114 - Register for checkConnection events
2024-09-09 20:09:26,182 [FATAL] Updater:334 - Updater called before beeing initialized
2024-09-09 20:09:26,182 [ERROR] CADModel:125 - Updater not yet initialized, retry later 
2024-09-09 20:09:26,185 [FATAL] Updater:334 - Updater called before beeing initialized
2024-09-09 20:09:26,296 [FATAL] Updater:334 - Updater called before beeing initialized
2024-09-09 20:09:26,303 [INFO] DbMcusAds:53 - JSON generation date=Thu May 16 06:22:00 BRT 2024 (1715851320667)
2024-09-09 20:09:26,303 [FATAL] Updater:334 - Updater called before beeing initialized
2024-09-09 20:09:26,358 [WARN] DetailPanel:346 - Failed to get advertising image, set to default
2024-09-09 20:09:26,479 [FATAL] Updater:334 - Updater called before beeing initialized
2024-09-09 20:09:26,481 [FATAL] Updater:334 - Updater called before beeing initialized
2024-09-09 20:09:26,481 [FATAL] Updater:334 - Updater called before beeing initialized
2024-09-09 20:09:26,481 [WARN] DetailPanel:346 - Failed to get advertising image, set to default
2024-09-09 20:09:26,483 [FATAL] Updater:334 - Updater called before beeing initialized
2024-09-09 20:09:26,530 [ERROR] Updater:1164 - MainUpdater not yet initialized. External WinMGr cannot be set.
2024-09-09 20:09:26,532 [INFO] Updater:1100 - Updater Version found : 6.12.0
2024-09-09 20:09:26,555 [INFO] ApplicationProperties:184 - Using Application install path: /opt/st/stm32cubeide_1.16.0/plugins/com.st.stm32cube.common.mx_6.12.0.202406281431
2024-09-09 20:09:26,578 [ERROR] LogOutputStream:75 - [STDERR_REDIRECT] Sep 09, 2024 8:09:26 PM java.util.prefs.FileSystemPreferences$2 run
2024-09-09 20:09:26,579 [ERROR] LogOutputStream:75 - [STDERR_REDIRECT] WARNING: Could not create system preferences directory. System preferences are unusable.
2024-09-09 20:09:26,579 [ERROR] LogOutputStream:75 - [STDERR_REDIRECT] 
2024-09-09 20:09:27,061 [INFO] MainUpdater:2873 - connection check result : 10
2024-09-09 20:09:27,062 [INFO] MainUpdater:290 - Updater Check For Update Now.
2024-09-09 20:09:27,062 [INFO] MicroXplorer:498 - Change Database Version : DB.6.0.120
2024-09-09 20:09:27,296 [INFO] CheckServerUpdateThread:120 - End of CheckServer Thread
2024-09-09 20:09:27,491 [INFO] MainUpdater:2873 - connection check result : 10
2024-09-09 20:09:27,492 [INFO] MainUpdater:2873 - connection check result : 10
2024-09-09 20:09:28,304 [WARN] PackLoader:240 - Cannot read IP mode file for STMicroelectronics.FP-SNS-MOTENVWB1.1.4.0
2024-09-09 20:09:28,318 [WARN] PackLoader:240 - Cannot read IP mode file for STMicroelectronics.X-CUBE-SMBUS.2.1.0
2024-09-09 20:09:28,380 [WARN] PackLoader:240 - Cannot read IP mode file for STMicroelectronics.X-CUBE-AZRTOS-F7.1.1.0
2024-09-09 20:09:28,525 [WARN] PackLoader:240 - Cannot read IP mode file for STMicroelectronics.X-CUBE-MEMS1.11.0.0
2024-09-09 20:09:28,935 [WARN] PackLoader:240 - Cannot read IP mode file for STMicroelectronics.FP-SNS-FLIGHT1.5.0.2
2024-09-09 20:09:28,951 [WARN] PackLoader:240 - Cannot read IP mode file for STMicroelectronics.X-CUBE-DISPLAY.3.0.0
2024-09-09 20:09:28,969 [WARN] PackLoader:240 - Cannot read IP mode file for STMicroelectronics.X-CUBE-BLE1.7.0.0
2024-09-09 20:09:28,976 [WARN] PackLoader:240 - Cannot read IP mode file for emotas.I-CUBE-CANOPEN.1.3.0
2024-09-09 20:09:28,991 [WARN] PackLoader:240 - Cannot read IP mode file for STMicroelectronics.X-CUBE-BLEMGR.3.1.0
2024-09-09 20:09:29,001 [WARN] PackLoader:240 - Cannot read IP mode file for STMicroelectronics.FP-SNS-SMARTAG2.1.2.0
2024-09-09 20:09:29,016 [INFO] LogOutputStream:77 - [STDOUT_REDIRECT] 1 : Invalid condition id : UX_CORESTACK_Condition cause : null
2024-09-09 20:09:29,016 [INFO] LogOutputStream:77 - [STDOUT_REDIRECT] 1 : Invalid condition id : UX_CORESTACK_Condition cause : null
2024-09-09 20:09:29,017 [INFO] LogOutputStream:77 - [STDOUT_REDIRECT] 1 : Invalid condition id : UX_CORESTACK_Condition cause : null
2024-09-09 20:09:29,017 [INFO] LogOutputStream:77 - [STDOUT_REDIRECT] 1 : Invalid condition id : UX_CORESTACK_Condition cause : null
2024-09-09 20:09:29,017 [INFO] LogOutputStream:77 - [STDOUT_REDIRECT] 1 : Invalid condition id : UX_CORESTACK_Condition cause : null
2024-09-09 20:09:29,023 [WARN] PackLoader:240 - Cannot read IP mode file for STMicroelectronics.X-CUBE-AZRTOS-WL.2.0.0
2024-09-09 20:09:29,030 [WARN] PackLoader:240 - Cannot read IP mode file for STMicroelectronics.FP-SNS-MOTENV1.5.0.0
2024-09-09 20:09:29,036 [WARN] PackLoader:240 - Cannot read IP mode file for wolfSSL.I-CUBE-wolfMQTT.1.19.0
2024-09-09 20:09:29,045 [WARN] PackLoader:240 - Cannot read IP mode file for WES.I-CUBE-Cesium.1.3.0
2024-09-09 20:09:29,051 [WARN] PackLoader:240 - Cannot read IP mode file for STMicroelectronics.X-CUBE-BLE2.3.3.0
2024-09-09 20:09:29,059 [WARN] PackLoader:240 - Cannot read IP mode file for STMicroelectronics.X-CUBE-TCPP.4.1.0
2024-09-09 20:09:29,093 [WARN] PackLoader:240 - Cannot read IP mode file for STMicroelectronics.X-CUBE-AZRTOS-G0.1.1.0
2024-09-09 20:09:29,106 [WARN] PackLoader:240 - Cannot read IP mode file for STMicroelectronics.X-CUBE-SAFEA1.1.2.2
2024-09-09 20:09:29,115 [WARN] PackLoader:240 - Cannot read IP mode file for STMicroelectronics.X-CUBE-NFC4.3.0.0
2024-09-09 20:09:29,131 [WARN] PackLoader:240 - Cannot read IP mode file for EmbeddedOffice.I-CUBE-FS-RTOS.1.0.1
2024-09-09 20:09:29,132 [ERROR] ConditionMgr:805 - Attr not supported : Dmpu
2024-09-09 20:09:29,132 [ERROR] ConditionMgr:805 - Attr not supported : Dmpu
2024-09-09 20:09:29,132 [ERROR] ConditionMgr:805 - Attr not supported : Dmpu
2024-09-09 20:09:29,132 [ERROR] ConditionMgr:805 - Attr not supported : Dmpu
2024-09-09 20:09:29,133 [ERROR] ConditionMgr:805 - Attr not supported : Dmpu
2024-09-09 20:09:29,133 [ERROR] ConditionMgr:805 - Attr not supported : Dmpu
2024-09-09 20:09:29,133 [ERROR] ConditionMgr:805 - Attr not supported : Dmpu
2024-09-09 20:09:29,133 [ERROR] ConditionMgr:805 - Attr not supported : Dmpu
2024-09-09 20:09:29,133 [ERROR] ConditionMgr:805 - Attr not supported : Dmpu
2024-09-09 20:09:29,133 [ERROR] ConditionMgr:805 - Attr not supported : Dmpu
2024-09-09 20:09:29,134 [ERROR] ConditionMgr:805 - Attr not supported : Dmpu
2024-09-09 20:09:29,134 [ERROR] ConditionMgr:805 - Attr not supported : Dmpu
2024-09-09 20:09:29,134 [ERROR] ConditionMgr:805 - Attr not supported : Dmpu
2024-09-09 20:09:29,134 [ERROR] ConditionMgr:805 - Attr not supported : Dmpu
2024-09-09 20:09:29,134 [ERROR] ConditionMgr:805 - Attr not supported : Dmpu
2024-09-09 20:09:29,134 [ERROR] ConditionMgr:805 - Attr not supported : Dmpu
2024-09-09 20:09:29,134 [ERROR] ConditionMgr:805 - Attr not supported : Dmpu
2024-09-09 20:09:29,135 [ERROR] ConditionMgr:805 - Attr not supported : Dmpu
2024-09-09 20:09:29,135 [ERROR] ConditionMgr:805 - Attr not supported : Dmpu
2024-09-09 20:09:29,135 [ERROR] ConditionMgr:805 - Attr not supported : Dmpu
2024-09-09 20:09:29,135 [ERROR] ConditionMgr:805 - Attr not supported : Dmpu
2024-09-09 20:09:29,135 [ERROR] ConditionMgr:805 - Attr not supported : Dmpu
2024-09-09 20:09:29,135 [ERROR] ConditionMgr:805 - Attr not supported : Dmpu
2024-09-09 20:09:29,135 [ERROR] ConditionMgr:805 - Attr not supported : Dmpu
2024-09-09 20:09:29,136 [ERROR] ConditionMgr:805 - Attr not supported : Dmpu
2024-09-09 20:09:29,136 [ERROR] ConditionMgr:805 - Attr not supported : Dmpu
2024-09-09 20:09:29,136 [ERROR] ConditionMgr:805 - Attr not supported : Dmpu
2024-09-09 20:09:29,136 [ERROR] ConditionMgr:805 - Attr not supported : Dmpu
2024-09-09 20:09:29,136 [ERROR] ConditionMgr:805 - Attr not supported : Dmpu
2024-09-09 20:09:29,137 [ERROR] ConditionMgr:805 - Attr not supported : Dmpu
2024-09-09 20:09:29,137 [ERROR] ConditionMgr:805 - Attr not supported : Dmpu
2024-09-09 20:09:29,137 [ERROR] ConditionMgr:805 - Attr not supported : Dmpu
2024-09-09 20:09:29,137 [ERROR] ConditionMgr:805 - Attr not supported : Dmpu
2024-09-09 20:09:29,137 [ERROR] ConditionMgr:805 - Attr not supported : Dmpu
2024-09-09 20:09:29,137 [ERROR] ConditionMgr:805 - Attr not supported : Dmpu
2024-09-09 20:09:29,137 [ERROR] ConditionMgr:805 - Attr not supported : Dmpu
2024-09-09 20:09:29,138 [ERROR] ConditionMgr:805 - Attr not supported : Dmpu
2024-09-09 20:09:29,138 [ERROR] ConditionMgr:805 - Attr not supported : Dmpu
2024-09-09 20:09:29,138 [ERROR] ConditionMgr:805 - Attr not supported : Dmpu
2024-09-09 20:09:29,138 [ERROR] ConditionMgr:805 - Attr not supported : Dmpu
2024-09-09 20:09:29,138 [ERROR] ConditionMgr:805 - Attr not supported : Dmpu
2024-09-09 20:09:29,139 [ERROR] ConditionMgr:805 - Attr not supported : Dmpu
2024-09-09 20:09:29,139 [ERROR] ConditionMgr:805 - Attr not supported : Dmpu
2024-09-09 20:09:29,139 [ERROR] ConditionMgr:805 - Attr not supported : Dmpu
2024-09-09 20:09:29,139 [ERROR] ConditionMgr:805 - Attr not supported : Dmpu
2024-09-09 20:09:29,139 [ERROR] ConditionMgr:805 - Attr not supported : Dmpu
2024-09-09 20:09:29,139 [ERROR] ConditionMgr:805 - Attr not supported : Dmpu
2024-09-09 20:09:29,139 [ERROR] ConditionMgr:805 - Attr not supported : Dmpu
2024-09-09 20:09:29,140 [ERROR] ConditionMgr:805 - Attr not supported : Dmpu
2024-09-09 20:09:29,140 [ERROR] ConditionMgr:805 - Attr not supported : Dmpu
2024-09-09 20:09:29,140 [ERROR] ConditionMgr:805 - Attr not supported : Dmpu
2024-09-09 20:09:29,140 [ERROR] ConditionMgr:805 - Attr not supported : Dmpu
2024-09-09 20:09:29,140 [ERROR] ConditionMgr:805 - Attr not supported : Dmpu
2024-09-09 20:09:29,140 [ERROR] ConditionMgr:805 - Attr not supported : Dmpu
2024-09-09 20:09:29,140 [ERROR] ConditionMgr:805 - Attr not supported : Dmpu
2024-09-09 20:09:29,140 [ERROR] ConditionMgr:805 - Attr not supported : Dmpu
2024-09-09 20:09:29,141 [ERROR] ConditionMgr:805 - Attr not supported : Dmpu
2024-09-09 20:09:29,141 [ERROR] ConditionMgr:805 - Attr not supported : Dmpu
2024-09-09 20:09:29,141 [ERROR] ConditionMgr:805 - Attr not supported : Dmpu
2024-09-09 20:09:29,141 [ERROR] ConditionMgr:805 - Attr not supported : Dmpu
2024-09-09 20:09:29,141 [ERROR] ConditionMgr:805 - Attr not supported : Dmpu
2024-09-09 20:09:29,141 [ERROR] ConditionMgr:805 - Attr not supported : Dmpu
2024-09-09 20:09:29,141 [ERROR] ConditionMgr:805 - Attr not supported : Dmpu
2024-09-09 20:09:29,141 [ERROR] ConditionMgr:805 - Attr not supported : Dmpu
2024-09-09 20:09:29,147 [WARN] PackLoader:240 - Cannot read IP mode file for RealThread.X-CUBE-RT-Thread_Nano.4.1.1
2024-09-09 20:09:29,152 [WARN] PackLoader:240 - Cannot read IP mode file for STMicroelectronics.FP-ATR-SIGFOX1.3.2.0
2024-09-09 20:09:29,157 [WARN] PackLoader:240 - Cannot read IP mode file for wolfSSL.I-CUBE-wolfSSL.5.7.2
2024-09-09 20:09:29,165 [WARN] PackLoader:240 - Cannot read IP mode file for STMicroelectronics.X-CUBE-EEPRMA1.5.1.0
2024-09-09 20:09:29,175 [WARN] PackLoader:240 - Cannot read IP mode file for ITTIA_DB.I-CUBE-ITTIADB.8.9.0
2024-09-09 20:09:29,227 [WARN] PackLoader:240 - Cannot read IP mode file for SEGGER.I-CUBE-embOS.1.3.1
2024-09-09 20:09:29,321 [WARN] PackLoader:240 - Cannot read IP mode file for STMicroelectronics.X-CUBE-ALGOBUILD.1.4.0
2024-09-09 20:09:29,327 [WARN] PackLoader:240 - Cannot read IP mode file for STMicroelectronics.X-CUBE-GNSS1.6.0.0
2024-09-09 20:09:29,353 [WARN] PackLoader:240 - Cannot read IP mode file for STMicroelectronics.X-CUBE-AZRTOS-F4.1.1.0
2024-09-09 20:09:29,362 [WARN] PackLoader:240 - Cannot read IP mode file for STMicroelectronics.X-CUBE-FREERTOS.1.2.0
2024-09-09 20:09:29,389 [WARN] PackLoader:240 - Cannot read IP mode file for STMicroelectronics.X-CUBE-AZRTOS-L5.2.0.0
2024-09-09 20:09:29,402 [WARN] PackLoader:240 - Cannot read IP mode file for STMicroelectronics.X-CUBE-NFC6.3.1.0
2024-09-09 20:09:29,408 [WARN] PackLoader:240 - Cannot read IP mode file for STMicroelectronics.X-CUBE-AI.9.0.0
2024-09-09 20:09:29,414 [WARN] PackLoader:240 - Cannot read IP mode file for STMicroelectronics.X-CUBE-NFC7.1.0.1
2024-09-09 20:09:29,419 [WARN] PackLoader:240 - Cannot read IP mode file for wolfSSL.I-CUBE-wolfTPM.3.2.0
2024-09-09 20:09:29,449 [WARN] ConditionMgr:438 - getConditionDescription Invalid condition id : LAN8742 Phy interface Condition cause : null
2024-09-09 20:09:29,450 [WARN] PackLoader:240 - Cannot read IP mode file for STMicroelectronics.X-CUBE-AZRTOS-L4.2.0.0
2024-09-09 20:09:29,452 [WARN] ConditionMgr:1039 - genDependencies : Invalid condition id : LAN8742 Phy interface Condition cause : null
2024-09-09 20:09:29,453 [WARN] ConditionMgr:1039 - genDependencies : Invalid condition id : LAN8742 Phy interface Condition cause : null
2024-09-09 20:09:29,454 [WARN] ConditionMgr:1039 - genDependencies : Invalid condition id : LAN8742 Phy interface Condition cause : null
2024-09-09 20:09:29,464 [WARN] PackLoader:240 - Cannot read IP mode file for STMicroelectronics.X-CUBE-SFXS2LP1.4.0.0
2024-09-09 20:09:29,500 [WARN] PackLoader:240 - Cannot read IP mode file for STMicroelectronics.X-CUBE-AZRTOS-H7.3.3.0
2024-09-09 20:09:29,526 [WARN] ConditionMgr:438 - getConditionDescription Invalid condition id : UX DEVICE CLASS RTOS Condition cause : null
2024-09-09 20:09:29,526 [WARN] ConditionMgr:438 - getConditionDescription Invalid condition id : UX DEVICE CLASS RTOS Condition cause : null
2024-09-09 20:09:29,529 [WARN] PackLoader:240 - Cannot read IP mode file for STMicroelectronics.X-CUBE-AZRTOS-WB.2.0.0
2024-09-09 20:09:29,530 [WARN] ConditionMgr:1039 - genDependencies : Invalid condition id : UX DEVICE CLASS RTOS Condition cause : null
2024-09-09 20:09:29,531 [WARN] ConditionMgr:1039 - genDependencies : Invalid condition id : UX DEVICE CLASS RTOS Condition cause : null
2024-09-09 20:09:29,532 [WARN] ConditionMgr:1039 - genDependencies : Invalid condition id : UX DEVICE CLASS RTOS Condition cause : null
2024-09-09 20:09:29,532 [WARN] ConditionMgr:1039 - genDependencies : Invalid condition id : UX DEVICE CLASS RTOS Condition cause : null
2024-09-09 20:09:29,533 [WARN] ConditionMgr:1039 - genDependencies : Invalid condition id : UX DEVICE CLASS RTOS Condition cause : null
2024-09-09 20:09:29,548 [WARN] PackLoader:240 - Cannot read IP mode file for STMicroelectronics.X-CUBE-SUBG2.5.0.0
2024-09-09 20:09:29,560 [WARN] PackLoader:240 - Cannot read IP mode file for Cesanta.I-CUBE-Mongoose.7.13.0
2024-09-09 20:09:29,582 [WARN] PackLoader:240 - Cannot read IP mode file for STMicroelectronics.X-CUBE-AZRTOS-G4.2.0.0
2024-09-09 20:09:29,590 [WARN] PackLoader:240 - Cannot read IP mode file for STMicroelectronics.X-CUBE-ISPU.2.0.0
2024-09-09 20:09:29,596 [WARN] PackLoader:240 - Cannot read IP mode file for STMicroelectronics.X-CUBE-ALS.1.0.2
2024-09-09 20:09:29,667 [WARN] PackLoader:240 - Cannot read IP mode file for STMicroelectronics.X-CUBE-MEMS1.10.0.0
2024-09-09 20:09:29,906 [WARN] PackLoader:240 - Cannot read IP mode file for STMicroelectronics.X-CUBE-TOUCHGFX.4.24.0
2024-09-09 20:09:29,912 [WARN] PackLoader:240 - Cannot read IP mode file for portGmbH.I-Cube-SoM-uGOAL.1.1.0
2024-09-09 20:09:29,946 [WARN] PackLoader:240 - Cannot read IP mode file for STMicroelectronics.X-CUBE-AZRTOS-H7RS.1.0.0
2024-09-09 20:09:29,954 [WARN] PackLoader:240 - Cannot read IP mode file for STMicroelectronics.FP-ATR-ASTRA1.2.0.0
2024-09-09 20:09:29,969 [WARN] PackLoader:240 - Cannot read IP mode file for STMicroelectronics.X-CUBE-TOF1.3.4.2
2024-09-09 20:09:30,018 [WARN] PackLoader:240 - Cannot read IP mode file for Infineon.AIROC-Wi-Fi-Bluetooth-STM32.1.6.1
2024-09-09 20:09:30,027 [WARN] PackLoader:240 - Cannot read IP mode file for wolfSSL.I-CUBE-wolfSSH.1.4.17
2024-09-09 20:09:30,028 [INFO] ThirdParty:978 - Integrity check success = true
2024-09-09 20:09:30,028 [INFO] IntegrityCheckThread:100 - exiting critical section [integrity check]
2024-09-09 20:09:30,028 [INFO] IntegrityCheckThread:103 - End integrity checks thread
2024-09-09 20:09:54,393 [ERROR] LogOutputStream:75 - [STDERR_REDIRECT] Sep 09, 2024 8:09:54 PM java.util.prefs.FileSystemPreferences checkLockFile0ErrorCode
2024-09-09 20:09:54,394 [ERROR] LogOutputStream:75 - [STDERR_REDIRECT] WARNING: Could not lock System prefs. Unix error code 2.
2024-09-09 20:09:54,394 [ERROR] LogOutputStream:75 - [STDERR_REDIRECT] 
2024-09-09 20:09:54,397 [ERROR] LogOutputStream:75 - [STDERR_REDIRECT] Sep 09, 2024 8:09:54 PM java.util.prefs.FileSystemPreferences syncWorld
2024-09-09 20:09:54,397 [ERROR] LogOutputStream:75 - [STDERR_REDIRECT] WARNING: Couldn't flush system prefs: java.util.prefs.BackingStoreException: Couldn't get file lock.
2024-09-09 20:09:54,398 [ERROR] LogOutputStream:75 - [STDERR_REDIRECT] 
2024-09-09 20:10:24,366 [ERROR] LogOutputStream:75 - [STDERR_REDIRECT] Sep 09, 2024 8:10:24 PM java.util.prefs.FileSystemPreferences checkLockFile0ErrorCode
2024-09-09 20:10:24,367 [ERROR] LogOutputStream:75 - [STDERR_REDIRECT] WARNING: Could not lock System prefs. Unix error code 2.
2024-09-09 20:10:24,367 [ERROR] LogOutputStream:75 - [STDERR_REDIRECT] 
2024-09-09 20:10:24,369 [ERROR] LogOutputStream:75 - [STDERR_REDIRECT] Sep 09, 2024 8:10:24 PM java.util.prefs.FileSystemPreferences syncWorld
2024-09-09 20:10:24,369 [ERROR] LogOutputStream:75 - [STDERR_REDIRECT] WARNING: Couldn't flush system prefs: java.util.prefs.BackingStoreException: Couldn't get file lock.
2024-09-09 20:10:24,370 [ERROR] LogOutputStream:75 - [STDERR_REDIRECT] 
2024-09-09 20:10:54,366 [ERROR] LogOutputStream:75 - [STDERR_REDIRECT] Sep 09, 2024 8:10:54 PM java.util.prefs.FileSystemPreferences checkLockFile0ErrorCode
2024-09-09 20:10:54,368 [ERROR] LogOutputStream:75 - [STDERR_REDIRECT] WARNING: Could not lock System prefs. Unix error code 2.
2024-09-09 20:10:54,368 [ERROR] LogOutputStream:75 - [STDERR_REDIRECT] 
2024-09-09 20:10:54,370 [ERROR] LogOutputStream:75 - [STDERR_REDIRECT] Sep 09, 2024 8:10:54 PM java.util.prefs.FileSystemPreferences syncWorld
2024-09-09 20:10:54,370 [ERROR] LogOutputStream:75 - [STDERR_REDIRECT] WARNING: Couldn't flush system prefs: java.util.prefs.BackingStoreException: Couldn't get file lock.
2024-09-09 20:10:54,371 [ERROR] LogOutputStream:75 - [STDERR_REDIRECT] 
2024-09-09 20:14:55,171 [INFO] Activator:176 - 


2024-09-09 20:14:55,201 [INFO] Activator:177 - !SESSION log4j initialized
2024-09-09 20:15:03,430 [INFO] ApplicationProperties:184 - Using Application install path: /opt/st/stm32cubeide_1.16.0/plugins/com.st.stm32cube.common.mx_6.12.0.202406281431
2024-09-09 20:15:03,567 [INFO] DbMcusXml:78 - Set database path to: /opt/st/stm32cubeide_1.16.0/plugins/com.st.stm32cube.common.mx_6.12.0.202406281431//db//mcu/
2024-09-09 20:15:03,567 [INFO] ApiDb:274 - Set plugin database path to: /opt/st/stm32cubeide_1.16.0/plugins/com.st.stm32cube.common.mx_6.12.0.202406281431//db//plugins/boardmanager/
2024-09-09 20:15:03,568 [WARN] ApiDb:259 - Overriding images path with different value:  => /opt/st/stm32cubeide_1.16.0/plugins/com.st.stm32cube.common.mx_6.12.0.202406281431//db//plugins/mcufinder/images/
2024-09-09 20:15:03,689 [INFO] ApiDb:250 - Set database path to: /home/leandro/.stmcufinder/plugins/mcufinder//mcu/
2024-09-09 20:15:03,693 [INFO] DbMcusAds:125 - Set database path to: /home/leandro/.stmcufinder/plugins/mcufinder//mcu/
2024-09-09 20:15:03,747 [INFO] CrossReferenceDbSqlite:203 - Set database path to: /home/leandro/.stmcufinder/plugins/mcufinder//mcu/cs/
2024-09-09 20:15:04,070 [INFO] RulesReader:64 - Compatibility file has been processed (297 Rules)
2024-09-09 20:15:04,364 [INFO] DbMcusXml:78 - Set database path to: /opt/st/stm32cubeide_1.16.0/plugins/com.st.stm32cube.common.mx_6.12.0.202406281431//db//mcu/
2024-09-09 20:15:04,364 [INFO] ApiDb:274 - Set plugin database path to: /opt/st/stm32cubeide_1.16.0/plugins/com.st.stm32cube.common.mx_6.12.0.202406281431//db//plugins/boardmanager/
2024-09-09 20:15:04,365 [INFO] ApiDb:261 - Set plugin images path to: /opt/st/stm32cubeide_1.16.0/plugins/com.st.stm32cube.common.mx_6.12.0.202406281431//db//plugins/mcufinder/images/
2024-09-09 20:15:04,365 [WARN] DbFile:41 - Overriding database path with different value: /home/leandro/.stmcufinder/plugins/mcufinder/ => /home/leandro/.stmcufinder/plugins/mcufinder
2024-09-09 20:15:04,365 [INFO] ApiDb:250 - Set database path to: /home/leandro/.stmcufinder/plugins/mcufinder//mcu/
2024-09-09 20:15:04,365 [WARN] DbFile:41 - Overriding database path with different value: /home/leandro/.stmcufinder/plugins/mcufinder/ => /home/leandro/.stmcufinder/plugins/mcufinder
2024-09-09 20:15:04,365 [INFO] DbMcusAds:125 - Set database path to: /home/leandro/.stmcufinder/plugins/mcufinder//mcu/
2024-09-09 20:15:04,365 [WARN] DbFile:41 - Overriding database path with different value: /home/leandro/.stmcufinder/plugins/mcufinder/ => /home/leandro/.stmcufinder/plugins/mcufinder
2024-09-09 20:15:04,366 [WARN] DbFile:41 - Overriding database path with different value: /home/leandro/.stmcufinder/plugins/mcufinder/ => /home/leandro/.stmcufinder/plugins/mcufinder
2024-09-09 20:15:04,366 [INFO] CrossReferenceDbSqlite:203 - Set database path to: /home/leandro/.stmcufinder/plugins/mcufinder//mcu/cs/
2024-09-09 20:15:05,025 [INFO] MainPanel:268 - HeapMemory: 268435456
2024-09-09 20:15:05,600 [INFO] DbMcusXml:78 - Set database path to: /opt/st/stm32cubeide_1.16.0/plugins/com.st.stm32cube.common.mx_6.12.0.202406281431//db//mcu/
2024-09-09 20:15:05,601 [INFO] ApiDb:274 - Set plugin database path to: /opt/st/stm32cubeide_1.16.0/plugins/com.st.stm32cube.common.mx_6.12.0.202406281431//db//plugins/boardmanager/
2024-09-09 20:15:05,601 [INFO] ApiDb:261 - Set plugin images path to: /opt/st/stm32cubeide_1.16.0/plugins/com.st.stm32cube.common.mx_6.12.0.202406281431//db//plugins/mcufinder/images/
2024-09-09 20:15:05,601 [WARN] DbFile:41 - Overriding database path with different value: /home/leandro/.stmcufinder/plugins/mcufinder/ => /home/leandro/.stmcufinder/plugins/mcufinder
2024-09-09 20:15:05,602 [INFO] ApiDb:250 - Set database path to: /home/leandro/.stmcufinder/plugins/mcufinder//mcu/
2024-09-09 20:15:05,602 [WARN] DbFile:41 - Overriding database path with different value: /home/leandro/.stmcufinder/plugins/mcufinder/ => /home/leandro/.stmcufinder/plugins/mcufinder
2024-09-09 20:15:05,602 [INFO] DbMcusAds:125 - Set database path to: /home/leandro/.stmcufinder/plugins/mcufinder//mcu/
2024-09-09 20:15:05,602 [WARN] DbFile:41 - Overriding database path with different value: /home/leandro/.stmcufinder/plugins/mcufinder/ => /home/leandro/.stmcufinder/plugins/mcufinder
2024-09-09 20:15:05,602 [WARN] DbFile:41 - Overriding database path with different value: /home/leandro/.stmcufinder/plugins/mcufinder/ => /home/leandro/.stmcufinder/plugins/mcufinder
2024-09-09 20:15:05,602 [INFO] CrossReferenceDbSqlite:203 - Set database path to: /home/leandro/.stmcufinder/plugins/mcufinder//mcu/cs/
2024-09-09 20:15:05,679 [INFO] ApplicationProperties:184 - Using Application install path: /opt/st/stm32cubeide_1.16.0/plugins/com.st.stm32cube.common.mx_6.12.0.202406281431
2024-09-09 20:15:05,680 [INFO] PluginManage:196 - Search for loadable plugins [exclusion list=, ]
2024-09-09 20:15:05,722 [INFO] PluginManage:310 - Check plugin analytics
2024-09-09 20:15:06,528 [INFO] AnalyticsPlugin:253 - Accepted Software Licenses: 
2024-09-09 20:15:06,529 [INFO] AnalyticsPlugin:255 - Accepted CMSIS Pack Licenses: 
2024-09-09 20:15:06,529 [INFO] AnalyticsPlugin:257 - Accepted Firmware Licenses: FW.F4.1.27.0,FW.F4.1.28.0
2024-09-09 20:15:06,533 [INFO] PluginManage:359 - Loaded plugin analytics (category:tool,tabindex:-1)
2024-09-09 20:15:06,534 [INFO] PluginManage:310 - Check plugin cadmodel
2024-09-09 20:15:06,782 [INFO] CADModel:105 - Init CAD model plugin
2024-09-09 20:15:06,782 [INFO] PluginManage:359 - Loaded plugin cadmodel (category:power,tabindex:5)
2024-09-09 20:15:06,782 [INFO] PluginManage:310 - Check plugin clock
2024-09-09 20:15:06,998 [INFO] PluginManage:359 - Loaded plugin clock (category:base,tabindex:2)
2024-09-09 20:15:06,998 [INFO] PluginManage:310 - Check plugin ddr
2024-09-09 20:15:07,064 [INFO] PluginManage:359 - Loaded plugin ddr (category:tool,tabindex:6)
2024-09-09 20:15:07,065 [INFO] PluginManage:310 - Check plugin filemanager
2024-09-09 20:15:08,560 [INFO] PluginManage:359 - Loaded plugin filemanager (category:base,tabindex:10)
2024-09-09 20:15:08,560 [INFO] PluginManage:310 - Check plugin ipmanager
2024-09-09 20:15:08,626 [INFO] PluginManage:359 - Loaded plugin ipmanager (category:base,tabindex:5)
2024-09-09 20:15:08,627 [INFO] PluginManage:310 - Check plugin lpbam
2024-09-09 20:15:08,768 [INFO] PluginManage:359 - Loaded plugin lpbam (category:base,tabindex:0)
2024-09-09 20:15:08,768 [INFO] PluginManage:310 - Check plugin memorymap
2024-09-09 20:15:08,937 [INFO] PluginManage:359 - Loaded plugin memorymap (category:base,tabindex:4)
2024-09-09 20:15:08,938 [INFO] PluginManage:310 - Check plugin pinoutandconfiguration
2024-09-09 20:15:09,014 [INFO] PluginManage:359 - Loaded plugin pinoutandconfiguration (category:base,tabindex:1)
2024-09-09 20:15:09,014 [INFO] PluginManage:310 - Check plugin pinoutconfig
2024-09-09 20:15:09,537 [WARN] SupportedApi:132 - Cannot load RTOS API schema: s4s-elt-must-match.1: The content of 'definitions' must match (annotation?, (simpleType | complexType)?, (unique | key | keyref)*)). A problem was found starting at: attribute.
2024-09-09 20:15:10,178 [INFO] PluginManage:359 - Loaded plugin pinoutconfig (category:base,tabindex:0)
2024-09-09 20:15:10,178 [INFO] PluginManage:310 - Check plugin power
2024-09-09 20:15:10,262 [INFO] PluginManage:359 - Loaded plugin power (category:power,tabindex:4)
2024-09-09 20:15:10,262 [INFO] PluginManage:310 - Check plugin projectmanager
2024-09-09 20:15:10,330 [INFO] PluginManage:359 - Loaded plugin projectmanager (category:projectmanager,tabindex:4)
2024-09-09 20:15:10,330 [INFO] PluginManage:310 - Check plugin rif
2024-09-09 20:15:10,417 [INFO] PluginManage:359 - Loaded plugin rif (category:base,tabindex:3)
2024-09-09 20:15:10,417 [INFO] PluginManage:310 - Check plugin thirdparty
2024-09-09 20:15:11,275 [INFO] PluginManage:359 - Loaded plugin thirdparty (category:base,tabindex:-1)
2024-09-09 20:15:11,276 [INFO] PluginManage:310 - Check plugin tools
2024-09-09 20:15:11,275 [WARN] IntegrityCheckThread:84 - waiting for thirdparty lock release [integrity check]
2024-09-09 20:15:11,276 [INFO] IntegrityCheckThread:86 - entering critical section [integrity check]
2024-09-09 20:15:11,277 [INFO] ThirdPartyUpdaterWithRetryManager:70 - Updater plugin not ready yet. [1/15]
2024-09-09 20:15:11,304 [INFO] PluginManage:359 - Loaded plugin tools (category:base,tabindex:7)
2024-09-09 20:15:11,304 [INFO] PluginManage:310 - Check plugin tutovideos
2024-09-09 20:15:11,710 [INFO] PluginManage:359 - Loaded plugin tutovideos (category:base,tabindex:-1)
2024-09-09 20:15:11,710 [INFO] PluginManage:310 - Check plugin updater
2024-09-09 20:15:11,751 [INFO] PluginManage:359 - Loaded plugin updater (category:base,tabindex:12)
2024-09-09 20:15:11,751 [INFO] PluginManage:310 - Check plugin userauth
2024-09-09 20:15:11,788 [INFO] UserAuth:113 - Init User Auth plugin
2024-09-09 20:15:11,788 [INFO] PluginManage:359 - Loaded plugin userauth (category:base,tabindex:14)
2024-09-09 20:15:11,789 [INFO] PluginManage:283 - PluginManage : Loaded plugins [18]
2024-09-09 20:15:12,955 [INFO] PinOutPanel:1561 - setPackage(No Configuration,No Configuration)
2024-09-09 20:15:13,869 [INFO] CADModel:165 - CPN selected for project level
2024-09-09 20:15:13,870 [INFO] CADModel:114 - Register for checkConnection events
2024-09-09 20:15:14,076 [INFO] IPUIPlugin:80 - create IPUIPlugin
2024-09-09 20:15:14,077 [INFO] PluginManager:220 - loadIPPluginJar : add ddr_ctrl_phy
2024-09-09 20:15:14,116 [INFO] IPUIPlugin:80 - create IPUIPlugin
2024-09-09 20:15:14,116 [INFO] PluginManager:220 - loadIPPluginJar : add tim
2024-09-09 20:15:14,151 [INFO] IPUIPlugin:80 - create IPUIPlugin
2024-09-09 20:15:14,151 [INFO] PluginManager:220 - loadIPPluginJar : add openamp
2024-09-09 20:15:14,167 [INFO] IPUIPlugin:80 - create IPUIPlugin
2024-09-09 20:15:14,167 [INFO] PluginManager:220 - loadIPPluginJar : add pdm2pcm
2024-09-09 20:15:14,224 [INFO] IPUIPlugin:80 - create IPUIPlugin
2024-09-09 20:15:14,224 [INFO] PluginManager:220 - loadIPPluginJar : add resmgrutility
2024-09-09 20:15:14,278 [INFO] ThirdPartyUpdaterWithRetryManager:70 - Updater plugin not ready yet. [2/15]
2024-09-09 20:15:14,311 [INFO] IPUIPlugin:80 - create IPUIPlugin
2024-09-09 20:15:14,313 [INFO] PluginManager:220 - loadIPPluginJar : add mdma
2024-09-09 20:15:14,318 [INFO] IPUIPlugin:80 - create IPUIPlugin
2024-09-09 20:15:14,318 [INFO] PluginManager:220 - loadIPPluginJar : add tsc
2024-09-09 20:15:14,341 [INFO] IPUIPlugin:80 - create IPUIPlugin
2024-09-09 20:15:14,342 [INFO] PluginManager:220 - loadIPPluginJar : add genericplugin
2024-09-09 20:15:14,347 [INFO] IPUIPlugin:80 - create IPUIPlugin
2024-09-09 20:15:14,380 [INFO] PluginManager:220 - loadIPPluginJar : add radio
2024-09-09 20:15:14,396 [INFO] IPUIPlugin:80 - create IPUIPlugin
2024-09-09 20:15:14,397 [INFO] PluginManager:220 - loadIPPluginJar : add comp
2024-09-09 20:15:14,401 [INFO] IPUIPlugin:80 - create IPUIPlugin
2024-09-09 20:15:14,401 [INFO] PluginManager:220 - loadIPPluginJar : add quadspi
2024-09-09 20:15:14,408 [INFO] IPUIPlugin:80 - create IPUIPlugin
2024-09-09 20:15:14,408 [INFO] PluginManager:220 - loadIPPluginJar : add extmemmanager
2024-09-09 20:15:14,434 [INFO] IPUIPlugin:80 - create IPUIPlugin
2024-09-09 20:15:14,434 [INFO] PluginManager:220 - loadIPPluginJar : add hash
2024-09-09 20:15:14,442 [INFO] IPUIPlugin:80 - create IPUIPlugin
2024-09-09 20:15:14,443 [INFO] PluginManager:220 - loadIPPluginJar : add sai
2024-09-09 20:15:14,453 [INFO] IPUIPlugin:80 - create IPUIPlugin
2024-09-09 20:15:14,453 [INFO] PluginManager:220 - loadIPPluginJar : add touchsensing
2024-09-09 20:15:14,460 [INFO] IPUIPlugin:80 - create IPUIPlugin
2024-09-09 20:15:14,461 [INFO] PluginManager:220 - loadIPPluginJar : add gfxmmu
2024-09-09 20:15:14,467 [INFO] IPUIPlugin:80 - create IPUIPlugin
2024-09-09 20:15:14,467 [INFO] PluginManager:220 - loadIPPluginJar : add i2c
2024-09-09 20:15:14,505 [INFO] IPUIPlugin:80 - create IPUIPlugin
2024-09-09 20:15:14,506 [INFO] PluginManager:220 - loadIPPluginJar : add adc
2024-09-09 20:15:14,534 [INFO] IPUIPlugin:80 - create IPUIPlugin
2024-09-09 20:15:14,534 [INFO] PluginManager:220 - loadIPPluginJar : add gpio
2024-09-09 20:15:14,543 [INFO] IPUIPlugin:80 - create IPUIPlugin
2024-09-09 20:15:14,543 [INFO] PluginManager:220 - loadIPPluginJar : add fmc
2024-09-09 20:15:14,549 [INFO] IPUIPlugin:80 - create IPUIPlugin
2024-09-09 20:15:14,549 [INFO] PluginManager:220 - loadIPPluginJar : add can
2024-09-09 20:15:14,555 [INFO] IPUIPlugin:80 - create IPUIPlugin
2024-09-09 20:15:14,555 [INFO] PluginManager:220 - loadIPPluginJar : add gtzc
2024-09-09 20:15:14,561 [INFO] IPUIPlugin:80 - create IPUIPlugin
2024-09-09 20:15:14,561 [INFO] PluginManager:220 - loadIPPluginJar : add aes
2024-09-09 20:15:14,567 [INFO] IPUIPlugin:80 - create IPUIPlugin
2024-09-09 20:15:14,568 [INFO] PluginManager:220 - loadIPPluginJar : add usart
2024-09-09 20:15:14,574 [INFO] IPUIPlugin:80 - create IPUIPlugin
2024-09-09 20:15:14,574 [INFO] PluginManager:220 - loadIPPluginJar : add ts
2024-09-09 20:15:14,610 [INFO] IPUIPlugin:80 - create IPUIPlugin
2024-09-09 20:15:14,610 [INFO] PluginManager:220 - loadIPPluginJar : add ltdc
2024-09-09 20:15:14,635 [INFO] IPUIPlugin:80 - create IPUIPlugin
2024-09-09 20:15:14,635 [INFO] PluginManager:220 - loadIPPluginJar : add tracer_emb
2024-09-09 20:15:14,653 [INFO] IPUIPlugin:80 - create IPUIPlugin
2024-09-09 20:15:14,653 [INFO] PluginManager:220 - loadIPPluginJar : add i3c
2024-09-09 20:15:14,688 [INFO] IPUIPlugin:80 - create IPUIPlugin
2024-09-09 20:15:14,689 [INFO] PluginManager:220 - loadIPPluginJar : add lorawan
2024-09-09 20:15:14,697 [INFO] IPUIPlugin:80 - create IPUIPlugin
2024-09-09 20:15:14,698 [INFO] PluginManager:220 - loadIPPluginJar : add stm32_wpan
2024-09-09 20:15:14,731 [INFO] IPUIPlugin:80 - create IPUIPlugin
2024-09-09 20:15:14,734 [INFO] PluginManager:220 - loadIPPluginJar : add plateformsettings
2024-09-09 20:15:14,775 [INFO] IPUIPlugin:80 - create IPUIPlugin
2024-09-09 20:15:14,775 [INFO] PluginManager:220 - loadIPPluginJar : add linkedlist
2024-09-09 20:15:14,816 [INFO] IPUIPlugin:80 - create IPUIPlugin
2024-09-09 20:15:14,816 [INFO] PluginManager:220 - loadIPPluginJar : add gic
2024-09-09 20:15:14,835 [INFO] IPUIPlugin:80 - create IPUIPlugin
2024-09-09 20:15:14,836 [INFO] PluginManager:220 - loadIPPluginJar : add ipddr
2024-09-09 20:15:14,874 [INFO] IPUIPlugin:80 - create IPUIPlugin
2024-09-09 20:15:14,874 [INFO] PluginManager:220 - loadIPPluginJar : add dfsdm
2024-09-09 20:15:14,880 [INFO] IPUIPlugin:80 - create IPUIPlugin
2024-09-09 20:15:14,880 [INFO] PluginManager:220 - loadIPPluginJar : add ucpd
2024-09-09 20:15:14,887 [INFO] IPUIPlugin:80 - create IPUIPlugin
2024-09-09 20:15:14,887 [INFO] PluginManager:220 - loadIPPluginJar : add opamp
2024-09-09 20:15:14,893 [INFO] IPUIPlugin:80 - create IPUIPlugin
2024-09-09 20:15:14,894 [INFO] PluginManager:220 - loadIPPluginJar : add i2s
2024-09-09 20:15:14,944 [INFO] IPUIPlugin:80 - create IPUIPlugin
2024-09-09 20:15:14,945 [INFO] PluginManager:220 - loadIPPluginJar : add freertos
2024-09-09 20:15:14,959 [INFO] IPUIPlugin:80 - create IPUIPlugin
2024-09-09 20:15:14,959 [INFO] PluginManager:220 - loadIPPluginJar : add nvic
2024-09-09 20:15:14,963 [INFO] IPUIPlugin:80 - create IPUIPlugin
2024-09-09 20:15:14,964 [INFO] PluginManager:220 - loadIPPluginJar : add usbx
2024-09-09 20:15:14,967 [INFO] IPUIPlugin:80 - create IPUIPlugin
2024-09-09 20:15:14,968 [INFO] PluginManager:220 - loadIPPluginJar : add dma3
2024-09-09 20:15:14,971 [INFO] IPUIPlugin:80 - create IPUIPlugin
2024-09-09 20:15:14,971 [INFO] PluginManager:220 - loadIPPluginJar : add spi
2024-09-09 20:15:15,006 [INFO] IPUIPlugin:80 - create IPUIPlugin
2024-09-09 20:15:15,006 [INFO] PluginManager:220 - loadIPPluginJar : add cryp
2024-09-09 20:15:15,051 [INFO] IPUIPlugin:80 - create IPUIPlugin
2024-09-09 20:15:15,052 [INFO] PluginManager:220 - loadIPPluginJar : add dma
2024-09-09 20:15:15,055 [INFO] IPUIPlugin:80 - create IPUIPlugin
2024-09-09 20:15:15,055 [INFO] PluginManager:220 - loadIPPluginJar : add fatfs
2024-09-09 20:15:15,271 [INFO] CADModel:165 - CPN selected for project level
2024-09-09 20:15:15,271 [INFO] CADModel:114 - Register for checkConnection events
2024-09-09 20:15:15,272 [FATAL] Updater:334 - Updater called before beeing initialized
2024-09-09 20:15:15,272 [ERROR] CADModel:125 - Updater not yet initialized, retry later 
2024-09-09 20:15:16,057 [INFO] CADModel:165 - CPN selected for project level
2024-09-09 20:15:16,058 [INFO] CADModel:114 - Register for checkConnection events
2024-09-09 20:15:16,058 [FATAL] Updater:334 - Updater called before beeing initialized
2024-09-09 20:15:16,058 [ERROR] CADModel:125 - Updater not yet initialized, retry later 
2024-09-09 20:15:16,065 [FATAL] Updater:334 - Updater called before beeing initialized
2024-09-09 20:15:16,271 [FATAL] Updater:334 - Updater called before beeing initialized
2024-09-09 20:15:16,284 [INFO] DbMcusAds:53 - JSON generation date=Thu May 16 06:22:00 BRT 2024 (1715851320667)
2024-09-09 20:15:16,284 [FATAL] Updater:334 - Updater called before beeing initialized
2024-09-09 20:15:16,443 [WARN] DetailPanel:346 - Failed to get advertising image, set to default
2024-09-09 20:15:16,572 [FATAL] Updater:334 - Updater called before beeing initialized
2024-09-09 20:15:16,605 [FATAL] Updater:334 - Updater called before beeing initialized
2024-09-09 20:15:16,605 [FATAL] Updater:334 - Updater called before beeing initialized
2024-09-09 20:15:16,605 [WARN] DetailPanel:346 - Failed to get advertising image, set to default
2024-09-09 20:15:16,607 [FATAL] Updater:334 - Updater called before beeing initialized
2024-09-09 20:15:16,723 [ERROR] Updater:1164 - MainUpdater not yet initialized. External WinMGr cannot be set.
2024-09-09 20:15:16,743 [INFO] Updater:1100 - Updater Version found : 6.12.0
2024-09-09 20:15:16,856 [INFO] ApplicationProperties:184 - Using Application install path: /opt/st/stm32cubeide_1.16.0/plugins/com.st.stm32cube.common.mx_6.12.0.202406281431
2024-09-09 20:15:16,972 [ERROR] LogOutputStream:75 - [STDERR_REDIRECT] Sep 09, 2024 8:15:16 PM java.util.prefs.FileSystemPreferences$2 run
2024-09-09 20:15:16,973 [ERROR] LogOutputStream:75 - [STDERR_REDIRECT] WARNING: Could not create system preferences directory. System preferences are unusable.
2024-09-09 20:15:16,974 [ERROR] LogOutputStream:75 - [STDERR_REDIRECT] 
2024-09-09 20:15:17,278 [INFO] ThirdPartyUpdaterWithRetryManager:70 - Updater plugin not ready yet. [3/15]
2024-09-09 20:15:18,185 [INFO] MainUpdater:2873 - connection check result : 10
2024-09-09 20:15:18,187 [INFO] MainUpdater:290 - Updater Check For Update Now.
2024-09-09 20:15:18,187 [INFO] MicroXplorer:498 - Change Database Version : DB.6.0.120
2024-09-09 20:15:18,576 [INFO] CheckServerUpdateThread:120 - End of CheckServer Thread
2024-09-09 20:15:18,765 [INFO] MainUpdater:2873 - connection check result : 10
2024-09-09 20:15:18,784 [INFO] MainUpdater:2873 - connection check result : 10
2024-09-09 20:15:20,704 [WARN] PackLoader:240 - Cannot read IP mode file for STMicroelectronics.FP-SNS-MOTENVWB1.1.4.0
2024-09-09 20:15:20,728 [WARN] PackLoader:240 - Cannot read IP mode file for STMicroelectronics.X-CUBE-SMBUS.2.1.0
2024-09-09 20:15:20,820 [WARN] PackLoader:240 - Cannot read IP mode file for STMicroelectronics.X-CUBE-AZRTOS-F7.1.1.0
2024-09-09 20:15:21,010 [WARN] PackLoader:240 - Cannot read IP mode file for STMicroelectronics.X-CUBE-MEMS1.11.0.0
2024-09-09 20:15:21,296 [WARN] PackLoader:240 - Cannot read IP mode file for STMicroelectronics.FP-SNS-FLIGHT1.5.0.2
2024-09-09 20:15:21,322 [WARN] PackLoader:240 - Cannot read IP mode file for STMicroelectronics.X-CUBE-DISPLAY.3.0.0
2024-09-09 20:15:21,346 [WARN] PackLoader:240 - Cannot read IP mode file for STMicroelectronics.X-CUBE-BLE1.7.0.0
2024-09-09 20:15:21,367 [WARN] PackLoader:240 - Cannot read IP mode file for emotas.I-CUBE-CANOPEN.1.3.0
2024-09-09 20:15:21,394 [WARN] PackLoader:240 - Cannot read IP mode file for STMicroelectronics.X-CUBE-BLEMGR.3.1.0
2024-09-09 20:15:21,404 [WARN] PackLoader:240 - Cannot read IP mode file for STMicroelectronics.FP-SNS-SMARTAG2.1.2.0
2024-09-09 20:15:21,428 [INFO] LogOutputStream:77 - [STDOUT_REDIRECT] 1 : Invalid condition id : UX_CORESTACK_Condition cause : null
2024-09-09 20:15:21,429 [INFO] LogOutputStream:77 - [STDOUT_REDIRECT] 1 : Invalid condition id : UX_CORESTACK_Condition cause : null
2024-09-09 20:15:21,430 [INFO] LogOutputStream:77 - [STDOUT_REDIRECT] 1 : Invalid condition id : UX_CORESTACK_Condition cause : null
2024-09-09 20:15:21,430 [INFO] LogOutputStream:77 - [STDOUT_REDIRECT] 1 : Invalid condition id : UX_CORESTACK_Condition cause : null
2024-09-09 20:15:21,430 [INFO] LogOutputStream:77 - [STDOUT_REDIRECT] 1 : Invalid condition id : UX_CORESTACK_Condition cause : null
2024-09-09 20:15:21,437 [WARN] PackLoader:240 - Cannot read IP mode file for STMicroelectronics.X-CUBE-AZRTOS-WL.2.0.0
2024-09-09 20:15:21,456 [WARN] PackLoader:240 - Cannot read IP mode file for STMicroelectronics.FP-SNS-MOTENV1.5.0.0
2024-09-09 20:15:21,495 [WARN] PackLoader:240 - Cannot read IP mode file for wolfSSL.I-CUBE-wolfMQTT.1.19.0
2024-09-09 20:15:21,504 [WARN] PackLoader:240 - Cannot read IP mode file for WES.I-CUBE-Cesium.1.3.0
2024-09-09 20:15:21,510 [WARN] PackLoader:240 - Cannot read IP mode file for STMicroelectronics.X-CUBE-BLE2.3.3.0
2024-09-09 20:15:21,529 [WARN] PackLoader:240 - Cannot read IP mode file for STMicroelectronics.X-CUBE-TCPP.4.1.0
2024-09-09 20:15:21,574 [WARN] PackLoader:240 - Cannot read IP mode file for STMicroelectronics.X-CUBE-AZRTOS-G0.1.1.0
2024-09-09 20:15:21,610 [WARN] PackLoader:240 - Cannot read IP mode file for STMicroelectronics.X-CUBE-SAFEA1.1.2.2
2024-09-09 20:15:21,631 [WARN] PackLoader:240 - Cannot read IP mode file for STMicroelectronics.X-CUBE-NFC4.3.0.0
2024-09-09 20:15:21,667 [WARN] PackLoader:240 - Cannot read IP mode file for EmbeddedOffice.I-CUBE-FS-RTOS.1.0.1
2024-09-09 20:15:21,668 [ERROR] ConditionMgr:805 - Attr not supported : Dmpu
2024-09-09 20:15:21,668 [ERROR] ConditionMgr:805 - Attr not supported : Dmpu
2024-09-09 20:15:21,668 [ERROR] ConditionMgr:805 - Attr not supported : Dmpu
2024-09-09 20:15:21,669 [ERROR] ConditionMgr:805 - Attr not supported : Dmpu
2024-09-09 20:15:21,669 [ERROR] ConditionMgr:805 - Attr not supported : Dmpu
2024-09-09 20:15:21,669 [ERROR] ConditionMgr:805 - Attr not supported : Dmpu
2024-09-09 20:15:21,669 [ERROR] ConditionMgr:805 - Attr not supported : Dmpu
2024-09-09 20:15:21,669 [ERROR] ConditionMgr:805 - Attr not supported : Dmpu
2024-09-09 20:15:21,669 [ERROR] ConditionMgr:805 - Attr not supported : Dmpu
2024-09-09 20:15:21,669 [ERROR] ConditionMgr:805 - Attr not supported : Dmpu
2024-09-09 20:15:21,669 [ERROR] ConditionMgr:805 - Attr not supported : Dmpu
2024-09-09 20:15:21,669 [ERROR] ConditionMgr:805 - Attr not supported : Dmpu
2024-09-09 20:15:21,670 [ERROR] ConditionMgr:805 - Attr not supported : Dmpu
2024-09-09 20:15:21,670 [ERROR] ConditionMgr:805 - Attr not supported : Dmpu
2024-09-09 20:15:21,670 [ERROR] ConditionMgr:805 - Attr not supported : Dmpu
2024-09-09 20:15:21,670 [ERROR] ConditionMgr:805 - Attr not supported : Dmpu
2024-09-09 20:15:21,670 [ERROR] ConditionMgr:805 - Attr not supported : Dmpu
2024-09-09 20:15:21,670 [ERROR] ConditionMgr:805 - Attr not supported : Dmpu
2024-09-09 20:15:21,670 [ERROR] ConditionMgr:805 - Attr not supported : Dmpu
2024-09-09 20:15:21,670 [ERROR] ConditionMgr:805 - Attr not supported : Dmpu
2024-09-09 20:15:21,671 [ERROR] ConditionMgr:805 - Attr not supported : Dmpu
2024-09-09 20:15:21,671 [ERROR] ConditionMgr:805 - Attr not supported : Dmpu
2024-09-09 20:15:21,671 [ERROR] ConditionMgr:805 - Attr not supported : Dmpu
2024-09-09 20:15:21,671 [ERROR] ConditionMgr:805 - Attr not supported : Dmpu
2024-09-09 20:15:21,671 [ERROR] ConditionMgr:805 - Attr not supported : Dmpu
2024-09-09 20:15:21,671 [ERROR] ConditionMgr:805 - Attr not supported : Dmpu
2024-09-09 20:15:21,671 [ERROR] ConditionMgr:805 - Attr not supported : Dmpu
2024-09-09 20:15:21,671 [ERROR] ConditionMgr:805 - Attr not supported : Dmpu
2024-09-09 20:15:21,672 [ERROR] ConditionMgr:805 - Attr not supported : Dmpu
2024-09-09 20:15:21,672 [ERROR] ConditionMgr:805 - Attr not supported : Dmpu
2024-09-09 20:15:21,672 [ERROR] ConditionMgr:805 - Attr not supported : Dmpu
2024-09-09 20:15:21,672 [ERROR] ConditionMgr:805 - Attr not supported : Dmpu
2024-09-09 20:15:21,672 [ERROR] ConditionMgr:805 - Attr not supported : Dmpu
2024-09-09 20:15:21,672 [ERROR] ConditionMgr:805 - Attr not supported : Dmpu
2024-09-09 20:15:21,672 [ERROR] ConditionMgr:805 - Attr not supported : Dmpu
2024-09-09 20:15:21,672 [ERROR] ConditionMgr:805 - Attr not supported : Dmpu
2024-09-09 20:15:21,673 [ERROR] ConditionMgr:805 - Attr not supported : Dmpu
2024-09-09 20:15:21,673 [ERROR] ConditionMgr:805 - Attr not supported : Dmpu
2024-09-09 20:15:21,673 [ERROR] ConditionMgr:805 - Attr not supported : Dmpu
2024-09-09 20:15:21,673 [ERROR] ConditionMgr:805 - Attr not supported : Dmpu
2024-09-09 20:15:21,673 [ERROR] ConditionMgr:805 - Attr not supported : Dmpu
2024-09-09 20:15:21,673 [ERROR] ConditionMgr:805 - Attr not supported : Dmpu
2024-09-09 20:15:21,673 [ERROR] ConditionMgr:805 - Attr not supported : Dmpu
2024-09-09 20:15:21,674 [ERROR] ConditionMgr:805 - Attr not supported : Dmpu
2024-09-09 20:15:21,674 [ERROR] ConditionMgr:805 - Attr not supported : Dmpu
2024-09-09 20:15:21,674 [ERROR] ConditionMgr:805 - Attr not supported : Dmpu
2024-09-09 20:15:21,674 [ERROR] ConditionMgr:805 - Attr not supported : Dmpu
2024-09-09 20:15:21,674 [ERROR] ConditionMgr:805 - Attr not supported : Dmpu
2024-09-09 20:15:21,674 [ERROR] ConditionMgr:805 - Attr not supported : Dmpu
2024-09-09 20:15:21,674 [ERROR] ConditionMgr:805 - Attr not supported : Dmpu
2024-09-09 20:15:21,674 [ERROR] ConditionMgr:805 - Attr not supported : Dmpu
2024-09-09 20:15:21,675 [ERROR] ConditionMgr:805 - Attr not supported : Dmpu
2024-09-09 20:15:21,675 [ERROR] ConditionMgr:805 - Attr not supported : Dmpu
2024-09-09 20:15:21,675 [ERROR] ConditionMgr:805 - Attr not supported : Dmpu
2024-09-09 20:15:21,675 [ERROR] ConditionMgr:805 - Attr not supported : Dmpu
2024-09-09 20:15:21,675 [ERROR] ConditionMgr:805 - Attr not supported : Dmpu
2024-09-09 20:15:21,675 [ERROR] ConditionMgr:805 - Attr not supported : Dmpu
2024-09-09 20:15:21,675 [ERROR] ConditionMgr:805 - Attr not supported : Dmpu
2024-09-09 20:15:21,675 [ERROR] ConditionMgr:805 - Attr not supported : Dmpu
2024-09-09 20:15:21,675 [ERROR] ConditionMgr:805 - Attr not supported : Dmpu
2024-09-09 20:15:21,676 [ERROR] ConditionMgr:805 - Attr not supported : Dmpu
2024-09-09 20:15:21,676 [ERROR] ConditionMgr:805 - Attr not supported : Dmpu
2024-09-09 20:15:21,676 [ERROR] ConditionMgr:805 - Attr not supported : Dmpu
2024-09-09 20:15:21,676 [ERROR] ConditionMgr:805 - Attr not supported : Dmpu
2024-09-09 20:15:21,699 [WARN] PackLoader:240 - Cannot read IP mode file for RealThread.X-CUBE-RT-Thread_Nano.4.1.1
2024-09-09 20:15:21,713 [WARN] PackLoader:240 - Cannot read IP mode file for STMicroelectronics.FP-ATR-SIGFOX1.3.2.0
2024-09-09 20:15:21,736 [WARN] PackLoader:240 - Cannot read IP mode file for wolfSSL.I-CUBE-wolfSSL.5.7.2
2024-09-09 20:15:21,756 [WARN] PackLoader:240 - Cannot read IP mode file for STMicroelectronics.X-CUBE-EEPRMA1.5.1.0
2024-09-09 20:15:21,790 [WARN] PackLoader:240 - Cannot read IP mode file for ITTIA_DB.I-CUBE-ITTIADB.8.9.0
2024-09-09 20:15:21,869 [WARN] PackLoader:240 - Cannot read IP mode file for SEGGER.I-CUBE-embOS.1.3.1
2024-09-09 20:15:21,974 [WARN] PackLoader:240 - Cannot read IP mode file for STMicroelectronics.X-CUBE-ALGOBUILD.1.4.0
2024-09-09 20:15:21,996 [WARN] PackLoader:240 - Cannot read IP mode file for STMicroelectronics.X-CUBE-GNSS1.6.0.0
2024-09-09 20:15:22,049 [WARN] PackLoader:240 - Cannot read IP mode file for STMicroelectronics.X-CUBE-AZRTOS-F4.1.1.0
2024-09-09 20:15:22,075 [WARN] PackLoader:240 - Cannot read IP mode file for STMicroelectronics.X-CUBE-FREERTOS.1.2.0
2024-09-09 20:15:22,122 [WARN] PackLoader:240 - Cannot read IP mode file for STMicroelectronics.X-CUBE-AZRTOS-L5.2.0.0
2024-09-09 20:15:22,166 [WARN] PackLoader:240 - Cannot read IP mode file for STMicroelectronics.X-CUBE-NFC6.3.1.0
2024-09-09 20:15:22,183 [WARN] PackLoader:240 - Cannot read IP mode file for STMicroelectronics.X-CUBE-AI.9.0.0
2024-09-09 20:15:22,202 [WARN] PackLoader:240 - Cannot read IP mode file for STMicroelectronics.X-CUBE-NFC7.1.0.1
2024-09-09 20:15:22,233 [WARN] PackLoader:240 - Cannot read IP mode file for wolfSSL.I-CUBE-wolfTPM.3.2.0
2024-09-09 20:15:22,291 [WARN] ConditionMgr:438 - getConditionDescription Invalid condition id : LAN8742 Phy interface Condition cause : null
2024-09-09 20:15:22,292 [WARN] PackLoader:240 - Cannot read IP mode file for STMicroelectronics.X-CUBE-AZRTOS-L4.2.0.0
2024-09-09 20:15:22,295 [WARN] ConditionMgr:1039 - genDependencies : Invalid condition id : LAN8742 Phy interface Condition cause : null
2024-09-09 20:15:22,295 [WARN] ConditionMgr:1039 - genDependencies : Invalid condition id : LAN8742 Phy interface Condition cause : null
2024-09-09 20:15:22,297 [WARN] ConditionMgr:1039 - genDependencies : Invalid condition id : LAN8742 Phy interface Condition cause : null
2024-09-09 20:15:22,317 [WARN] PackLoader:240 - Cannot read IP mode file for STMicroelectronics.X-CUBE-SFXS2LP1.4.0.0
2024-09-09 20:15:22,382 [WARN] PackLoader:240 - Cannot read IP mode file for STMicroelectronics.X-CUBE-AZRTOS-H7.3.3.0
2024-09-09 20:15:22,423 [WARN] ConditionMgr:438 - getConditionDescription Invalid condition id : UX DEVICE CLASS RTOS Condition cause : null
2024-09-09 20:15:22,424 [WARN] ConditionMgr:438 - getConditionDescription Invalid condition id : UX DEVICE CLASS RTOS Condition cause : null
2024-09-09 20:15:22,427 [WARN] PackLoader:240 - Cannot read IP mode file for STMicroelectronics.X-CUBE-AZRTOS-WB.2.0.0
2024-09-09 20:15:22,428 [WARN] ConditionMgr:1039 - genDependencies : Invalid condition id : UX DEVICE CLASS RTOS Condition cause : null
2024-09-09 20:15:22,428 [WARN] ConditionMgr:1039 - genDependencies : Invalid condition id : UX DEVICE CLASS RTOS Condition cause : null
2024-09-09 20:15:22,429 [WARN] ConditionMgr:1039 - genDependencies : Invalid condition id : UX DEVICE CLASS RTOS Condition cause : null
2024-09-09 20:15:22,430 [WARN] ConditionMgr:1039 - genDependencies : Invalid condition id : UX DEVICE CLASS RTOS Condition cause : null
2024-09-09 20:15:22,430 [WARN] ConditionMgr:1039 - genDependencies : Invalid condition id : UX DEVICE CLASS RTOS Condition cause : null
2024-09-09 20:15:22,458 [WARN] PackLoader:240 - Cannot read IP mode file for STMicroelectronics.X-CUBE-SUBG2.5.0.0
2024-09-09 20:15:22,486 [WARN] PackLoader:240 - Cannot read IP mode file for Cesanta.I-CUBE-Mongoose.7.13.0
2024-09-09 20:15:22,529 [WARN] PackLoader:240 - Cannot read IP mode file for STMicroelectronics.X-CUBE-AZRTOS-G4.2.0.0
2024-09-09 20:15:22,542 [WARN] PackLoader:240 - Cannot read IP mode file for STMicroelectronics.X-CUBE-ISPU.2.0.0
2024-09-09 20:15:22,571 [WARN] PackLoader:240 - Cannot read IP mode file for STMicroelectronics.X-CUBE-ALS.1.0.2
2024-09-09 20:15:22,668 [WARN] PackLoader:240 - Cannot read IP mode file for STMicroelectronics.X-CUBE-MEMS1.10.0.0
2024-09-09 20:15:22,865 [WARN] PackLoader:240 - Cannot read IP mode file for STMicroelectronics.X-CUBE-TOUCHGFX.4.24.0
2024-09-09 20:15:22,894 [WARN] PackLoader:240 - Cannot read IP mode file for portGmbH.I-Cube-SoM-uGOAL.1.1.0
2024-09-09 20:15:22,933 [WARN] PackLoader:240 - Cannot read IP mode file for STMicroelectronics.X-CUBE-AZRTOS-H7RS.1.0.0
2024-09-09 20:15:22,955 [WARN] PackLoader:240 - Cannot read IP mode file for STMicroelectronics.FP-ATR-ASTRA1.2.0.0
2024-09-09 20:15:22,988 [WARN] PackLoader:240 - Cannot read IP mode file for STMicroelectronics.X-CUBE-TOF1.3.4.2
2024-09-09 20:15:23,052 [WARN] PackLoader:240 - Cannot read IP mode file for Infineon.AIROC-Wi-Fi-Bluetooth-STM32.1.6.1
2024-09-09 20:15:23,065 [WARN] PackLoader:240 - Cannot read IP mode file for wolfSSL.I-CUBE-wolfSSH.1.4.17
2024-09-09 20:15:23,066 [INFO] ThirdParty:978 - Integrity check success = true
2024-09-09 20:15:23,066 [INFO] IntegrityCheckThread:100 - exiting critical section [integrity check]
2024-09-09 20:15:23,066 [INFO] IntegrityCheckThread:103 - End integrity checks thread
2024-09-09 20:15:32,339 [ERROR] LogOutputStream:75 - [STDERR_REDIRECT] Sep 09, 2024 8:15:32 PM java.util.prefs.FileSystemPreferences checkLockFile0ErrorCode
2024-09-09 20:15:32,341 [ERROR] LogOutputStream:75 - [STDERR_REDIRECT] WARNING: Could not lock System prefs. Unix error code 2.
2024-09-09 20:15:32,341 [ERROR] LogOutputStream:75 - [STDERR_REDIRECT] 
2024-09-09 20:15:32,342 [ERROR] LogOutputStream:75 - [STDERR_REDIRECT] Sep 09, 2024 8:15:32 PM java.util.prefs.FileSystemPreferences syncWorld
2024-09-09 20:15:32,342 [ERROR] LogOutputStream:75 - [STDERR_REDIRECT] WARNING: Couldn't flush system prefs: java.util.prefs.BackingStoreException: Couldn't get file lock.
2024-09-09 20:15:32,342 [ERROR] LogOutputStream:75 - [STDERR_REDIRECT] 
2024-09-09 20:16:11,311 [INFO] Activator:176 - 


2024-09-09 20:16:11,314 [INFO] Activator:177 - !SESSION log4j initialized
2024-09-09 20:16:13,688 [INFO] ApplicationProperties:184 - Using Application install path: /opt/st/stm32cubeide_1.16.0/plugins/com.st.stm32cube.common.mx_6.12.0.202406281431
2024-09-09 20:16:13,705 [INFO] DbMcusXml:78 - Set database path to: /opt/st/stm32cubeide_1.16.0/plugins/com.st.stm32cube.common.mx_6.12.0.202406281431//db//mcu/
2024-09-09 20:16:13,705 [INFO] ApiDb:274 - Set plugin database path to: /opt/st/stm32cubeide_1.16.0/plugins/com.st.stm32cube.common.mx_6.12.0.202406281431//db//plugins/boardmanager/
2024-09-09 20:16:13,706 [WARN] ApiDb:259 - Overriding images path with different value:  => /opt/st/stm32cubeide_1.16.0/plugins/com.st.stm32cube.common.mx_6.12.0.202406281431//db//plugins/mcufinder/images/
2024-09-09 20:16:13,710 [INFO] ApiDb:250 - Set database path to: /home/leandro/.stmcufinder/plugins/mcufinder//mcu/
2024-09-09 20:16:13,711 [INFO] DbMcusAds:125 - Set database path to: /home/leandro/.stmcufinder/plugins/mcufinder//mcu/
2024-09-09 20:16:14,063 [INFO] CrossReferenceDbSqlite:203 - Set database path to: /home/leandro/.stmcufinder/plugins/mcufinder//mcu/cs/
2024-09-09 20:16:14,203 [INFO] RulesReader:64 - Compatibility file has been processed (297 Rules)
2024-09-09 20:16:14,275 [INFO] DbMcusXml:78 - Set database path to: /opt/st/stm32cubeide_1.16.0/plugins/com.st.stm32cube.common.mx_6.12.0.202406281431//db//mcu/
2024-09-09 20:16:14,275 [INFO] ApiDb:274 - Set plugin database path to: /opt/st/stm32cubeide_1.16.0/plugins/com.st.stm32cube.common.mx_6.12.0.202406281431//db//plugins/boardmanager/
2024-09-09 20:16:14,276 [INFO] ApiDb:261 - Set plugin images path to: /opt/st/stm32cubeide_1.16.0/plugins/com.st.stm32cube.common.mx_6.12.0.202406281431//db//plugins/mcufinder/images/
2024-09-09 20:16:14,276 [WARN] DbFile:41 - Overriding database path with different value: /home/leandro/.stmcufinder/plugins/mcufinder/ => /home/leandro/.stmcufinder/plugins/mcufinder
2024-09-09 20:16:14,276 [INFO] ApiDb:250 - Set database path to: /home/leandro/.stmcufinder/plugins/mcufinder//mcu/
2024-09-09 20:16:14,277 [WARN] DbFile:41 - Overriding database path with different value: /home/leandro/.stmcufinder/plugins/mcufinder/ => /home/leandro/.stmcufinder/plugins/mcufinder
2024-09-09 20:16:14,277 [INFO] DbMcusAds:125 - Set database path to: /home/leandro/.stmcufinder/plugins/mcufinder//mcu/
2024-09-09 20:16:14,277 [WARN] DbFile:41 - Overriding database path with different value: /home/leandro/.stmcufinder/plugins/mcufinder/ => /home/leandro/.stmcufinder/plugins/mcufinder
2024-09-09 20:16:14,277 [WARN] DbFile:41 - Overriding database path with different value: /home/leandro/.stmcufinder/plugins/mcufinder/ => /home/leandro/.stmcufinder/plugins/mcufinder
2024-09-09 20:16:14,277 [INFO] CrossReferenceDbSqlite:203 - Set database path to: /home/leandro/.stmcufinder/plugins/mcufinder//mcu/cs/
2024-09-09 20:16:14,357 [INFO] MainPanel:268 - HeapMemory: 268435456
2024-09-09 20:16:14,502 [INFO] DbMcusXml:78 - Set database path to: /opt/st/stm32cubeide_1.16.0/plugins/com.st.stm32cube.common.mx_6.12.0.202406281431//db//mcu/
2024-09-09 20:16:14,503 [INFO] ApiDb:274 - Set plugin database path to: /opt/st/stm32cubeide_1.16.0/plugins/com.st.stm32cube.common.mx_6.12.0.202406281431//db//plugins/boardmanager/
2024-09-09 20:16:14,503 [INFO] ApiDb:261 - Set plugin images path to: /opt/st/stm32cubeide_1.16.0/plugins/com.st.stm32cube.common.mx_6.12.0.202406281431//db//plugins/mcufinder/images/
2024-09-09 20:16:14,503 [WARN] DbFile:41 - Overriding database path with different value: /home/leandro/.stmcufinder/plugins/mcufinder/ => /home/leandro/.stmcufinder/plugins/mcufinder
2024-09-09 20:16:14,503 [INFO] ApiDb:250 - Set database path to: /home/leandro/.stmcufinder/plugins/mcufinder//mcu/
2024-09-09 20:16:14,504 [WARN] DbFile:41 - Overriding database path with different value: /home/leandro/.stmcufinder/plugins/mcufinder/ => /home/leandro/.stmcufinder/plugins/mcufinder
2024-09-09 20:16:14,504 [INFO] DbMcusAds:125 - Set database path to: /home/leandro/.stmcufinder/plugins/mcufinder//mcu/
2024-09-09 20:16:14,504 [WARN] DbFile:41 - Overriding database path with different value: /home/leandro/.stmcufinder/plugins/mcufinder/ => /home/leandro/.stmcufinder/plugins/mcufinder
2024-09-09 20:16:14,504 [WARN] DbFile:41 - Overriding database path with different value: /home/leandro/.stmcufinder/plugins/mcufinder/ => /home/leandro/.stmcufinder/plugins/mcufinder
2024-09-09 20:16:14,504 [INFO] CrossReferenceDbSqlite:203 - Set database path to: /home/leandro/.stmcufinder/plugins/mcufinder//mcu/cs/
2024-09-09 20:16:14,521 [INFO] ApplicationProperties:184 - Using Application install path: /opt/st/stm32cubeide_1.16.0/plugins/com.st.stm32cube.common.mx_6.12.0.202406281431
2024-09-09 20:16:14,522 [INFO] PluginManage:196 - Search for loadable plugins [exclusion list=, ]
2024-09-09 20:16:14,523 [INFO] PluginManage:310 - Check plugin analytics
2024-09-09 20:16:14,906 [INFO] AnalyticsPlugin:253 - Accepted Software Licenses: 
2024-09-09 20:16:14,907 [INFO] AnalyticsPlugin:255 - Accepted CMSIS Pack Licenses: 
2024-09-09 20:16:14,907 [INFO] AnalyticsPlugin:257 - Accepted Firmware Licenses: FW.F4.1.27.0,FW.F4.1.28.0
2024-09-09 20:16:14,911 [INFO] PluginManage:359 - Loaded plugin analytics (category:tool,tabindex:-1)
2024-09-09 20:16:14,912 [INFO] PluginManage:310 - Check plugin cadmodel
2024-09-09 20:16:14,918 [INFO] CADModel:105 - Init CAD model plugin
2024-09-09 20:16:14,918 [INFO] PluginManage:359 - Loaded plugin cadmodel (category:power,tabindex:5)
2024-09-09 20:16:14,919 [INFO] PluginManage:310 - Check plugin clock
2024-09-09 20:16:14,935 [INFO] PluginManage:359 - Loaded plugin clock (category:base,tabindex:2)
2024-09-09 20:16:14,935 [INFO] PluginManage:310 - Check plugin ddr
2024-09-09 20:16:14,938 [INFO] PluginManage:359 - Loaded plugin ddr (category:tool,tabindex:6)
2024-09-09 20:16:14,938 [INFO] PluginManage:310 - Check plugin filemanager
2024-09-09 20:16:15,166 [INFO] PluginManage:359 - Loaded plugin filemanager (category:base,tabindex:10)
2024-09-09 20:16:15,166 [INFO] PluginManage:310 - Check plugin ipmanager
2024-09-09 20:16:15,176 [INFO] PluginManage:359 - Loaded plugin ipmanager (category:base,tabindex:5)
2024-09-09 20:16:15,176 [INFO] PluginManage:310 - Check plugin lpbam
2024-09-09 20:16:15,191 [INFO] PluginManage:359 - Loaded plugin lpbam (category:base,tabindex:0)
2024-09-09 20:16:15,191 [INFO] PluginManage:310 - Check plugin memorymap
2024-09-09 20:16:15,208 [INFO] PluginManage:359 - Loaded plugin memorymap (category:base,tabindex:4)
2024-09-09 20:16:15,208 [INFO] PluginManage:310 - Check plugin pinoutandconfiguration
2024-09-09 20:16:15,220 [INFO] PluginManage:359 - Loaded plugin pinoutandconfiguration (category:base,tabindex:1)
2024-09-09 20:16:15,220 [INFO] PluginManage:310 - Check plugin pinoutconfig
2024-09-09 20:16:15,328 [WARN] SupportedApi:132 - Cannot load RTOS API schema: s4s-elt-must-match.1: The content of 'definitions' must match (annotation?, (simpleType | complexType)?, (unique | key | keyref)*)). A problem was found starting at: attribute.
2024-09-09 20:16:15,556 [INFO] PluginManage:359 - Loaded plugin pinoutconfig (category:base,tabindex:0)
2024-09-09 20:16:15,557 [INFO] PluginManage:310 - Check plugin power
2024-09-09 20:16:15,570 [INFO] PluginManage:359 - Loaded plugin power (category:power,tabindex:4)
2024-09-09 20:16:15,571 [INFO] PluginManage:310 - Check plugin projectmanager
2024-09-09 20:16:15,594 [INFO] PluginManage:359 - Loaded plugin projectmanager (category:projectmanager,tabindex:4)
2024-09-09 20:16:15,594 [INFO] PluginManage:310 - Check plugin rif
2024-09-09 20:16:15,600 [INFO] PluginManage:359 - Loaded plugin rif (category:base,tabindex:3)
2024-09-09 20:16:15,600 [INFO] PluginManage:310 - Check plugin thirdparty
2024-09-09 20:16:15,765 [WARN] IntegrityCheckThread:84 - waiting for thirdparty lock release [integrity check]
2024-09-09 20:16:15,766 [INFO] IntegrityCheckThread:86 - entering critical section [integrity check]
2024-09-09 20:16:15,766 [INFO] ThirdPartyUpdaterWithRetryManager:70 - Updater plugin not ready yet. [1/15]
2024-09-09 20:16:15,767 [INFO] PluginManage:359 - Loaded plugin thirdparty (category:base,tabindex:-1)
2024-09-09 20:16:15,768 [INFO] PluginManage:310 - Check plugin tools
2024-09-09 20:16:15,771 [INFO] PluginManage:359 - Loaded plugin tools (category:base,tabindex:7)
2024-09-09 20:16:15,771 [INFO] PluginManage:310 - Check plugin tutovideos
2024-09-09 20:16:15,976 [INFO] PluginManage:359 - Loaded plugin tutovideos (category:base,tabindex:-1)
2024-09-09 20:16:15,976 [INFO] PluginManage:310 - Check plugin updater
2024-09-09 20:16:16,000 [INFO] PluginManage:359 - Loaded plugin updater (category:base,tabindex:12)
2024-09-09 20:16:16,000 [INFO] PluginManage:310 - Check plugin userauth
2024-09-09 20:16:16,007 [INFO] UserAuth:113 - Init User Auth plugin
2024-09-09 20:16:16,007 [INFO] PluginManage:359 - Loaded plugin userauth (category:base,tabindex:14)
2024-09-09 20:16:16,008 [INFO] PluginManage:283 - PluginManage : Loaded plugins [18]
2024-09-09 20:16:16,335 [INFO] PinOutPanel:1561 - setPackage(No Configuration,No Configuration)
2024-09-09 20:16:16,439 [INFO] CADModel:165 - CPN selected for project level
2024-09-09 20:16:16,439 [INFO] CADModel:114 - Register for checkConnection events
2024-09-09 20:16:16,454 [INFO] IPUIPlugin:80 - create IPUIPlugin
2024-09-09 20:16:16,454 [INFO] PluginManager:220 - loadIPPluginJar : add ddr_ctrl_phy
2024-09-09 20:16:16,457 [INFO] IPUIPlugin:80 - create IPUIPlugin
2024-09-09 20:16:16,457 [INFO] PluginManager:220 - loadIPPluginJar : add tim
2024-09-09 20:16:16,460 [INFO] IPUIPlugin:80 - create IPUIPlugin
2024-09-09 20:16:16,461 [INFO] PluginManager:220 - loadIPPluginJar : add openamp
2024-09-09 20:16:16,464 [INFO] IPUIPlugin:80 - create IPUIPlugin
2024-09-09 20:16:16,465 [INFO] PluginManager:220 - loadIPPluginJar : add pdm2pcm
2024-09-09 20:16:16,472 [INFO] IPUIPlugin:80 - create IPUIPlugin
2024-09-09 20:16:16,473 [INFO] PluginManager:220 - loadIPPluginJar : add resmgrutility
2024-09-09 20:16:16,482 [INFO] IPUIPlugin:80 - create IPUIPlugin
2024-09-09 20:16:16,483 [INFO] PluginManager:220 - loadIPPluginJar : add mdma
2024-09-09 20:16:16,485 [INFO] IPUIPlugin:80 - create IPUIPlugin
2024-09-09 20:16:16,485 [INFO] PluginManager:220 - loadIPPluginJar : add tsc
2024-09-09 20:16:16,488 [INFO] IPUIPlugin:80 - create IPUIPlugin
2024-09-09 20:16:16,488 [INFO] PluginManager:220 - loadIPPluginJar : add genericplugin
2024-09-09 20:16:16,490 [INFO] IPUIPlugin:80 - create IPUIPlugin
2024-09-09 20:16:16,494 [INFO] PluginManager:220 - loadIPPluginJar : add radio
2024-09-09 20:16:16,496 [INFO] IPUIPlugin:80 - create IPUIPlugin
2024-09-09 20:16:16,496 [INFO] PluginManager:220 - loadIPPluginJar : add comp
2024-09-09 20:16:16,498 [INFO] IPUIPlugin:80 - create IPUIPlugin
2024-09-09 20:16:16,498 [INFO] PluginManager:220 - loadIPPluginJar : add quadspi
2024-09-09 20:16:16,502 [INFO] IPUIPlugin:80 - create IPUIPlugin
2024-09-09 20:16:16,502 [INFO] PluginManager:220 - loadIPPluginJar : add extmemmanager
2024-09-09 20:16:16,506 [INFO] IPUIPlugin:80 - create IPUIPlugin
2024-09-09 20:16:16,506 [INFO] PluginManager:220 - loadIPPluginJar : add hash
2024-09-09 20:16:16,511 [INFO] IPUIPlugin:80 - create IPUIPlugin
2024-09-09 20:16:16,511 [INFO] PluginManager:220 - loadIPPluginJar : add sai
2024-09-09 20:16:16,515 [INFO] IPUIPlugin:80 - create IPUIPlugin
2024-09-09 20:16:16,516 [INFO] PluginManager:220 - loadIPPluginJar : add touchsensing
2024-09-09 20:16:16,518 [INFO] IPUIPlugin:80 - create IPUIPlugin
2024-09-09 20:16:16,518 [INFO] PluginManager:220 - loadIPPluginJar : add gfxmmu
2024-09-09 20:16:16,522 [INFO] IPUIPlugin:80 - create IPUIPlugin
2024-09-09 20:16:16,523 [INFO] PluginManager:220 - loadIPPluginJar : add i2c
2024-09-09 20:16:16,530 [INFO] IPUIPlugin:80 - create IPUIPlugin
2024-09-09 20:16:16,531 [INFO] PluginManager:220 - loadIPPluginJar : add adc
2024-09-09 20:16:16,536 [INFO] IPUIPlugin:80 - create IPUIPlugin
2024-09-09 20:16:16,536 [INFO] PluginManager:220 - loadIPPluginJar : add gpio
2024-09-09 20:16:16,542 [INFO] IPUIPlugin:80 - create IPUIPlugin
2024-09-09 20:16:16,542 [INFO] PluginManager:220 - loadIPPluginJar : add fmc
2024-09-09 20:16:16,545 [INFO] IPUIPlugin:80 - create IPUIPlugin
2024-09-09 20:16:16,546 [INFO] PluginManager:220 - loadIPPluginJar : add can
2024-09-09 20:16:16,549 [INFO] IPUIPlugin:80 - create IPUIPlugin
2024-09-09 20:16:16,549 [INFO] PluginManager:220 - loadIPPluginJar : add gtzc
2024-09-09 20:16:16,552 [INFO] IPUIPlugin:80 - create IPUIPlugin
2024-09-09 20:16:16,553 [INFO] PluginManager:220 - loadIPPluginJar : add aes
2024-09-09 20:16:16,556 [INFO] IPUIPlugin:80 - create IPUIPlugin
2024-09-09 20:16:16,556 [INFO] PluginManager:220 - loadIPPluginJar : add usart
2024-09-09 20:16:16,559 [INFO] IPUIPlugin:80 - create IPUIPlugin
2024-09-09 20:16:16,559 [INFO] PluginManager:220 - loadIPPluginJar : add ts
2024-09-09 20:16:16,562 [INFO] IPUIPlugin:80 - create IPUIPlugin
2024-09-09 20:16:16,562 [INFO] PluginManager:220 - loadIPPluginJar : add ltdc
2024-09-09 20:16:16,565 [INFO] IPUIPlugin:80 - create IPUIPlugin
2024-09-09 20:16:16,565 [INFO] PluginManager:220 - loadIPPluginJar : add tracer_emb
2024-09-09 20:16:16,569 [INFO] IPUIPlugin:80 - create IPUIPlugin
2024-09-09 20:16:16,569 [INFO] PluginManager:220 - loadIPPluginJar : add i3c
2024-09-09 20:16:16,572 [INFO] IPUIPlugin:80 - create IPUIPlugin
2024-09-09 20:16:16,572 [INFO] PluginManager:220 - loadIPPluginJar : add lorawan
2024-09-09 20:16:16,579 [INFO] IPUIPlugin:80 - create IPUIPlugin
2024-09-09 20:16:16,579 [INFO] PluginManager:220 - loadIPPluginJar : add stm32_wpan
2024-09-09 20:16:16,588 [INFO] IPUIPlugin:80 - create IPUIPlugin
2024-09-09 20:16:16,594 [INFO] PluginManager:220 - loadIPPluginJar : add plateformsettings
2024-09-09 20:16:16,604 [INFO] IPUIPlugin:80 - create IPUIPlugin
2024-09-09 20:16:16,605 [INFO] PluginManager:220 - loadIPPluginJar : add linkedlist
2024-09-09 20:16:16,612 [INFO] IPUIPlugin:80 - create IPUIPlugin
2024-09-09 20:16:16,613 [INFO] PluginManager:220 - loadIPPluginJar : add gic
2024-09-09 20:16:16,617 [INFO] IPUIPlugin:80 - create IPUIPlugin
2024-09-09 20:16:16,617 [INFO] PluginManager:220 - loadIPPluginJar : add ipddr
2024-09-09 20:16:16,621 [INFO] IPUIPlugin:80 - create IPUIPlugin
2024-09-09 20:16:16,621 [INFO] PluginManager:220 - loadIPPluginJar : add dfsdm
2024-09-09 20:16:16,624 [INFO] IPUIPlugin:80 - create IPUIPlugin
2024-09-09 20:16:16,624 [INFO] PluginManager:220 - loadIPPluginJar : add ucpd
2024-09-09 20:16:16,629 [INFO] IPUIPlugin:80 - create IPUIPlugin
2024-09-09 20:16:16,629 [INFO] PluginManager:220 - loadIPPluginJar : add opamp
2024-09-09 20:16:16,634 [INFO] IPUIPlugin:80 - create IPUIPlugin
2024-09-09 20:16:16,634 [INFO] PluginManager:220 - loadIPPluginJar : add i2s
2024-09-09 20:16:16,641 [INFO] IPUIPlugin:80 - create IPUIPlugin
2024-09-09 20:16:16,642 [INFO] PluginManager:220 - loadIPPluginJar : add freertos
2024-09-09 20:16:16,646 [INFO] IPUIPlugin:80 - create IPUIPlugin
2024-09-09 20:16:16,646 [INFO] PluginManager:220 - loadIPPluginJar : add nvic
2024-09-09 20:16:16,650 [INFO] IPUIPlugin:80 - create IPUIPlugin
2024-09-09 20:16:16,651 [INFO] PluginManager:220 - loadIPPluginJar : add usbx
2024-09-09 20:16:16,653 [INFO] IPUIPlugin:80 - create IPUIPlugin
2024-09-09 20:16:16,654 [INFO] PluginManager:220 - loadIPPluginJar : add dma3
2024-09-09 20:16:16,657 [INFO] IPUIPlugin:80 - create IPUIPlugin
2024-09-09 20:16:16,657 [INFO] PluginManager:220 - loadIPPluginJar : add spi
2024-09-09 20:16:16,661 [INFO] IPUIPlugin:80 - create IPUIPlugin
2024-09-09 20:16:16,661 [INFO] PluginManager:220 - loadIPPluginJar : add cryp
2024-09-09 20:16:16,669 [INFO] IPUIPlugin:80 - create IPUIPlugin
2024-09-09 20:16:16,670 [INFO] PluginManager:220 - loadIPPluginJar : add dma
2024-09-09 20:16:16,672 [INFO] IPUIPlugin:80 - create IPUIPlugin
2024-09-09 20:16:16,672 [INFO] PluginManager:220 - loadIPPluginJar : add fatfs
2024-09-09 20:16:16,794 [INFO] CADModel:165 - CPN selected for project level
2024-09-09 20:16:16,794 [INFO] CADModel:114 - Register for checkConnection events
2024-09-09 20:16:16,794 [FATAL] Updater:334 - Updater called before beeing initialized
2024-09-09 20:16:16,795 [ERROR] CADModel:125 - Updater not yet initialized, retry later 
2024-09-09 20:16:16,935 [INFO] CADModel:165 - CPN selected for project level
2024-09-09 20:16:16,935 [INFO] CADModel:114 - Register for checkConnection events
2024-09-09 20:16:16,935 [FATAL] Updater:334 - Updater called before beeing initialized
2024-09-09 20:16:16,935 [ERROR] CADModel:125 - Updater not yet initialized, retry later 
2024-09-09 20:16:16,940 [FATAL] Updater:334 - Updater called before beeing initialized
2024-09-09 20:16:17,066 [FATAL] Updater:334 - Updater called before beeing initialized
2024-09-09 20:16:17,071 [INFO] DbMcusAds:53 - JSON generation date=Thu May 16 06:22:00 BRT 2024 (1715851320667)
2024-09-09 20:16:17,072 [FATAL] Updater:334 - Updater called before beeing initialized
2024-09-09 20:16:17,112 [WARN] DetailPanel:346 - Failed to get advertising image, set to default
2024-09-09 20:16:17,216 [FATAL] Updater:334 - Updater called before beeing initialized
2024-09-09 20:16:17,217 [FATAL] Updater:334 - Updater called before beeing initialized
2024-09-09 20:16:17,217 [FATAL] Updater:334 - Updater called before beeing initialized
2024-09-09 20:16:17,218 [WARN] DetailPanel:346 - Failed to get advertising image, set to default
2024-09-09 20:16:17,219 [FATAL] Updater:334 - Updater called before beeing initialized
2024-09-09 20:16:17,271 [ERROR] Updater:1164 - MainUpdater not yet initialized. External WinMGr cannot be set.
2024-09-09 20:16:17,273 [INFO] Updater:1100 - Updater Version found : 6.12.0
2024-09-09 20:16:17,297 [INFO] ApplicationProperties:184 - Using Application install path: /opt/st/stm32cubeide_1.16.0/plugins/com.st.stm32cube.common.mx_6.12.0.202406281431
2024-09-09 20:16:17,322 [ERROR] LogOutputStream:75 - [STDERR_REDIRECT] Sep 09, 2024 8:16:17 PM java.util.prefs.FileSystemPreferences$2 run
2024-09-09 20:16:17,323 [ERROR] LogOutputStream:75 - [STDERR_REDIRECT] WARNING: Could not create system preferences directory. System preferences are unusable.
2024-09-09 20:16:17,323 [ERROR] LogOutputStream:75 - [STDERR_REDIRECT] 
2024-09-09 20:16:17,743 [INFO] MainUpdater:2873 - connection check result : 10
2024-09-09 20:16:17,744 [INFO] MainUpdater:290 - Updater Check For Update Now.
2024-09-09 20:16:17,745 [INFO] MicroXplorer:498 - Change Database Version : DB.6.0.120
2024-09-09 20:16:17,959 [INFO] CheckServerUpdateThread:120 - End of CheckServer Thread
2024-09-09 20:16:17,971 [INFO] MainUpdater:2873 - connection check result : 10
2024-09-09 20:16:17,972 [INFO] MainUpdater:2873 - connection check result : 10
2024-09-09 20:16:18,969 [WARN] PackLoader:240 - Cannot read IP mode file for STMicroelectronics.FP-SNS-MOTENVWB1.1.4.0
2024-09-09 20:16:18,982 [WARN] PackLoader:240 - Cannot read IP mode file for STMicroelectronics.X-CUBE-SMBUS.2.1.0
2024-09-09 20:16:19,038 [WARN] PackLoader:240 - Cannot read IP mode file for STMicroelectronics.X-CUBE-AZRTOS-F7.1.1.0
2024-09-09 20:16:19,180 [WARN] PackLoader:240 - Cannot read IP mode file for STMicroelectronics.X-CUBE-MEMS1.11.0.0
2024-09-09 20:16:19,677 [WARN] PackLoader:240 - Cannot read IP mode file for STMicroelectronics.FP-SNS-FLIGHT1.5.0.2
2024-09-09 20:16:19,689 [WARN] PackLoader:240 - Cannot read IP mode file for STMicroelectronics.X-CUBE-DISPLAY.3.0.0
2024-09-09 20:16:19,707 [WARN] PackLoader:240 - Cannot read IP mode file for STMicroelectronics.X-CUBE-BLE1.7.0.0
2024-09-09 20:16:19,715 [WARN] PackLoader:240 - Cannot read IP mode file for emotas.I-CUBE-CANOPEN.1.3.0
2024-09-09 20:16:19,735 [WARN] PackLoader:240 - Cannot read IP mode file for STMicroelectronics.X-CUBE-BLEMGR.3.1.0
2024-09-09 20:16:19,746 [WARN] PackLoader:240 - Cannot read IP mode file for STMicroelectronics.FP-SNS-SMARTAG2.1.2.0
2024-09-09 20:16:19,767 [INFO] LogOutputStream:77 - [STDOUT_REDIRECT] 1 : Invalid condition id : UX_CORESTACK_Condition cause : null
2024-09-09 20:16:19,768 [INFO] LogOutputStream:77 - [STDOUT_REDIRECT] 1 : Invalid condition id : UX_CORESTACK_Condition cause : null
2024-09-09 20:16:19,769 [INFO] LogOutputStream:77 - [STDOUT_REDIRECT] 1 : Invalid condition id : UX_CORESTACK_Condition cause : null
2024-09-09 20:16:19,769 [INFO] LogOutputStream:77 - [STDOUT_REDIRECT] 1 : Invalid condition id : UX_CORESTACK_Condition cause : null
2024-09-09 20:16:19,770 [INFO] LogOutputStream:77 - [STDOUT_REDIRECT] 1 : Invalid condition id : UX_CORESTACK_Condition cause : null
2024-09-09 20:16:19,777 [WARN] PackLoader:240 - Cannot read IP mode file for STMicroelectronics.X-CUBE-AZRTOS-WL.2.0.0
2024-09-09 20:16:19,787 [WARN] PackLoader:240 - Cannot read IP mode file for STMicroelectronics.FP-SNS-MOTENV1.5.0.0
2024-09-09 20:16:19,795 [WARN] PackLoader:240 - Cannot read IP mode file for wolfSSL.I-CUBE-wolfMQTT.1.19.0
2024-09-09 20:16:19,806 [WARN] PackLoader:240 - Cannot read IP mode file for WES.I-CUBE-Cesium.1.3.0
2024-09-09 20:16:19,814 [WARN] PackLoader:240 - Cannot read IP mode file for STMicroelectronics.X-CUBE-BLE2.3.3.0
2024-09-09 20:16:19,825 [WARN] PackLoader:240 - Cannot read IP mode file for STMicroelectronics.X-CUBE-TCPP.4.1.0
2024-09-09 20:16:19,869 [WARN] PackLoader:240 - Cannot read IP mode file for STMicroelectronics.X-CUBE-AZRTOS-G0.1.1.0
2024-09-09 20:16:19,891 [WARN] PackLoader:240 - Cannot read IP mode file for STMicroelectronics.X-CUBE-SAFEA1.1.2.2
2024-09-09 20:16:19,902 [WARN] PackLoader:240 - Cannot read IP mode file for STMicroelectronics.X-CUBE-NFC4.3.0.0
2024-09-09 20:16:19,923 [WARN] PackLoader:240 - Cannot read IP mode file for EmbeddedOffice.I-CUBE-FS-RTOS.1.0.1
2024-09-09 20:16:19,923 [ERROR] ConditionMgr:805 - Attr not supported : Dmpu
2024-09-09 20:16:19,924 [ERROR] ConditionMgr:805 - Attr not supported : Dmpu
2024-09-09 20:16:19,924 [ERROR] ConditionMgr:805 - Attr not supported : Dmpu
2024-09-09 20:16:19,925 [ERROR] ConditionMgr:805 - Attr not supported : Dmpu
2024-09-09 20:16:19,925 [ERROR] ConditionMgr:805 - Attr not supported : Dmpu
2024-09-09 20:16:19,925 [ERROR] ConditionMgr:805 - Attr not supported : Dmpu
2024-09-09 20:16:19,925 [ERROR] ConditionMgr:805 - Attr not supported : Dmpu
2024-09-09 20:16:19,926 [ERROR] ConditionMgr:805 - Attr not supported : Dmpu
2024-09-09 20:16:19,926 [ERROR] ConditionMgr:805 - Attr not supported : Dmpu
2024-09-09 20:16:19,926 [ERROR] ConditionMgr:805 - Attr not supported : Dmpu
2024-09-09 20:16:19,926 [ERROR] ConditionMgr:805 - Attr not supported : Dmpu
2024-09-09 20:16:19,926 [ERROR] ConditionMgr:805 - Attr not supported : Dmpu
2024-09-09 20:16:19,927 [ERROR] ConditionMgr:805 - Attr not supported : Dmpu
2024-09-09 20:16:19,927 [ERROR] ConditionMgr:805 - Attr not supported : Dmpu
2024-09-09 20:16:19,927 [ERROR] ConditionMgr:805 - Attr not supported : Dmpu
2024-09-09 20:16:19,927 [ERROR] ConditionMgr:805 - Attr not supported : Dmpu
2024-09-09 20:16:19,927 [ERROR] ConditionMgr:805 - Attr not supported : Dmpu
2024-09-09 20:16:19,927 [ERROR] ConditionMgr:805 - Attr not supported : Dmpu
2024-09-09 20:16:19,927 [ERROR] ConditionMgr:805 - Attr not supported : Dmpu
2024-09-09 20:16:19,927 [ERROR] ConditionMgr:805 - Attr not supported : Dmpu
2024-09-09 20:16:19,928 [ERROR] ConditionMgr:805 - Attr not supported : Dmpu
2024-09-09 20:16:19,928 [ERROR] ConditionMgr:805 - Attr not supported : Dmpu
2024-09-09 20:16:19,928 [ERROR] ConditionMgr:805 - Attr not supported : Dmpu
2024-09-09 20:16:19,928 [ERROR] ConditionMgr:805 - Attr not supported : Dmpu
2024-09-09 20:16:19,928 [ERROR] ConditionMgr:805 - Attr not supported : Dmpu
2024-09-09 20:16:19,928 [ERROR] ConditionMgr:805 - Attr not supported : Dmpu
2024-09-09 20:16:19,928 [ERROR] ConditionMgr:805 - Attr not supported : Dmpu
2024-09-09 20:16:19,928 [ERROR] ConditionMgr:805 - Attr not supported : Dmpu
2024-09-09 20:16:19,929 [ERROR] ConditionMgr:805 - Attr not supported : Dmpu
2024-09-09 20:16:19,929 [ERROR] ConditionMgr:805 - Attr not supported : Dmpu
2024-09-09 20:16:19,929 [ERROR] ConditionMgr:805 - Attr not supported : Dmpu
2024-09-09 20:16:19,929 [ERROR] ConditionMgr:805 - Attr not supported : Dmpu
2024-09-09 20:16:19,929 [ERROR] ConditionMgr:805 - Attr not supported : Dmpu
2024-09-09 20:16:19,929 [ERROR] ConditionMgr:805 - Attr not supported : Dmpu
2024-09-09 20:16:19,929 [ERROR] ConditionMgr:805 - Attr not supported : Dmpu
2024-09-09 20:16:19,930 [ERROR] ConditionMgr:805 - Attr not supported : Dmpu
2024-09-09 20:16:19,930 [ERROR] ConditionMgr:805 - Attr not supported : Dmpu
2024-09-09 20:16:19,930 [ERROR] ConditionMgr:805 - Attr not supported : Dmpu
2024-09-09 20:16:19,931 [ERROR] ConditionMgr:805 - Attr not supported : Dmpu
2024-09-09 20:16:19,931 [ERROR] ConditionMgr:805 - Attr not supported : Dmpu
2024-09-09 20:16:19,931 [ERROR] ConditionMgr:805 - Attr not supported : Dmpu
2024-09-09 20:16:19,931 [ERROR] ConditionMgr:805 - Attr not supported : Dmpu
2024-09-09 20:16:19,932 [ERROR] ConditionMgr:805 - Attr not supported : Dmpu
2024-09-09 20:16:19,932 [ERROR] ConditionMgr:805 - Attr not supported : Dmpu
2024-09-09 20:16:19,932 [ERROR] ConditionMgr:805 - Attr not supported : Dmpu
2024-09-09 20:16:19,933 [ERROR] ConditionMgr:805 - Attr not supported : Dmpu
2024-09-09 20:16:19,933 [ERROR] ConditionMgr:805 - Attr not supported : Dmpu
2024-09-09 20:16:19,933 [ERROR] ConditionMgr:805 - Attr not supported : Dmpu
2024-09-09 20:16:19,933 [ERROR] ConditionMgr:805 - Attr not supported : Dmpu
2024-09-09 20:16:19,934 [ERROR] ConditionMgr:805 - Attr not supported : Dmpu
2024-09-09 20:16:19,934 [ERROR] ConditionMgr:805 - Attr not supported : Dmpu
2024-09-09 20:16:19,934 [ERROR] ConditionMgr:805 - Attr not supported : Dmpu
2024-09-09 20:16:19,934 [ERROR] ConditionMgr:805 - Attr not supported : Dmpu
2024-09-09 20:16:19,935 [ERROR] ConditionMgr:805 - Attr not supported : Dmpu
2024-09-09 20:16:19,935 [ERROR] ConditionMgr:805 - Attr not supported : Dmpu
2024-09-09 20:16:19,935 [ERROR] ConditionMgr:805 - Attr not supported : Dmpu
2024-09-09 20:16:19,935 [ERROR] ConditionMgr:805 - Attr not supported : Dmpu
2024-09-09 20:16:19,936 [ERROR] ConditionMgr:805 - Attr not supported : Dmpu
2024-09-09 20:16:19,936 [ERROR] ConditionMgr:805 - Attr not supported : Dmpu
2024-09-09 20:16:19,936 [ERROR] ConditionMgr:805 - Attr not supported : Dmpu
2024-09-09 20:16:19,936 [ERROR] ConditionMgr:805 - Attr not supported : Dmpu
2024-09-09 20:16:19,936 [ERROR] ConditionMgr:805 - Attr not supported : Dmpu
2024-09-09 20:16:19,937 [ERROR] ConditionMgr:805 - Attr not supported : Dmpu
2024-09-09 20:16:19,937 [ERROR] ConditionMgr:805 - Attr not supported : Dmpu
2024-09-09 20:16:19,943 [WARN] PackLoader:240 - Cannot read IP mode file for RealThread.X-CUBE-RT-Thread_Nano.4.1.1
2024-09-09 20:16:19,950 [WARN] PackLoader:240 - Cannot read IP mode file for STMicroelectronics.FP-ATR-SIGFOX1.3.2.0
2024-09-09 20:16:19,955 [WARN] PackLoader:240 - Cannot read IP mode file for wolfSSL.I-CUBE-wolfSSL.5.7.2
2024-09-09 20:16:19,963 [WARN] PackLoader:240 - Cannot read IP mode file for STMicroelectronics.X-CUBE-EEPRMA1.5.1.0
2024-09-09 20:16:19,974 [WARN] PackLoader:240 - Cannot read IP mode file for ITTIA_DB.I-CUBE-ITTIADB.8.9.0
2024-09-09 20:16:20,058 [WARN] PackLoader:240 - Cannot read IP mode file for SEGGER.I-CUBE-embOS.1.3.1
2024-09-09 20:16:20,151 [WARN] PackLoader:240 - Cannot read IP mode file for STMicroelectronics.X-CUBE-ALGOBUILD.1.4.0
2024-09-09 20:16:20,158 [WARN] PackLoader:240 - Cannot read IP mode file for STMicroelectronics.X-CUBE-GNSS1.6.0.0
2024-09-09 20:16:20,187 [WARN] PackLoader:240 - Cannot read IP mode file for STMicroelectronics.X-CUBE-AZRTOS-F4.1.1.0
2024-09-09 20:16:20,199 [WARN] PackLoader:240 - Cannot read IP mode file for STMicroelectronics.X-CUBE-FREERTOS.1.2.0
2024-09-09 20:16:20,228 [WARN] PackLoader:240 - Cannot read IP mode file for STMicroelectronics.X-CUBE-AZRTOS-L5.2.0.0
2024-09-09 20:16:20,245 [WARN] PackLoader:240 - Cannot read IP mode file for STMicroelectronics.X-CUBE-NFC6.3.1.0
2024-09-09 20:16:20,254 [WARN] PackLoader:240 - Cannot read IP mode file for STMicroelectronics.X-CUBE-AI.9.0.0
2024-09-09 20:16:20,260 [WARN] PackLoader:240 - Cannot read IP mode file for STMicroelectronics.X-CUBE-NFC7.1.0.1
2024-09-09 20:16:20,266 [WARN] PackLoader:240 - Cannot read IP mode file for wolfSSL.I-CUBE-wolfTPM.3.2.0
2024-09-09 20:16:20,292 [WARN] ConditionMgr:438 - getConditionDescription Invalid condition id : LAN8742 Phy interface Condition cause : null
2024-09-09 20:16:20,293 [WARN] PackLoader:240 - Cannot read IP mode file for STMicroelectronics.X-CUBE-AZRTOS-L4.2.0.0
2024-09-09 20:16:20,294 [WARN] ConditionMgr:1039 - genDependencies : Invalid condition id : LAN8742 Phy interface Condition cause : null
2024-09-09 20:16:20,295 [WARN] ConditionMgr:1039 - genDependencies : Invalid condition id : LAN8742 Phy interface Condition cause : null
2024-09-09 20:16:20,296 [WARN] ConditionMgr:1039 - genDependencies : Invalid condition id : LAN8742 Phy interface Condition cause : null
2024-09-09 20:16:20,307 [WARN] PackLoader:240 - Cannot read IP mode file for STMicroelectronics.X-CUBE-SFXS2LP1.4.0.0
2024-09-09 20:16:20,340 [WARN] PackLoader:240 - Cannot read IP mode file for STMicroelectronics.X-CUBE-AZRTOS-H7.3.3.0
2024-09-09 20:16:20,371 [WARN] ConditionMgr:438 - getConditionDescription Invalid condition id : UX DEVICE CLASS RTOS Condition cause : null
2024-09-09 20:16:20,372 [WARN] ConditionMgr:438 - getConditionDescription Invalid condition id : UX DEVICE CLASS RTOS Condition cause : null
2024-09-09 20:16:20,375 [WARN] PackLoader:240 - Cannot read IP mode file for STMicroelectronics.X-CUBE-AZRTOS-WB.2.0.0
2024-09-09 20:16:20,376 [WARN] ConditionMgr:1039 - genDependencies : Invalid condition id : UX DEVICE CLASS RTOS Condition cause : null
2024-09-09 20:16:20,376 [WARN] ConditionMgr:1039 - genDependencies : Invalid condition id : UX DEVICE CLASS RTOS Condition cause : null
2024-09-09 20:16:20,377 [WARN] ConditionMgr:1039 - genDependencies : Invalid condition id : UX DEVICE CLASS RTOS Condition cause : null
2024-09-09 20:16:20,378 [WARN] ConditionMgr:1039 - genDependencies : Invalid condition id : UX DEVICE CLASS RTOS Condition cause : null
2024-09-09 20:16:20,378 [WARN] ConditionMgr:1039 - genDependencies : Invalid condition id : UX DEVICE CLASS RTOS Condition cause : null
2024-09-09 20:16:20,399 [WARN] PackLoader:240 - Cannot read IP mode file for STMicroelectronics.X-CUBE-SUBG2.5.0.0
2024-09-09 20:16:20,409 [WARN] PackLoader:240 - Cannot read IP mode file for Cesanta.I-CUBE-Mongoose.7.13.0
2024-09-09 20:16:20,431 [WARN] PackLoader:240 - Cannot read IP mode file for STMicroelectronics.X-CUBE-AZRTOS-G4.2.0.0
2024-09-09 20:16:20,439 [WARN] PackLoader:240 - Cannot read IP mode file for STMicroelectronics.X-CUBE-ISPU.2.0.0
2024-09-09 20:16:20,442 [WARN] PackLoader:240 - Cannot read IP mode file for STMicroelectronics.X-CUBE-ALS.1.0.2
2024-09-09 20:16:20,504 [WARN] PackLoader:240 - Cannot read IP mode file for STMicroelectronics.X-CUBE-MEMS1.10.0.0
2024-09-09 20:16:20,660 [WARN] PackLoader:240 - Cannot read IP mode file for STMicroelectronics.X-CUBE-TOUCHGFX.4.24.0
2024-09-09 20:16:20,667 [WARN] PackLoader:240 - Cannot read IP mode file for portGmbH.I-Cube-SoM-uGOAL.1.1.0
2024-09-09 20:16:20,701 [WARN] PackLoader:240 - Cannot read IP mode file for STMicroelectronics.X-CUBE-AZRTOS-H7RS.1.0.0
2024-09-09 20:16:20,708 [WARN] PackLoader:240 - Cannot read IP mode file for STMicroelectronics.FP-ATR-ASTRA1.2.0.0
2024-09-09 20:16:20,723 [WARN] PackLoader:240 - Cannot read IP mode file for STMicroelectronics.X-CUBE-TOF1.3.4.2
2024-09-09 20:16:20,769 [WARN] PackLoader:240 - Cannot read IP mode file for Infineon.AIROC-Wi-Fi-Bluetooth-STM32.1.6.1
2024-09-09 20:16:20,777 [WARN] PackLoader:240 - Cannot read IP mode file for wolfSSL.I-CUBE-wolfSSH.1.4.17
2024-09-09 20:16:20,777 [INFO] ThirdParty:978 - Integrity check success = true
2024-09-09 20:16:20,778 [INFO] IntegrityCheckThread:100 - exiting critical section [integrity check]
2024-09-09 20:16:20,778 [INFO] IntegrityCheckThread:103 - End integrity checks thread
2024-09-09 20:18:12,086 [INFO] Activator:176 - 


2024-09-09 20:18:12,089 [INFO] Activator:177 - !SESSION log4j initialized
2024-09-09 20:18:14,839 [INFO] ApplicationProperties:184 - Using Application install path: /opt/st/stm32cubeide_1.16.0/plugins/com.st.stm32cube.common.mx_6.12.0.202406281431
2024-09-09 20:18:14,856 [INFO] DbMcusXml:78 - Set database path to: /opt/st/stm32cubeide_1.16.0/plugins/com.st.stm32cube.common.mx_6.12.0.202406281431//db//mcu/
2024-09-09 20:18:14,857 [INFO] ApiDb:274 - Set plugin database path to: /opt/st/stm32cubeide_1.16.0/plugins/com.st.stm32cube.common.mx_6.12.0.202406281431//db//plugins/boardmanager/
2024-09-09 20:18:14,857 [WARN] ApiDb:259 - Overriding images path with different value:  => /opt/st/stm32cubeide_1.16.0/plugins/com.st.stm32cube.common.mx_6.12.0.202406281431//db//plugins/mcufinder/images/
2024-09-09 20:18:14,861 [INFO] ApiDb:250 - Set database path to: /home/leandro/.stmcufinder/plugins/mcufinder//mcu/
2024-09-09 20:18:14,863 [INFO] DbMcusAds:125 - Set database path to: /home/leandro/.stmcufinder/plugins/mcufinder//mcu/
2024-09-09 20:18:14,884 [INFO] CrossReferenceDbSqlite:203 - Set database path to: /home/leandro/.stmcufinder/plugins/mcufinder//mcu/cs/
2024-09-09 20:18:15,028 [INFO] RulesReader:64 - Compatibility file has been processed (297 Rules)
2024-09-09 20:18:15,114 [INFO] DbMcusXml:78 - Set database path to: /opt/st/stm32cubeide_1.16.0/plugins/com.st.stm32cube.common.mx_6.12.0.202406281431//db//mcu/
2024-09-09 20:18:15,115 [INFO] ApiDb:274 - Set plugin database path to: /opt/st/stm32cubeide_1.16.0/plugins/com.st.stm32cube.common.mx_6.12.0.202406281431//db//plugins/boardmanager/
2024-09-09 20:18:15,115 [INFO] ApiDb:261 - Set plugin images path to: /opt/st/stm32cubeide_1.16.0/plugins/com.st.stm32cube.common.mx_6.12.0.202406281431//db//plugins/mcufinder/images/
2024-09-09 20:18:15,115 [WARN] DbFile:41 - Overriding database path with different value: /home/leandro/.stmcufinder/plugins/mcufinder/ => /home/leandro/.stmcufinder/plugins/mcufinder
2024-09-09 20:18:15,116 [INFO] ApiDb:250 - Set database path to: /home/leandro/.stmcufinder/plugins/mcufinder//mcu/
2024-09-09 20:18:15,116 [WARN] DbFile:41 - Overriding database path with different value: /home/leandro/.stmcufinder/plugins/mcufinder/ => /home/leandro/.stmcufinder/plugins/mcufinder
2024-09-09 20:18:15,116 [INFO] DbMcusAds:125 - Set database path to: /home/leandro/.stmcufinder/plugins/mcufinder//mcu/
2024-09-09 20:18:15,116 [WARN] DbFile:41 - Overriding database path with different value: /home/leandro/.stmcufinder/plugins/mcufinder/ => /home/leandro/.stmcufinder/plugins/mcufinder
2024-09-09 20:18:15,116 [WARN] DbFile:41 - Overriding database path with different value: /home/leandro/.stmcufinder/plugins/mcufinder/ => /home/leandro/.stmcufinder/plugins/mcufinder
2024-09-09 20:18:15,116 [INFO] CrossReferenceDbSqlite:203 - Set database path to: /home/leandro/.stmcufinder/plugins/mcufinder//mcu/cs/
2024-09-09 20:18:15,212 [INFO] MainPanel:268 - HeapMemory: 268435456
2024-09-09 20:18:15,356 [INFO] DbMcusXml:78 - Set database path to: /opt/st/stm32cubeide_1.16.0/plugins/com.st.stm32cube.common.mx_6.12.0.202406281431//db//mcu/
2024-09-09 20:18:15,357 [INFO] ApiDb:274 - Set plugin database path to: /opt/st/stm32cubeide_1.16.0/plugins/com.st.stm32cube.common.mx_6.12.0.202406281431//db//plugins/boardmanager/
2024-09-09 20:18:15,357 [INFO] ApiDb:261 - Set plugin images path to: /opt/st/stm32cubeide_1.16.0/plugins/com.st.stm32cube.common.mx_6.12.0.202406281431//db//plugins/mcufinder/images/
2024-09-09 20:18:15,357 [WARN] DbFile:41 - Overriding database path with different value: /home/leandro/.stmcufinder/plugins/mcufinder/ => /home/leandro/.stmcufinder/plugins/mcufinder
2024-09-09 20:18:15,357 [INFO] ApiDb:250 - Set database path to: /home/leandro/.stmcufinder/plugins/mcufinder//mcu/
2024-09-09 20:18:15,357 [WARN] DbFile:41 - Overriding database path with different value: /home/leandro/.stmcufinder/plugins/mcufinder/ => /home/leandro/.stmcufinder/plugins/mcufinder
2024-09-09 20:18:15,358 [INFO] DbMcusAds:125 - Set database path to: /home/leandro/.stmcufinder/plugins/mcufinder//mcu/
2024-09-09 20:18:15,358 [WARN] DbFile:41 - Overriding database path with different value: /home/leandro/.stmcufinder/plugins/mcufinder/ => /home/leandro/.stmcufinder/plugins/mcufinder
2024-09-09 20:18:15,358 [WARN] DbFile:41 - Overriding database path with different value: /home/leandro/.stmcufinder/plugins/mcufinder/ => /home/leandro/.stmcufinder/plugins/mcufinder
2024-09-09 20:18:15,358 [INFO] CrossReferenceDbSqlite:203 - Set database path to: /home/leandro/.stmcufinder/plugins/mcufinder//mcu/cs/
2024-09-09 20:18:15,375 [INFO] ApplicationProperties:184 - Using Application install path: /opt/st/stm32cubeide_1.16.0/plugins/com.st.stm32cube.common.mx_6.12.0.202406281431
2024-09-09 20:18:15,376 [INFO] PluginManage:196 - Search for loadable plugins [exclusion list=, ]
2024-09-09 20:18:15,377 [INFO] PluginManage:310 - Check plugin analytics
2024-09-09 20:18:15,828 [INFO] AnalyticsPlugin:253 - Accepted Software Licenses: 
2024-09-09 20:18:15,828 [INFO] AnalyticsPlugin:255 - Accepted CMSIS Pack Licenses: 
2024-09-09 20:18:15,828 [INFO] AnalyticsPlugin:257 - Accepted Firmware Licenses: FW.F4.1.27.0,FW.F4.1.28.0
2024-09-09 20:18:15,833 [INFO] PluginManage:359 - Loaded plugin analytics (category:tool,tabindex:-1)
2024-09-09 20:18:15,833 [INFO] PluginManage:310 - Check plugin cadmodel
2024-09-09 20:18:15,843 [INFO] CADModel:105 - Init CAD model plugin
2024-09-09 20:18:15,844 [INFO] PluginManage:359 - Loaded plugin cadmodel (category:power,tabindex:5)
2024-09-09 20:18:15,845 [INFO] PluginManage:310 - Check plugin clock
2024-09-09 20:18:15,856 [INFO] PluginManage:359 - Loaded plugin clock (category:base,tabindex:2)
2024-09-09 20:18:15,857 [INFO] PluginManage:310 - Check plugin ddr
2024-09-09 20:18:15,860 [INFO] PluginManage:359 - Loaded plugin ddr (category:tool,tabindex:6)
2024-09-09 20:18:15,860 [INFO] PluginManage:310 - Check plugin filemanager
2024-09-09 20:18:16,053 [INFO] PluginManage:359 - Loaded plugin filemanager (category:base,tabindex:10)
2024-09-09 20:18:16,053 [INFO] PluginManage:310 - Check plugin ipmanager
2024-09-09 20:18:16,061 [INFO] PluginManage:359 - Loaded plugin ipmanager (category:base,tabindex:5)
2024-09-09 20:18:16,061 [INFO] PluginManage:310 - Check plugin lpbam
2024-09-09 20:18:16,070 [INFO] PluginManage:359 - Loaded plugin lpbam (category:base,tabindex:0)
2024-09-09 20:18:16,071 [INFO] PluginManage:310 - Check plugin memorymap
2024-09-09 20:18:16,083 [INFO] PluginManage:359 - Loaded plugin memorymap (category:base,tabindex:4)
2024-09-09 20:18:16,083 [INFO] PluginManage:310 - Check plugin pinoutandconfiguration
2024-09-09 20:18:16,092 [INFO] PluginManage:359 - Loaded plugin pinoutandconfiguration (category:base,tabindex:1)
2024-09-09 20:18:16,093 [INFO] PluginManage:310 - Check plugin pinoutconfig
2024-09-09 20:18:16,218 [WARN] SupportedApi:132 - Cannot load RTOS API schema: s4s-elt-must-match.1: The content of 'definitions' must match (annotation?, (simpleType | complexType)?, (unique | key | keyref)*)). A problem was found starting at: attribute.
2024-09-09 20:18:16,408 [INFO] PluginManage:359 - Loaded plugin pinoutconfig (category:base,tabindex:0)
2024-09-09 20:18:16,409 [INFO] PluginManage:310 - Check plugin power
2024-09-09 20:18:16,420 [INFO] PluginManage:359 - Loaded plugin power (category:power,tabindex:4)
2024-09-09 20:18:16,420 [INFO] PluginManage:310 - Check plugin projectmanager
2024-09-09 20:18:16,448 [INFO] PluginManage:359 - Loaded plugin projectmanager (category:projectmanager,tabindex:4)
2024-09-09 20:18:16,448 [INFO] PluginManage:310 - Check plugin rif
2024-09-09 20:18:16,454 [INFO] PluginManage:359 - Loaded plugin rif (category:base,tabindex:3)
2024-09-09 20:18:16,455 [INFO] PluginManage:310 - Check plugin thirdparty
2024-09-09 20:18:16,637 [INFO] PluginManage:359 - Loaded plugin thirdparty (category:base,tabindex:-1)
2024-09-09 20:18:16,637 [INFO] PluginManage:310 - Check plugin tools
2024-09-09 20:18:16,639 [WARN] IntegrityCheckThread:84 - waiting for thirdparty lock release [integrity check]
2024-09-09 20:18:16,639 [INFO] IntegrityCheckThread:86 - entering critical section [integrity check]
2024-09-09 20:18:16,640 [INFO] ThirdPartyUpdaterWithRetryManager:70 - Updater plugin not ready yet. [1/15]
2024-09-09 20:18:16,642 [INFO] PluginManage:359 - Loaded plugin tools (category:base,tabindex:7)
2024-09-09 20:18:16,642 [INFO] PluginManage:310 - Check plugin tutovideos
2024-09-09 20:18:16,886 [INFO] PluginManage:359 - Loaded plugin tutovideos (category:base,tabindex:-1)
2024-09-09 20:18:16,886 [INFO] PluginManage:310 - Check plugin updater
2024-09-09 20:18:16,909 [INFO] PluginManage:359 - Loaded plugin updater (category:base,tabindex:12)
2024-09-09 20:18:16,909 [INFO] PluginManage:310 - Check plugin userauth
2024-09-09 20:18:16,916 [INFO] UserAuth:113 - Init User Auth plugin
2024-09-09 20:18:16,916 [INFO] PluginManage:359 - Loaded plugin userauth (category:base,tabindex:14)
2024-09-09 20:18:16,917 [INFO] PluginManage:283 - PluginManage : Loaded plugins [18]
2024-09-09 20:18:17,168 [INFO] PinOutPanel:1561 - setPackage(No Configuration,No Configuration)
2024-09-09 20:18:17,278 [INFO] CADModel:165 - CPN selected for project level
2024-09-09 20:18:17,278 [INFO] CADModel:114 - Register for checkConnection events
2024-09-09 20:18:17,293 [INFO] IPUIPlugin:80 - create IPUIPlugin
2024-09-09 20:18:17,293 [INFO] PluginManager:220 - loadIPPluginJar : add ddr_ctrl_phy
2024-09-09 20:18:17,295 [INFO] IPUIPlugin:80 - create IPUIPlugin
2024-09-09 20:18:17,296 [INFO] PluginManager:220 - loadIPPluginJar : add tim
2024-09-09 20:18:17,299 [INFO] IPUIPlugin:80 - create IPUIPlugin
2024-09-09 20:18:17,299 [INFO] PluginManager:220 - loadIPPluginJar : add openamp
2024-09-09 20:18:17,303 [INFO] IPUIPlugin:80 - create IPUIPlugin
2024-09-09 20:18:17,303 [INFO] PluginManager:220 - loadIPPluginJar : add pdm2pcm
2024-09-09 20:18:17,309 [INFO] IPUIPlugin:80 - create IPUIPlugin
2024-09-09 20:18:17,309 [INFO] PluginManager:220 - loadIPPluginJar : add resmgrutility
2024-09-09 20:18:17,316 [INFO] IPUIPlugin:80 - create IPUIPlugin
2024-09-09 20:18:17,318 [INFO] PluginManager:220 - loadIPPluginJar : add mdma
2024-09-09 20:18:17,320 [INFO] IPUIPlugin:80 - create IPUIPlugin
2024-09-09 20:18:17,320 [INFO] PluginManager:220 - loadIPPluginJar : add tsc
2024-09-09 20:18:17,322 [INFO] IPUIPlugin:80 - create IPUIPlugin
2024-09-09 20:18:17,322 [INFO] PluginManager:220 - loadIPPluginJar : add genericplugin
2024-09-09 20:18:17,324 [INFO] IPUIPlugin:80 - create IPUIPlugin
2024-09-09 20:18:17,327 [INFO] PluginManager:220 - loadIPPluginJar : add radio
2024-09-09 20:18:17,330 [INFO] IPUIPlugin:80 - create IPUIPlugin
2024-09-09 20:18:17,330 [INFO] PluginManager:220 - loadIPPluginJar : add comp
2024-09-09 20:18:17,332 [INFO] IPUIPlugin:80 - create IPUIPlugin
2024-09-09 20:18:17,332 [INFO] PluginManager:220 - loadIPPluginJar : add quadspi
2024-09-09 20:18:17,335 [INFO] IPUIPlugin:80 - create IPUIPlugin
2024-09-09 20:18:17,335 [INFO] PluginManager:220 - loadIPPluginJar : add extmemmanager
2024-09-09 20:18:17,338 [INFO] IPUIPlugin:80 - create IPUIPlugin
2024-09-09 20:18:17,338 [INFO] PluginManager:220 - loadIPPluginJar : add hash
2024-09-09 20:18:17,341 [INFO] IPUIPlugin:80 - create IPUIPlugin
2024-09-09 20:18:17,342 [INFO] PluginManager:220 - loadIPPluginJar : add sai
2024-09-09 20:18:17,346 [INFO] IPUIPlugin:80 - create IPUIPlugin
2024-09-09 20:18:17,346 [INFO] PluginManager:220 - loadIPPluginJar : add touchsensing
2024-09-09 20:18:17,349 [INFO] IPUIPlugin:80 - create IPUIPlugin
2024-09-09 20:18:17,350 [INFO] PluginManager:220 - loadIPPluginJar : add gfxmmu
2024-09-09 20:18:17,353 [INFO] IPUIPlugin:80 - create IPUIPlugin
2024-09-09 20:18:17,353 [INFO] PluginManager:220 - loadIPPluginJar : add i2c
2024-09-09 20:18:17,361 [INFO] IPUIPlugin:80 - create IPUIPlugin
2024-09-09 20:18:17,362 [INFO] PluginManager:220 - loadIPPluginJar : add adc
2024-09-09 20:18:17,366 [INFO] IPUIPlugin:80 - create IPUIPlugin
2024-09-09 20:18:17,366 [INFO] PluginManager:220 - loadIPPluginJar : add gpio
2024-09-09 20:18:17,372 [INFO] IPUIPlugin:80 - create IPUIPlugin
2024-09-09 20:18:17,372 [INFO] PluginManager:220 - loadIPPluginJar : add fmc
2024-09-09 20:18:17,376 [INFO] IPUIPlugin:80 - create IPUIPlugin
2024-09-09 20:18:17,376 [INFO] PluginManager:220 - loadIPPluginJar : add can
2024-09-09 20:18:17,379 [INFO] IPUIPlugin:80 - create IPUIPlugin
2024-09-09 20:18:17,379 [INFO] PluginManager:220 - loadIPPluginJar : add gtzc
2024-09-09 20:18:17,382 [INFO] IPUIPlugin:80 - create IPUIPlugin
2024-09-09 20:18:17,383 [INFO] PluginManager:220 - loadIPPluginJar : add aes
2024-09-09 20:18:17,387 [INFO] IPUIPlugin:80 - create IPUIPlugin
2024-09-09 20:18:17,387 [INFO] PluginManager:220 - loadIPPluginJar : add usart
2024-09-09 20:18:17,389 [INFO] IPUIPlugin:80 - create IPUIPlugin
2024-09-09 20:18:17,389 [INFO] PluginManager:220 - loadIPPluginJar : add ts
2024-09-09 20:18:17,392 [INFO] IPUIPlugin:80 - create IPUIPlugin
2024-09-09 20:18:17,392 [INFO] PluginManager:220 - loadIPPluginJar : add ltdc
2024-09-09 20:18:17,394 [INFO] IPUIPlugin:80 - create IPUIPlugin
2024-09-09 20:18:17,395 [INFO] PluginManager:220 - loadIPPluginJar : add tracer_emb
2024-09-09 20:18:17,398 [INFO] IPUIPlugin:80 - create IPUIPlugin
2024-09-09 20:18:17,398 [INFO] PluginManager:220 - loadIPPluginJar : add i3c
2024-09-09 20:18:17,401 [INFO] IPUIPlugin:80 - create IPUIPlugin
2024-09-09 20:18:17,401 [INFO] PluginManager:220 - loadIPPluginJar : add lorawan
2024-09-09 20:18:17,407 [INFO] IPUIPlugin:80 - create IPUIPlugin
2024-09-09 20:18:17,407 [INFO] PluginManager:220 - loadIPPluginJar : add stm32_wpan
2024-09-09 20:18:17,415 [INFO] IPUIPlugin:80 - create IPUIPlugin
2024-09-09 20:18:17,420 [INFO] PluginManager:220 - loadIPPluginJar : add plateformsettings
2024-09-09 20:18:17,430 [INFO] IPUIPlugin:80 - create IPUIPlugin
2024-09-09 20:18:17,430 [INFO] PluginManager:220 - loadIPPluginJar : add linkedlist
2024-09-09 20:18:17,436 [INFO] IPUIPlugin:80 - create IPUIPlugin
2024-09-09 20:18:17,436 [INFO] PluginManager:220 - loadIPPluginJar : add gic
2024-09-09 20:18:17,440 [INFO] IPUIPlugin:80 - create IPUIPlugin
2024-09-09 20:18:17,441 [INFO] PluginManager:220 - loadIPPluginJar : add ipddr
2024-09-09 20:18:17,444 [INFO] IPUIPlugin:80 - create IPUIPlugin
2024-09-09 20:18:17,444 [INFO] PluginManager:220 - loadIPPluginJar : add dfsdm
2024-09-09 20:18:17,446 [INFO] IPUIPlugin:80 - create IPUIPlugin
2024-09-09 20:18:17,447 [INFO] PluginManager:220 - loadIPPluginJar : add ucpd
2024-09-09 20:18:17,451 [INFO] IPUIPlugin:80 - create IPUIPlugin
2024-09-09 20:18:17,451 [INFO] PluginManager:220 - loadIPPluginJar : add opamp
2024-09-09 20:18:17,454 [INFO] IPUIPlugin:80 - create IPUIPlugin
2024-09-09 20:18:17,454 [INFO] PluginManager:220 - loadIPPluginJar : add i2s
2024-09-09 20:18:17,460 [INFO] IPUIPlugin:80 - create IPUIPlugin
2024-09-09 20:18:17,461 [INFO] PluginManager:220 - loadIPPluginJar : add freertos
2024-09-09 20:18:17,464 [INFO] IPUIPlugin:80 - create IPUIPlugin
2024-09-09 20:18:17,465 [INFO] PluginManager:220 - loadIPPluginJar : add nvic
2024-09-09 20:18:17,469 [INFO] IPUIPlugin:80 - create IPUIPlugin
2024-09-09 20:18:17,469 [INFO] PluginManager:220 - loadIPPluginJar : add usbx
2024-09-09 20:18:17,472 [INFO] IPUIPlugin:80 - create IPUIPlugin
2024-09-09 20:18:17,472 [INFO] PluginManager:220 - loadIPPluginJar : add dma3
2024-09-09 20:18:17,476 [INFO] IPUIPlugin:80 - create IPUIPlugin
2024-09-09 20:18:17,476 [INFO] PluginManager:220 - loadIPPluginJar : add spi
2024-09-09 20:18:17,479 [INFO] IPUIPlugin:80 - create IPUIPlugin
2024-09-09 20:18:17,479 [INFO] PluginManager:220 - loadIPPluginJar : add cryp
2024-09-09 20:18:17,486 [INFO] IPUIPlugin:80 - create IPUIPlugin
2024-09-09 20:18:17,486 [INFO] PluginManager:220 - loadIPPluginJar : add dma
2024-09-09 20:18:17,488 [INFO] IPUIPlugin:80 - create IPUIPlugin
2024-09-09 20:18:17,488 [INFO] PluginManager:220 - loadIPPluginJar : add fatfs
2024-09-09 20:18:17,613 [INFO] CADModel:165 - CPN selected for project level
2024-09-09 20:18:17,613 [INFO] CADModel:114 - Register for checkConnection events
2024-09-09 20:18:17,614 [FATAL] Updater:334 - Updater called before beeing initialized
2024-09-09 20:18:17,614 [ERROR] CADModel:125 - Updater not yet initialized, retry later 
2024-09-09 20:18:17,746 [INFO] CADModel:165 - CPN selected for project level
2024-09-09 20:18:17,746 [INFO] CADModel:114 - Register for checkConnection events
2024-09-09 20:18:17,747 [FATAL] Updater:334 - Updater called before beeing initialized
2024-09-09 20:18:17,747 [ERROR] CADModel:125 - Updater not yet initialized, retry later 
2024-09-09 20:18:17,752 [FATAL] Updater:334 - Updater called before beeing initialized
2024-09-09 20:18:17,875 [FATAL] Updater:334 - Updater called before beeing initialized
2024-09-09 20:18:17,879 [INFO] DbMcusAds:53 - JSON generation date=Thu May 16 06:22:00 BRT 2024 (1715851320667)
2024-09-09 20:18:17,880 [FATAL] Updater:334 - Updater called before beeing initialized
2024-09-09 20:18:17,922 [WARN] DetailPanel:346 - Failed to get advertising image, set to default
2024-09-09 20:18:18,018 [FATAL] Updater:334 - Updater called before beeing initialized
2024-09-09 20:18:18,020 [FATAL] Updater:334 - Updater called before beeing initialized
2024-09-09 20:18:18,020 [FATAL] Updater:334 - Updater called before beeing initialized
2024-09-09 20:18:18,020 [WARN] DetailPanel:346 - Failed to get advertising image, set to default
2024-09-09 20:18:18,022 [FATAL] Updater:334 - Updater called before beeing initialized
2024-09-09 20:18:18,072 [ERROR] Updater:1164 - MainUpdater not yet initialized. External WinMGr cannot be set.
2024-09-09 20:18:18,075 [INFO] Updater:1100 - Updater Version found : 6.12.0
2024-09-09 20:18:18,103 [INFO] ApplicationProperties:184 - Using Application install path: /opt/st/stm32cubeide_1.16.0/plugins/com.st.stm32cube.common.mx_6.12.0.202406281431
2024-09-09 20:18:18,128 [ERROR] LogOutputStream:75 - [STDERR_REDIRECT] Sep 09, 2024 8:18:18 PM java.util.prefs.FileSystemPreferences$2 run
2024-09-09 20:18:18,129 [ERROR] LogOutputStream:75 - [STDERR_REDIRECT] WARNING: Could not create system preferences directory. System preferences are unusable.
2024-09-09 20:18:18,129 [ERROR] LogOutputStream:75 - [STDERR_REDIRECT] 
2024-09-09 20:18:18,633 [INFO] MainUpdater:2873 - connection check result : 10
2024-09-09 20:18:18,634 [INFO] MainUpdater:290 - Updater Check For Update Now.
2024-09-09 20:18:18,635 [INFO] MicroXplorer:498 - Change Database Version : DB.6.0.120
2024-09-09 20:18:18,872 [INFO] CheckServerUpdateThread:120 - End of CheckServer Thread
2024-09-09 20:18:19,059 [INFO] MainUpdater:2873 - connection check result : 10
2024-09-09 20:18:19,060 [INFO] MainUpdater:2873 - connection check result : 10
2024-09-09 20:18:19,824 [WARN] PackLoader:240 - Cannot read IP mode file for STMicroelectronics.FP-SNS-MOTENVWB1.1.4.0
2024-09-09 20:18:19,839 [WARN] PackLoader:240 - Cannot read IP mode file for STMicroelectronics.X-CUBE-SMBUS.2.1.0
2024-09-09 20:18:19,897 [WARN] PackLoader:240 - Cannot read IP mode file for STMicroelectronics.X-CUBE-AZRTOS-F7.1.1.0
2024-09-09 20:18:20,033 [WARN] PackLoader:240 - Cannot read IP mode file for STMicroelectronics.X-CUBE-MEMS1.11.0.0
2024-09-09 20:18:20,397 [WARN] PackLoader:240 - Cannot read IP mode file for STMicroelectronics.FP-SNS-FLIGHT1.5.0.2
2024-09-09 20:18:20,408 [WARN] PackLoader:240 - Cannot read IP mode file for STMicroelectronics.X-CUBE-DISPLAY.3.0.0
2024-09-09 20:18:20,427 [WARN] PackLoader:240 - Cannot read IP mode file for STMicroelectronics.X-CUBE-BLE1.7.0.0
2024-09-09 20:18:20,436 [WARN] PackLoader:240 - Cannot read IP mode file for emotas.I-CUBE-CANOPEN.1.3.0
2024-09-09 20:18:20,465 [WARN] PackLoader:240 - Cannot read IP mode file for STMicroelectronics.X-CUBE-BLEMGR.3.1.0
2024-09-09 20:18:20,479 [WARN] PackLoader:240 - Cannot read IP mode file for STMicroelectronics.FP-SNS-SMARTAG2.1.2.0
2024-09-09 20:18:20,496 [INFO] LogOutputStream:77 - [STDOUT_REDIRECT] 1 : Invalid condition id : UX_CORESTACK_Condition cause : null
2024-09-09 20:18:20,497 [INFO] LogOutputStream:77 - [STDOUT_REDIRECT] 1 : Invalid condition id : UX_CORESTACK_Condition cause : null
2024-09-09 20:18:20,498 [INFO] LogOutputStream:77 - [STDOUT_REDIRECT] 1 : Invalid condition id : UX_CORESTACK_Condition cause : null
2024-09-09 20:18:20,499 [INFO] LogOutputStream:77 - [STDOUT_REDIRECT] 1 : Invalid condition id : UX_CORESTACK_Condition cause : null
2024-09-09 20:18:20,499 [INFO] LogOutputStream:77 - [STDOUT_REDIRECT] 1 : Invalid condition id : UX_CORESTACK_Condition cause : null
2024-09-09 20:18:20,506 [WARN] PackLoader:240 - Cannot read IP mode file for STMicroelectronics.X-CUBE-AZRTOS-WL.2.0.0
2024-09-09 20:18:20,513 [WARN] PackLoader:240 - Cannot read IP mode file for STMicroelectronics.FP-SNS-MOTENV1.5.0.0
2024-09-09 20:18:20,520 [WARN] PackLoader:240 - Cannot read IP mode file for wolfSSL.I-CUBE-wolfMQTT.1.19.0
2024-09-09 20:18:20,529 [WARN] PackLoader:240 - Cannot read IP mode file for WES.I-CUBE-Cesium.1.3.0
2024-09-09 20:18:20,535 [WARN] PackLoader:240 - Cannot read IP mode file for STMicroelectronics.X-CUBE-BLE2.3.3.0
2024-09-09 20:18:20,544 [WARN] PackLoader:240 - Cannot read IP mode file for STMicroelectronics.X-CUBE-TCPP.4.1.0
2024-09-09 20:18:20,580 [WARN] PackLoader:240 - Cannot read IP mode file for STMicroelectronics.X-CUBE-AZRTOS-G0.1.1.0
2024-09-09 20:18:20,594 [WARN] PackLoader:240 - Cannot read IP mode file for STMicroelectronics.X-CUBE-SAFEA1.1.2.2
2024-09-09 20:18:20,603 [WARN] PackLoader:240 - Cannot read IP mode file for STMicroelectronics.X-CUBE-NFC4.3.0.0
2024-09-09 20:18:20,619 [WARN] PackLoader:240 - Cannot read IP mode file for EmbeddedOffice.I-CUBE-FS-RTOS.1.0.1
2024-09-09 20:18:20,619 [ERROR] ConditionMgr:805 - Attr not supported : Dmpu
2024-09-09 20:18:20,619 [ERROR] ConditionMgr:805 - Attr not supported : Dmpu
2024-09-09 20:18:20,620 [ERROR] ConditionMgr:805 - Attr not supported : Dmpu
2024-09-09 20:18:20,620 [ERROR] ConditionMgr:805 - Attr not supported : Dmpu
2024-09-09 20:18:20,620 [ERROR] ConditionMgr:805 - Attr not supported : Dmpu
2024-09-09 20:18:20,620 [ERROR] ConditionMgr:805 - Attr not supported : Dmpu
2024-09-09 20:18:20,620 [ERROR] ConditionMgr:805 - Attr not supported : Dmpu
2024-09-09 20:18:20,620 [ERROR] ConditionMgr:805 - Attr not supported : Dmpu
2024-09-09 20:18:20,620 [ERROR] ConditionMgr:805 - Attr not supported : Dmpu
2024-09-09 20:18:20,620 [ERROR] ConditionMgr:805 - Attr not supported : Dmpu
2024-09-09 20:18:20,620 [ERROR] ConditionMgr:805 - Attr not supported : Dmpu
2024-09-09 20:18:20,621 [ERROR] ConditionMgr:805 - Attr not supported : Dmpu
2024-09-09 20:18:20,621 [ERROR] ConditionMgr:805 - Attr not supported : Dmpu
2024-09-09 20:18:20,621 [ERROR] ConditionMgr:805 - Attr not supported : Dmpu
2024-09-09 20:18:20,621 [ERROR] ConditionMgr:805 - Attr not supported : Dmpu
2024-09-09 20:18:20,621 [ERROR] ConditionMgr:805 - Attr not supported : Dmpu
2024-09-09 20:18:20,621 [ERROR] ConditionMgr:805 - Attr not supported : Dmpu
2024-09-09 20:18:20,621 [ERROR] ConditionMgr:805 - Attr not supported : Dmpu
2024-09-09 20:18:20,621 [ERROR] ConditionMgr:805 - Attr not supported : Dmpu
2024-09-09 20:18:20,622 [ERROR] ConditionMgr:805 - Attr not supported : Dmpu
2024-09-09 20:18:20,622 [ERROR] ConditionMgr:805 - Attr not supported : Dmpu
2024-09-09 20:18:20,622 [ERROR] ConditionMgr:805 - Attr not supported : Dmpu
2024-09-09 20:18:20,622 [ERROR] ConditionMgr:805 - Attr not supported : Dmpu
2024-09-09 20:18:20,622 [ERROR] ConditionMgr:805 - Attr not supported : Dmpu
2024-09-09 20:18:20,622 [ERROR] ConditionMgr:805 - Attr not supported : Dmpu
2024-09-09 20:18:20,622 [ERROR] ConditionMgr:805 - Attr not supported : Dmpu
2024-09-09 20:18:20,622 [ERROR] ConditionMgr:805 - Attr not supported : Dmpu
2024-09-09 20:18:20,622 [ERROR] ConditionMgr:805 - Attr not supported : Dmpu
2024-09-09 20:18:20,623 [ERROR] ConditionMgr:805 - Attr not supported : Dmpu
2024-09-09 20:18:20,623 [ERROR] ConditionMgr:805 - Attr not supported : Dmpu
2024-09-09 20:18:20,623 [ERROR] ConditionMgr:805 - Attr not supported : Dmpu
2024-09-09 20:18:20,623 [ERROR] ConditionMgr:805 - Attr not supported : Dmpu
2024-09-09 20:18:20,623 [ERROR] ConditionMgr:805 - Attr not supported : Dmpu
2024-09-09 20:18:20,623 [ERROR] ConditionMgr:805 - Attr not supported : Dmpu
2024-09-09 20:18:20,623 [ERROR] ConditionMgr:805 - Attr not supported : Dmpu
2024-09-09 20:18:20,623 [ERROR] ConditionMgr:805 - Attr not supported : Dmpu
2024-09-09 20:18:20,624 [ERROR] ConditionMgr:805 - Attr not supported : Dmpu
2024-09-09 20:18:20,624 [ERROR] ConditionMgr:805 - Attr not supported : Dmpu
2024-09-09 20:18:20,624 [ERROR] ConditionMgr:805 - Attr not supported : Dmpu
2024-09-09 20:18:20,624 [ERROR] ConditionMgr:805 - Attr not supported : Dmpu
2024-09-09 20:18:20,624 [ERROR] ConditionMgr:805 - Attr not supported : Dmpu
2024-09-09 20:18:20,624 [ERROR] ConditionMgr:805 - Attr not supported : Dmpu
2024-09-09 20:18:20,624 [ERROR] ConditionMgr:805 - Attr not supported : Dmpu
2024-09-09 20:18:20,624 [ERROR] ConditionMgr:805 - Attr not supported : Dmpu
2024-09-09 20:18:20,625 [ERROR] ConditionMgr:805 - Attr not supported : Dmpu
2024-09-09 20:18:20,625 [ERROR] ConditionMgr:805 - Attr not supported : Dmpu
2024-09-09 20:18:20,625 [ERROR] ConditionMgr:805 - Attr not supported : Dmpu
2024-09-09 20:18:20,625 [ERROR] ConditionMgr:805 - Attr not supported : Dmpu
2024-09-09 20:18:20,625 [ERROR] ConditionMgr:805 - Attr not supported : Dmpu
2024-09-09 20:18:20,625 [ERROR] ConditionMgr:805 - Attr not supported : Dmpu
2024-09-09 20:18:20,625 [ERROR] ConditionMgr:805 - Attr not supported : Dmpu
2024-09-09 20:18:20,625 [ERROR] ConditionMgr:805 - Attr not supported : Dmpu
2024-09-09 20:18:20,625 [ERROR] ConditionMgr:805 - Attr not supported : Dmpu
2024-09-09 20:18:20,626 [ERROR] ConditionMgr:805 - Attr not supported : Dmpu
2024-09-09 20:18:20,626 [ERROR] ConditionMgr:805 - Attr not supported : Dmpu
2024-09-09 20:18:20,626 [ERROR] ConditionMgr:805 - Attr not supported : Dmpu
2024-09-09 20:18:20,626 [ERROR] ConditionMgr:805 - Attr not supported : Dmpu
2024-09-09 20:18:20,626 [ERROR] ConditionMgr:805 - Attr not supported : Dmpu
2024-09-09 20:18:20,626 [ERROR] ConditionMgr:805 - Attr not supported : Dmpu
2024-09-09 20:18:20,626 [ERROR] ConditionMgr:805 - Attr not supported : Dmpu
2024-09-09 20:18:20,626 [ERROR] ConditionMgr:805 - Attr not supported : Dmpu
2024-09-09 20:18:20,626 [ERROR] ConditionMgr:805 - Attr not supported : Dmpu
2024-09-09 20:18:20,627 [ERROR] ConditionMgr:805 - Attr not supported : Dmpu
2024-09-09 20:18:20,627 [ERROR] ConditionMgr:805 - Attr not supported : Dmpu
2024-09-09 20:18:20,632 [WARN] PackLoader:240 - Cannot read IP mode file for RealThread.X-CUBE-RT-Thread_Nano.4.1.1
2024-09-09 20:18:20,636 [WARN] PackLoader:240 - Cannot read IP mode file for STMicroelectronics.FP-ATR-SIGFOX1.3.2.0
2024-09-09 20:18:20,641 [WARN] PackLoader:240 - Cannot read IP mode file for wolfSSL.I-CUBE-wolfSSL.5.7.2
2024-09-09 20:18:20,649 [WARN] PackLoader:240 - Cannot read IP mode file for STMicroelectronics.X-CUBE-EEPRMA1.5.1.0
2024-09-09 20:18:20,658 [WARN] PackLoader:240 - Cannot read IP mode file for ITTIA_DB.I-CUBE-ITTIADB.8.9.0
2024-09-09 20:18:20,718 [WARN] PackLoader:240 - Cannot read IP mode file for SEGGER.I-CUBE-embOS.1.3.1
2024-09-09 20:18:20,802 [WARN] PackLoader:240 - Cannot read IP mode file for STMicroelectronics.X-CUBE-ALGOBUILD.1.4.0
2024-09-09 20:18:20,809 [WARN] PackLoader:240 - Cannot read IP mode file for STMicroelectronics.X-CUBE-GNSS1.6.0.0
2024-09-09 20:18:20,854 [WARN] PackLoader:240 - Cannot read IP mode file for STMicroelectronics.X-CUBE-AZRTOS-F4.1.1.0
2024-09-09 20:18:20,866 [WARN] PackLoader:240 - Cannot read IP mode file for STMicroelectronics.X-CUBE-FREERTOS.1.2.0
2024-09-09 20:18:20,894 [WARN] PackLoader:240 - Cannot read IP mode file for STMicroelectronics.X-CUBE-AZRTOS-L5.2.0.0
2024-09-09 20:18:20,909 [WARN] PackLoader:240 - Cannot read IP mode file for STMicroelectronics.X-CUBE-NFC6.3.1.0
2024-09-09 20:18:20,917 [WARN] PackLoader:240 - Cannot read IP mode file for STMicroelectronics.X-CUBE-AI.9.0.0
2024-09-09 20:18:20,923 [WARN] PackLoader:240 - Cannot read IP mode file for STMicroelectronics.X-CUBE-NFC7.1.0.1
2024-09-09 20:18:20,928 [WARN] PackLoader:240 - Cannot read IP mode file for wolfSSL.I-CUBE-wolfTPM.3.2.0
2024-09-09 20:18:20,958 [WARN] ConditionMgr:438 - getConditionDescription Invalid condition id : LAN8742 Phy interface Condition cause : null
2024-09-09 20:18:20,959 [WARN] PackLoader:240 - Cannot read IP mode file for STMicroelectronics.X-CUBE-AZRTOS-L4.2.0.0
2024-09-09 20:18:20,961 [WARN] ConditionMgr:1039 - genDependencies : Invalid condition id : LAN8742 Phy interface Condition cause : null
2024-09-09 20:18:20,962 [WARN] ConditionMgr:1039 - genDependencies : Invalid condition id : LAN8742 Phy interface Condition cause : null
2024-09-09 20:18:20,963 [WARN] ConditionMgr:1039 - genDependencies : Invalid condition id : LAN8742 Phy interface Condition cause : null
2024-09-09 20:18:20,973 [WARN] PackLoader:240 - Cannot read IP mode file for STMicroelectronics.X-CUBE-SFXS2LP1.4.0.0
2024-09-09 20:18:21,012 [WARN] PackLoader:240 - Cannot read IP mode file for STMicroelectronics.X-CUBE-AZRTOS-H7.3.3.0
2024-09-09 20:18:21,040 [WARN] ConditionMgr:438 - getConditionDescription Invalid condition id : UX DEVICE CLASS RTOS Condition cause : null
2024-09-09 20:18:21,040 [WARN] ConditionMgr:438 - getConditionDescription Invalid condition id : UX DEVICE CLASS RTOS Condition cause : null
2024-09-09 20:18:21,044 [WARN] PackLoader:240 - Cannot read IP mode file for STMicroelectronics.X-CUBE-AZRTOS-WB.2.0.0
2024-09-09 20:18:21,045 [WARN] ConditionMgr:1039 - genDependencies : Invalid condition id : UX DEVICE CLASS RTOS Condition cause : null
2024-09-09 20:18:21,046 [WARN] ConditionMgr:1039 - genDependencies : Invalid condition id : UX DEVICE CLASS RTOS Condition cause : null
2024-09-09 20:18:21,047 [WARN] ConditionMgr:1039 - genDependencies : Invalid condition id : UX DEVICE CLASS RTOS Condition cause : null
2024-09-09 20:18:21,047 [WARN] ConditionMgr:1039 - genDependencies : Invalid condition id : UX DEVICE CLASS RTOS Condition cause : null
2024-09-09 20:18:21,047 [WARN] ConditionMgr:1039 - genDependencies : Invalid condition id : UX DEVICE CLASS RTOS Condition cause : null
2024-09-09 20:18:21,063 [WARN] PackLoader:240 - Cannot read IP mode file for STMicroelectronics.X-CUBE-SUBG2.5.0.0
2024-09-09 20:18:21,075 [WARN] PackLoader:240 - Cannot read IP mode file for Cesanta.I-CUBE-Mongoose.7.13.0
2024-09-09 20:18:21,097 [WARN] PackLoader:240 - Cannot read IP mode file for STMicroelectronics.X-CUBE-AZRTOS-G4.2.0.0
2024-09-09 20:18:21,105 [WARN] PackLoader:240 - Cannot read IP mode file for STMicroelectronics.X-CUBE-ISPU.2.0.0
2024-09-09 20:18:21,109 [WARN] PackLoader:240 - Cannot read IP mode file for STMicroelectronics.X-CUBE-ALS.1.0.2
2024-09-09 20:18:21,177 [WARN] PackLoader:240 - Cannot read IP mode file for STMicroelectronics.X-CUBE-MEMS1.10.0.0
2024-09-09 20:18:21,416 [WARN] PackLoader:240 - Cannot read IP mode file for STMicroelectronics.X-CUBE-TOUCHGFX.4.24.0
2024-09-09 20:18:21,423 [WARN] PackLoader:240 - Cannot read IP mode file for portGmbH.I-Cube-SoM-uGOAL.1.1.0
2024-09-09 20:18:21,460 [WARN] PackLoader:240 - Cannot read IP mode file for STMicroelectronics.X-CUBE-AZRTOS-H7RS.1.0.0
2024-09-09 20:18:21,468 [WARN] PackLoader:240 - Cannot read IP mode file for STMicroelectronics.FP-ATR-ASTRA1.2.0.0
2024-09-09 20:18:21,490 [WARN] PackLoader:240 - Cannot read IP mode file for STMicroelectronics.X-CUBE-TOF1.3.4.2
2024-09-09 20:18:21,546 [WARN] PackLoader:240 - Cannot read IP mode file for Infineon.AIROC-Wi-Fi-Bluetooth-STM32.1.6.1
2024-09-09 20:18:21,556 [WARN] PackLoader:240 - Cannot read IP mode file for wolfSSL.I-CUBE-wolfSSH.1.4.17
2024-09-09 20:18:21,556 [INFO] ThirdParty:978 - Integrity check success = true
2024-09-09 20:18:21,556 [INFO] IntegrityCheckThread:100 - exiting critical section [integrity check]
2024-09-09 20:18:21,557 [INFO] IntegrityCheckThread:103 - End integrity checks thread
2024-09-09 20:18:46,192 [ERROR] LogOutputStream:75 - [STDERR_REDIRECT] Sep 09, 2024 8:18:46 PM java.util.prefs.FileSystemPreferences checkLockFile0ErrorCode
2024-09-09 20:18:46,193 [ERROR] LogOutputStream:75 - [STDERR_REDIRECT] WARNING: Could not lock System prefs. Unix error code 2.
2024-09-09 20:18:46,193 [ERROR] LogOutputStream:75 - [STDERR_REDIRECT] 
2024-09-09 20:18:46,194 [ERROR] LogOutputStream:75 - [STDERR_REDIRECT] Sep 09, 2024 8:18:46 PM java.util.prefs.FileSystemPreferences syncWorld
2024-09-09 20:18:46,194 [ERROR] LogOutputStream:75 - [STDERR_REDIRECT] WARNING: Couldn't flush system prefs: java.util.prefs.BackingStoreException: Couldn't get file lock.
2024-09-09 20:18:46,194 [ERROR] LogOutputStream:75 - [STDERR_REDIRECT] 
2024-09-09 20:19:16,179 [ERROR] LogOutputStream:75 - [STDERR_REDIRECT] Sep 09, 2024 8:19:16 PM java.util.prefs.FileSystemPreferences checkLockFile0ErrorCode
2024-09-09 20:19:16,180 [ERROR] LogOutputStream:75 - [STDERR_REDIRECT] WARNING: Could not lock System prefs. Unix error code 2.
2024-09-09 20:19:16,181 [ERROR] LogOutputStream:75 - [STDERR_REDIRECT] 
2024-09-09 20:19:16,183 [ERROR] LogOutputStream:75 - [STDERR_REDIRECT] Sep 09, 2024 8:19:16 PM java.util.prefs.FileSystemPreferences syncWorld
2024-09-09 20:19:16,184 [ERROR] LogOutputStream:75 - [STDERR_REDIRECT] WARNING: Couldn't flush system prefs: java.util.prefs.BackingStoreException: Couldn't get file lock.
2024-09-09 20:19:16,184 [ERROR] LogOutputStream:75 - [STDERR_REDIRECT] 
2024-09-09 20:19:46,180 [ERROR] LogOutputStream:75 - [STDERR_REDIRECT] Sep 09, 2024 8:19:46 PM java.util.prefs.FileSystemPreferences checkLockFile0ErrorCode
2024-09-09 20:19:46,180 [ERROR] LogOutputStream:75 - [STDERR_REDIRECT] WARNING: Could not lock System prefs. Unix error code 2.
2024-09-09 20:19:46,181 [ERROR] LogOutputStream:75 - [STDERR_REDIRECT] 
2024-09-09 20:19:46,182 [ERROR] LogOutputStream:75 - [STDERR_REDIRECT] Sep 09, 2024 8:19:46 PM java.util.prefs.FileSystemPreferences syncWorld
2024-09-09 20:19:46,183 [ERROR] LogOutputStream:75 - [STDERR_REDIRECT] WARNING: Couldn't flush system prefs: java.util.prefs.BackingStoreException: Couldn't get file lock.
2024-09-09 20:19:46,184 [ERROR] LogOutputStream:75 - [STDERR_REDIRECT] 
2024-09-09 20:20:16,180 [ERROR] LogOutputStream:75 - [STDERR_REDIRECT] Sep 09, 2024 8:20:16 PM java.util.prefs.FileSystemPreferences checkLockFile0ErrorCode
2024-09-09 20:20:16,181 [ERROR] LogOutputStream:75 - [STDERR_REDIRECT] WARNING: Could not lock System prefs. Unix error code 2.
2024-09-09 20:20:16,182 [ERROR] LogOutputStream:75 - [STDERR_REDIRECT] 
2024-09-09 20:20:16,184 [ERROR] LogOutputStream:75 - [STDERR_REDIRECT] Sep 09, 2024 8:20:16 PM java.util.prefs.FileSystemPreferences syncWorld
2024-09-09 20:20:16,185 [ERROR] LogOutputStream:75 - [STDERR_REDIRECT] WARNING: Couldn't flush system prefs: java.util.prefs.BackingStoreException: Couldn't get file lock.
2024-09-09 20:20:16,185 [ERROR] LogOutputStream:75 - [STDERR_REDIRECT] 
2024-09-09 20:20:46,180 [ERROR] LogOutputStream:75 - [STDERR_REDIRECT] Sep 09, 2024 8:20:46 PM java.util.prefs.FileSystemPreferences checkLockFile0ErrorCode
2024-09-09 20:20:46,181 [ERROR] LogOutputStream:75 - [STDERR_REDIRECT] WARNING: Could not lock System prefs. Unix error code 2.
2024-09-09 20:20:46,182 [ERROR] LogOutputStream:75 - [STDERR_REDIRECT] 
2024-09-09 20:20:46,183 [ERROR] LogOutputStream:75 - [STDERR_REDIRECT] Sep 09, 2024 8:20:46 PM java.util.prefs.FileSystemPreferences syncWorld
2024-09-09 20:20:46,184 [ERROR] LogOutputStream:75 - [STDERR_REDIRECT] WARNING: Couldn't flush system prefs: java.util.prefs.BackingStoreException: Couldn't get file lock.
2024-09-09 20:20:46,185 [ERROR] LogOutputStream:75 - [STDERR_REDIRECT] 
2024-09-09 20:21:16,180 [ERROR] LogOutputStream:75 - [STDERR_REDIRECT] Sep 09, 2024 8:21:16 PM java.util.prefs.FileSystemPreferences checkLockFile0ErrorCode
2024-09-09 20:21:16,181 [ERROR] LogOutputStream:75 - [STDERR_REDIRECT] WARNING: Could not lock System prefs. Unix error code 2.
2024-09-09 20:21:16,181 [ERROR] LogOutputStream:75 - [STDERR_REDIRECT] 
2024-09-09 20:21:16,183 [ERROR] LogOutputStream:75 - [STDERR_REDIRECT] Sep 09, 2024 8:21:16 PM java.util.prefs.FileSystemPreferences syncWorld
2024-09-09 20:21:16,183 [ERROR] LogOutputStream:75 - [STDERR_REDIRECT] WARNING: Couldn't flush system prefs: java.util.prefs.BackingStoreException: Couldn't get file lock.
2024-09-09 20:21:16,184 [ERROR] LogOutputStream:75 - [STDERR_REDIRECT] 
2024-09-09 20:21:46,180 [ERROR] LogOutputStream:75 - [STDERR_REDIRECT] Sep 09, 2024 8:21:46 PM java.util.prefs.FileSystemPreferences checkLockFile0ErrorCode
2024-09-09 20:21:46,181 [ERROR] LogOutputStream:75 - [STDERR_REDIRECT] WARNING: Could not lock System prefs. Unix error code 2.
2024-09-09 20:21:46,181 [ERROR] LogOutputStream:75 - [STDERR_REDIRECT] 
2024-09-09 20:21:46,183 [ERROR] LogOutputStream:75 - [STDERR_REDIRECT] Sep 09, 2024 8:21:46 PM java.util.prefs.FileSystemPreferences syncWorld
2024-09-09 20:21:46,183 [ERROR] LogOutputStream:75 - [STDERR_REDIRECT] WARNING: Couldn't flush system prefs: java.util.prefs.BackingStoreException: Couldn't get file lock.
2024-09-09 20:21:46,184 [ERROR] LogOutputStream:75 - [STDERR_REDIRECT] 
2024-09-09 20:22:16,180 [ERROR] LogOutputStream:75 - [STDERR_REDIRECT] Sep 09, 2024 8:22:16 PM java.util.prefs.FileSystemPreferences checkLockFile0ErrorCode
2024-09-09 20:22:16,181 [ERROR] LogOutputStream:75 - [STDERR_REDIRECT] WARNING: Could not lock System prefs. Unix error code 2.
2024-09-09 20:22:16,182 [ERROR] LogOutputStream:75 - [STDERR_REDIRECT] 
2024-09-09 20:22:16,183 [ERROR] LogOutputStream:75 - [STDERR_REDIRECT] Sep 09, 2024 8:22:16 PM java.util.prefs.FileSystemPreferences syncWorld
2024-09-09 20:22:16,184 [ERROR] LogOutputStream:75 - [STDERR_REDIRECT] WARNING: Couldn't flush system prefs: java.util.prefs.BackingStoreException: Couldn't get file lock.
2024-09-09 20:22:16,184 [ERROR] LogOutputStream:75 - [STDERR_REDIRECT] 
2024-09-09 20:22:46,180 [ERROR] LogOutputStream:75 - [STDERR_REDIRECT] Sep 09, 2024 8:22:46 PM java.util.prefs.FileSystemPreferences checkLockFile0ErrorCode
2024-09-09 20:22:46,181 [ERROR] LogOutputStream:75 - [STDERR_REDIRECT] WARNING: Could not lock System prefs. Unix error code 2.
2024-09-09 20:22:46,182 [ERROR] LogOutputStream:75 - [STDERR_REDIRECT] 
2024-09-09 20:22:46,183 [ERROR] LogOutputStream:75 - [STDERR_REDIRECT] Sep 09, 2024 8:22:46 PM java.util.prefs.FileSystemPreferences syncWorld
2024-09-09 20:22:46,184 [ERROR] LogOutputStream:75 - [STDERR_REDIRECT] WARNING: Couldn't flush system prefs: java.util.prefs.BackingStoreException: Couldn't get file lock.
2024-09-09 20:22:46,184 [ERROR] LogOutputStream:75 - [STDERR_REDIRECT] 
