2024-07-30 18:02:55,195 [INFO] Activator:176 - 


2024-07-30 18:02:55,199 [INFO] Activator:177 - !SESSION log4j initialized
2024-07-30 18:02:58,901 [INFO] LogOutputStream:77 - [STDOUT_REDIRECT] 
2024-07-30 18:03:03,153 [INFO] ApplicationProperties:184 - Using Application install path: /opt/st/stm32cubeide_1.16.0/plugins/com.st.stm32cube.common.mx_6.12.0.202406281431
2024-07-30 18:03:03,185 [INFO] DbMcusXml:78 - Set database path to: /opt/st/stm32cubeide_1.16.0/plugins/com.st.stm32cube.common.mx_6.12.0.202406281431//db//mcu/
2024-07-30 18:03:03,185 [INFO] ApiDb:274 - Set plugin database path to: /opt/st/stm32cubeide_1.16.0/plugins/com.st.stm32cube.common.mx_6.12.0.202406281431//db//plugins/boardmanager/
2024-07-30 18:03:03,186 [WARN] ApiDb:259 - Overriding images path with different value:  => /opt/st/stm32cubeide_1.16.0/plugins/com.st.stm32cube.common.mx_6.12.0.202406281431//db//plugins/mcufinder/images/
2024-07-30 18:03:03,191 [INFO] ApiDb:250 - Set database path to: /home/leandro/.stmcufinder/plugins/mcufinder//mcu/
2024-07-30 18:03:03,194 [INFO] DbMcusAds:125 - Set database path to: /home/leandro/.stmcufinder/plugins/mcufinder//mcu/
2024-07-30 18:03:03,198 [INFO] CrossReferenceDbSqlite:203 - Set database path to: /home/leandro/.stmcufinder/plugins/mcufinder//mcu/cs/
2024-07-30 18:03:03,463 [INFO] RulesReader:64 - Compatibility file has been processed (297 Rules)
2024-07-30 18:03:03,577 [INFO] DbMcusXml:78 - Set database path to: /opt/st/stm32cubeide_1.16.0/plugins/com.st.stm32cube.common.mx_6.12.0.202406281431//db//mcu/
2024-07-30 18:03:03,577 [INFO] ApiDb:274 - Set plugin database path to: /opt/st/stm32cubeide_1.16.0/plugins/com.st.stm32cube.common.mx_6.12.0.202406281431//db//plugins/boardmanager/
2024-07-30 18:03:03,578 [INFO] ApiDb:261 - Set plugin images path to: /opt/st/stm32cubeide_1.16.0/plugins/com.st.stm32cube.common.mx_6.12.0.202406281431//db//plugins/mcufinder/images/
2024-07-30 18:03:03,578 [WARN] DbFile:41 - Overriding database path with different value: /home/leandro/.stmcufinder/plugins/mcufinder/ => /home/leandro/.stmcufinder/plugins/mcufinder
2024-07-30 18:03:03,578 [INFO] ApiDb:250 - Set database path to: /home/leandro/.stmcufinder/plugins/mcufinder//mcu/
2024-07-30 18:03:03,579 [WARN] DbFile:41 - Overriding database path with different value: /home/leandro/.stmcufinder/plugins/mcufinder/ => /home/leandro/.stmcufinder/plugins/mcufinder
2024-07-30 18:03:03,579 [INFO] DbMcusAds:125 - Set database path to: /home/leandro/.stmcufinder/plugins/mcufinder//mcu/
2024-07-30 18:03:03,579 [WARN] DbFile:41 - Overriding database path with different value: /home/leandro/.stmcufinder/plugins/mcufinder/ => /home/leandro/.stmcufinder/plugins/mcufinder
2024-07-30 18:03:03,579 [WARN] DbFile:41 - Overriding database path with different value: /home/leandro/.stmcufinder/plugins/mcufinder/ => /home/leandro/.stmcufinder/plugins/mcufinder
2024-07-30 18:03:03,580 [INFO] CrossReferenceDbSqlite:203 - Set database path to: /home/leandro/.stmcufinder/plugins/mcufinder//mcu/cs/
2024-07-30 18:03:03,692 [INFO] MainPanel:268 - HeapMemory: 268435456
2024-07-30 18:03:03,857 [INFO] DbMcusXml:78 - Set database path to: /opt/st/stm32cubeide_1.16.0/plugins/com.st.stm32cube.common.mx_6.12.0.202406281431//db//mcu/
2024-07-30 18:03:03,858 [INFO] ApiDb:274 - Set plugin database path to: /opt/st/stm32cubeide_1.16.0/plugins/com.st.stm32cube.common.mx_6.12.0.202406281431//db//plugins/boardmanager/
2024-07-30 18:03:03,858 [INFO] ApiDb:261 - Set plugin images path to: /opt/st/stm32cubeide_1.16.0/plugins/com.st.stm32cube.common.mx_6.12.0.202406281431//db//plugins/mcufinder/images/
2024-07-30 18:03:03,858 [WARN] DbFile:41 - Overriding database path with different value: /home/leandro/.stmcufinder/plugins/mcufinder/ => /home/leandro/.stmcufinder/plugins/mcufinder
2024-07-30 18:03:03,859 [INFO] ApiDb:250 - Set database path to: /home/leandro/.stmcufinder/plugins/mcufinder//mcu/
2024-07-30 18:03:03,859 [WARN] DbFile:41 - Overriding database path with different value: /home/leandro/.stmcufinder/plugins/mcufinder/ => /home/leandro/.stmcufinder/plugins/mcufinder
2024-07-30 18:03:03,859 [INFO] DbMcusAds:125 - Set database path to: /home/leandro/.stmcufinder/plugins/mcufinder//mcu/
2024-07-30 18:03:03,859 [WARN] DbFile:41 - Overriding database path with different value: /home/leandro/.stmcufinder/plugins/mcufinder/ => /home/leandro/.stmcufinder/plugins/mcufinder
2024-07-30 18:03:03,859 [WARN] DbFile:41 - Overriding database path with different value: /home/leandro/.stmcufinder/plugins/mcufinder/ => /home/leandro/.stmcufinder/plugins/mcufinder
2024-07-30 18:03:03,860 [INFO] CrossReferenceDbSqlite:203 - Set database path to: /home/leandro/.stmcufinder/plugins/mcufinder//mcu/cs/
2024-07-30 18:03:03,882 [INFO] ApplicationProperties:184 - Using Application install path: /opt/st/stm32cubeide_1.16.0/plugins/com.st.stm32cube.common.mx_6.12.0.202406281431
2024-07-30 18:03:03,885 [INFO] PluginManage:196 - Search for loadable plugins [exclusion list=, ]
2024-07-30 18:03:03,886 [INFO] PluginManage:310 - Check plugin analytics
2024-07-30 18:03:04,143 [INFO] AnalyticsPlugin:253 - Accepted Software Licenses: 
2024-07-30 18:03:04,143 [INFO] AnalyticsPlugin:255 - Accepted CMSIS Pack Licenses: 
2024-07-30 18:03:04,144 [INFO] AnalyticsPlugin:257 - Accepted Firmware Licenses: 
2024-07-30 18:03:04,148 [INFO] PluginManage:359 - Loaded plugin analytics (category:tool,tabindex:-1)
2024-07-30 18:03:04,149 [INFO] PluginManage:310 - Check plugin cadmodel
2024-07-30 18:03:04,155 [INFO] CADModel:105 - Init CAD model plugin
2024-07-30 18:03:04,155 [INFO] PluginManage:359 - Loaded plugin cadmodel (category:power,tabindex:5)
2024-07-30 18:03:04,156 [INFO] PluginManage:310 - Check plugin clock
2024-07-30 18:03:04,168 [INFO] PluginManage:359 - Loaded plugin clock (category:base,tabindex:2)
2024-07-30 18:03:04,168 [INFO] PluginManage:310 - Check plugin ddr
2024-07-30 18:03:04,171 [INFO] PluginManage:359 - Loaded plugin ddr (category:tool,tabindex:6)
2024-07-30 18:03:04,172 [INFO] PluginManage:310 - Check plugin filemanager
2024-07-30 18:03:04,396 [INFO] PluginManage:359 - Loaded plugin filemanager (category:base,tabindex:10)
2024-07-30 18:03:04,397 [INFO] PluginManage:310 - Check plugin ipmanager
2024-07-30 18:03:04,411 [INFO] PluginManage:359 - Loaded plugin ipmanager (category:base,tabindex:5)
2024-07-30 18:03:04,411 [INFO] PluginManage:310 - Check plugin lpbam
2024-07-30 18:03:04,428 [INFO] PluginManage:359 - Loaded plugin lpbam (category:base,tabindex:0)
2024-07-30 18:03:04,429 [INFO] PluginManage:310 - Check plugin memorymap
2024-07-30 18:03:04,446 [INFO] PluginManage:359 - Loaded plugin memorymap (category:base,tabindex:4)
2024-07-30 18:03:04,446 [INFO] PluginManage:310 - Check plugin pinoutandconfiguration
2024-07-30 18:03:04,459 [INFO] PluginManage:359 - Loaded plugin pinoutandconfiguration (category:base,tabindex:1)
2024-07-30 18:03:04,459 [INFO] PluginManage:310 - Check plugin pinoutconfig
2024-07-30 18:03:04,586 [WARN] SupportedApi:132 - Cannot load RTOS API schema: s4s-elt-must-match.1: The content of 'definitions' must match (annotation?, (simpleType | complexType)?, (unique | key | keyref)*)). A problem was found starting at: attribute.
2024-07-30 18:03:04,780 [INFO] PluginManage:359 - Loaded plugin pinoutconfig (category:base,tabindex:0)
2024-07-30 18:03:04,781 [INFO] PluginManage:310 - Check plugin power
2024-07-30 18:03:04,791 [INFO] PluginManage:359 - Loaded plugin power (category:power,tabindex:4)
2024-07-30 18:03:04,792 [INFO] PluginManage:310 - Check plugin projectmanager
2024-07-30 18:03:04,818 [INFO] PluginManage:359 - Loaded plugin projectmanager (category:projectmanager,tabindex:4)
2024-07-30 18:03:04,818 [INFO] PluginManage:310 - Check plugin rif
2024-07-30 18:03:04,825 [INFO] PluginManage:359 - Loaded plugin rif (category:base,tabindex:3)
2024-07-30 18:03:04,826 [INFO] PluginManage:310 - Check plugin thirdparty
2024-07-30 18:03:05,164 [INFO] PluginManage:359 - Loaded plugin thirdparty (category:base,tabindex:-1)
2024-07-30 18:03:05,165 [INFO] PluginManage:310 - Check plugin tools
2024-07-30 18:03:05,167 [WARN] IntegrityCheckThread:84 - waiting for thirdparty lock release [integrity check]
2024-07-30 18:03:05,168 [INFO] IntegrityCheckThread:86 - entering critical section [integrity check]
2024-07-30 18:03:05,169 [INFO] ThirdPartyUpdaterWithRetryManager:70 - Updater plugin not ready yet. [1/15]
2024-07-30 18:03:05,172 [INFO] PluginManage:359 - Loaded plugin tools (category:base,tabindex:7)
2024-07-30 18:03:05,172 [INFO] PluginManage:310 - Check plugin tutovideos
2024-07-30 18:03:05,434 [INFO] PluginManage:359 - Loaded plugin tutovideos (category:base,tabindex:-1)
2024-07-30 18:03:05,434 [INFO] PluginManage:310 - Check plugin updater
2024-07-30 18:03:05,460 [INFO] PluginManage:359 - Loaded plugin updater (category:base,tabindex:12)
2024-07-30 18:03:05,460 [INFO] PluginManage:310 - Check plugin userauth
2024-07-30 18:03:05,468 [INFO] UserAuth:113 - Init User Auth plugin
2024-07-30 18:03:05,468 [INFO] PluginManage:359 - Loaded plugin userauth (category:base,tabindex:14)
2024-07-30 18:03:05,469 [INFO] PluginManage:283 - PluginManage : Loaded plugins [18]
2024-07-30 18:03:05,837 [INFO] PinOutPanel:1561 - setPackage(No Configuration,No Configuration)
2024-07-30 18:03:05,968 [INFO] CADModel:165 - CPN selected for project level
2024-07-30 18:03:05,969 [INFO] CADModel:114 - Register for checkConnection events
2024-07-30 18:03:05,988 [INFO] IPUIPlugin:80 - create IPUIPlugin
2024-07-30 18:03:05,988 [INFO] PluginManager:220 - loadIPPluginJar : add ddr_ctrl_phy
2024-07-30 18:03:05,990 [INFO] IPUIPlugin:80 - create IPUIPlugin
2024-07-30 18:03:05,991 [INFO] PluginManager:220 - loadIPPluginJar : add tim
2024-07-30 18:03:05,995 [INFO] IPUIPlugin:80 - create IPUIPlugin
2024-07-30 18:03:05,995 [INFO] PluginManager:220 - loadIPPluginJar : add openamp
2024-07-30 18:03:06,000 [INFO] IPUIPlugin:80 - create IPUIPlugin
2024-07-30 18:03:06,000 [INFO] PluginManager:220 - loadIPPluginJar : add pdm2pcm
2024-07-30 18:03:06,006 [INFO] IPUIPlugin:80 - create IPUIPlugin
2024-07-30 18:03:06,006 [INFO] PluginManager:220 - loadIPPluginJar : add resmgrutility
2024-07-30 18:03:06,014 [INFO] IPUIPlugin:80 - create IPUIPlugin
2024-07-30 18:03:06,015 [INFO] PluginManager:220 - loadIPPluginJar : add mdma
2024-07-30 18:03:06,017 [INFO] IPUIPlugin:80 - create IPUIPlugin
2024-07-30 18:03:06,018 [INFO] PluginManager:220 - loadIPPluginJar : add tsc
2024-07-30 18:03:06,020 [INFO] IPUIPlugin:80 - create IPUIPlugin
2024-07-30 18:03:06,020 [INFO] PluginManager:220 - loadIPPluginJar : add genericplugin
2024-07-30 18:03:06,022 [INFO] IPUIPlugin:80 - create IPUIPlugin
2024-07-30 18:03:06,024 [INFO] PluginManager:220 - loadIPPluginJar : add radio
2024-07-30 18:03:06,027 [INFO] IPUIPlugin:80 - create IPUIPlugin
2024-07-30 18:03:06,027 [INFO] PluginManager:220 - loadIPPluginJar : add comp
2024-07-30 18:03:06,029 [INFO] IPUIPlugin:80 - create IPUIPlugin
2024-07-30 18:03:06,030 [INFO] PluginManager:220 - loadIPPluginJar : add quadspi
2024-07-30 18:03:06,033 [INFO] IPUIPlugin:80 - create IPUIPlugin
2024-07-30 18:03:06,034 [INFO] PluginManager:220 - loadIPPluginJar : add extmemmanager
2024-07-30 18:03:06,037 [INFO] IPUIPlugin:80 - create IPUIPlugin
2024-07-30 18:03:06,037 [INFO] PluginManager:220 - loadIPPluginJar : add hash
2024-07-30 18:03:06,041 [INFO] IPUIPlugin:80 - create IPUIPlugin
2024-07-30 18:03:06,042 [INFO] PluginManager:220 - loadIPPluginJar : add sai
2024-07-30 18:03:06,046 [INFO] IPUIPlugin:80 - create IPUIPlugin
2024-07-30 18:03:06,047 [INFO] PluginManager:220 - loadIPPluginJar : add touchsensing
2024-07-30 18:03:06,049 [INFO] IPUIPlugin:80 - create IPUIPlugin
2024-07-30 18:03:06,050 [INFO] PluginManager:220 - loadIPPluginJar : add gfxmmu
2024-07-30 18:03:06,054 [INFO] IPUIPlugin:80 - create IPUIPlugin
2024-07-30 18:03:06,054 [INFO] PluginManager:220 - loadIPPluginJar : add i2c
2024-07-30 18:03:06,062 [INFO] IPUIPlugin:80 - create IPUIPlugin
2024-07-30 18:03:06,062 [INFO] PluginManager:220 - loadIPPluginJar : add adc
2024-07-30 18:03:06,067 [INFO] IPUIPlugin:80 - create IPUIPlugin
2024-07-30 18:03:06,067 [INFO] PluginManager:220 - loadIPPluginJar : add gpio
2024-07-30 18:03:06,074 [INFO] IPUIPlugin:80 - create IPUIPlugin
2024-07-30 18:03:06,074 [INFO] PluginManager:220 - loadIPPluginJar : add fmc
2024-07-30 18:03:06,078 [INFO] IPUIPlugin:80 - create IPUIPlugin
2024-07-30 18:03:06,078 [INFO] PluginManager:220 - loadIPPluginJar : add can
2024-07-30 18:03:06,082 [INFO] IPUIPlugin:80 - create IPUIPlugin
2024-07-30 18:03:06,082 [INFO] PluginManager:220 - loadIPPluginJar : add gtzc
2024-07-30 18:03:06,085 [INFO] IPUIPlugin:80 - create IPUIPlugin
2024-07-30 18:03:06,086 [INFO] PluginManager:220 - loadIPPluginJar : add aes
2024-07-30 18:03:06,090 [INFO] IPUIPlugin:80 - create IPUIPlugin
2024-07-30 18:03:06,090 [INFO] PluginManager:220 - loadIPPluginJar : add usart
2024-07-30 18:03:06,092 [INFO] IPUIPlugin:80 - create IPUIPlugin
2024-07-30 18:03:06,093 [INFO] PluginManager:220 - loadIPPluginJar : add ts
2024-07-30 18:03:06,095 [INFO] IPUIPlugin:80 - create IPUIPlugin
2024-07-30 18:03:06,095 [INFO] PluginManager:220 - loadIPPluginJar : add ltdc
2024-07-30 18:03:06,097 [INFO] IPUIPlugin:80 - create IPUIPlugin
2024-07-30 18:03:06,098 [INFO] PluginManager:220 - loadIPPluginJar : add tracer_emb
2024-07-30 18:03:06,101 [INFO] IPUIPlugin:80 - create IPUIPlugin
2024-07-30 18:03:06,102 [INFO] PluginManager:220 - loadIPPluginJar : add i3c
2024-07-30 18:03:06,106 [INFO] IPUIPlugin:80 - create IPUIPlugin
2024-07-30 18:03:06,106 [INFO] PluginManager:220 - loadIPPluginJar : add lorawan
2024-07-30 18:03:06,113 [INFO] IPUIPlugin:80 - create IPUIPlugin
2024-07-30 18:03:06,114 [INFO] PluginManager:220 - loadIPPluginJar : add stm32_wpan
2024-07-30 18:03:06,122 [INFO] IPUIPlugin:80 - create IPUIPlugin
2024-07-30 18:03:06,127 [INFO] PluginManager:220 - loadIPPluginJar : add plateformsettings
2024-07-30 18:03:06,138 [INFO] IPUIPlugin:80 - create IPUIPlugin
2024-07-30 18:03:06,138 [INFO] PluginManager:220 - loadIPPluginJar : add linkedlist
2024-07-30 18:03:06,145 [INFO] IPUIPlugin:80 - create IPUIPlugin
2024-07-30 18:03:06,146 [INFO] PluginManager:220 - loadIPPluginJar : add gic
2024-07-30 18:03:06,149 [INFO] IPUIPlugin:80 - create IPUIPlugin
2024-07-30 18:03:06,150 [INFO] PluginManager:220 - loadIPPluginJar : add ipddr
2024-07-30 18:03:06,152 [INFO] IPUIPlugin:80 - create IPUIPlugin
2024-07-30 18:03:06,153 [INFO] PluginManager:220 - loadIPPluginJar : add dfsdm
2024-07-30 18:03:06,155 [INFO] IPUIPlugin:80 - create IPUIPlugin
2024-07-30 18:03:06,155 [INFO] PluginManager:220 - loadIPPluginJar : add ucpd
2024-07-30 18:03:06,160 [INFO] IPUIPlugin:80 - create IPUIPlugin
2024-07-30 18:03:06,160 [INFO] PluginManager:220 - loadIPPluginJar : add opamp
2024-07-30 18:03:06,164 [INFO] IPUIPlugin:80 - create IPUIPlugin
2024-07-30 18:03:06,165 [INFO] PluginManager:220 - loadIPPluginJar : add i2s
2024-07-30 18:03:06,173 [INFO] IPUIPlugin:80 - create IPUIPlugin
2024-07-30 18:03:06,173 [INFO] PluginManager:220 - loadIPPluginJar : add freertos
2024-07-30 18:03:06,179 [INFO] IPUIPlugin:80 - create IPUIPlugin
2024-07-30 18:03:06,180 [INFO] PluginManager:220 - loadIPPluginJar : add nvic
2024-07-30 18:03:06,185 [INFO] IPUIPlugin:80 - create IPUIPlugin
2024-07-30 18:03:06,185 [INFO] PluginManager:220 - loadIPPluginJar : add usbx
2024-07-30 18:03:06,188 [INFO] IPUIPlugin:80 - create IPUIPlugin
2024-07-30 18:03:06,189 [INFO] PluginManager:220 - loadIPPluginJar : add dma3
2024-07-30 18:03:06,191 [INFO] IPUIPlugin:80 - create IPUIPlugin
2024-07-30 18:03:06,191 [INFO] PluginManager:220 - loadIPPluginJar : add spi
2024-07-30 18:03:06,194 [INFO] IPUIPlugin:80 - create IPUIPlugin
2024-07-30 18:03:06,194 [INFO] PluginManager:220 - loadIPPluginJar : add cryp
2024-07-30 18:03:06,205 [INFO] IPUIPlugin:80 - create IPUIPlugin
2024-07-30 18:03:06,205 [INFO] PluginManager:220 - loadIPPluginJar : add dma
2024-07-30 18:03:06,208 [INFO] IPUIPlugin:80 - create IPUIPlugin
2024-07-30 18:03:06,208 [INFO] PluginManager:220 - loadIPPluginJar : add fatfs
2024-07-30 18:03:06,337 [INFO] CADModel:165 - CPN selected for project level
2024-07-30 18:03:06,337 [INFO] CADModel:114 - Register for checkConnection events
2024-07-30 18:03:06,338 [FATAL] Updater:334 - Updater called before beeing initialized
2024-07-30 18:03:06,338 [ERROR] CADModel:125 - Updater not yet initialized, retry later 
2024-07-30 18:03:06,491 [INFO] CADModel:165 - CPN selected for project level
2024-07-30 18:03:06,492 [INFO] CADModel:114 - Register for checkConnection events
2024-07-30 18:03:06,492 [FATAL] Updater:334 - Updater called before beeing initialized
2024-07-30 18:03:06,492 [ERROR] CADModel:125 - Updater not yet initialized, retry later 
2024-07-30 18:03:06,497 [FATAL] Updater:334 - Updater called before beeing initialized
2024-07-30 18:03:06,622 [FATAL] Updater:334 - Updater called before beeing initialized
2024-07-30 18:03:06,629 [INFO] DbMcusAds:53 - JSON generation date=Thu Sep 30 03:55:09 BRT 2021 (1632984909247)
2024-07-30 18:03:06,629 [FATAL] Updater:334 - Updater called before beeing initialized
2024-07-30 18:03:06,689 [WARN] DetailPanel:346 - Failed to get advertising image, set to default
2024-07-30 18:03:06,804 [FATAL] Updater:334 - Updater called before beeing initialized
2024-07-30 18:03:06,806 [FATAL] Updater:334 - Updater called before beeing initialized
2024-07-30 18:03:06,806 [FATAL] Updater:334 - Updater called before beeing initialized
2024-07-30 18:03:06,806 [WARN] DetailPanel:346 - Failed to get advertising image, set to default
2024-07-30 18:03:06,808 [FATAL] Updater:334 - Updater called before beeing initialized
2024-07-30 18:03:06,858 [ERROR] Updater:1164 - MainUpdater not yet initialized. External WinMGr cannot be set.
2024-07-30 18:03:06,863 [INFO] Updater:1100 - Updater Version found : 6.12.0
2024-07-30 18:03:06,887 [INFO] ApplicationProperties:184 - Using Application install path: /opt/st/stm32cubeide_1.16.0/plugins/com.st.stm32cube.common.mx_6.12.0.202406281431
2024-07-30 18:03:06,909 [ERROR] LogOutputStream:75 - [STDERR_REDIRECT] Jul 30, 2024 6:03:06 PM java.util.prefs.FileSystemPreferences$2 run
2024-07-30 18:03:06,910 [ERROR] LogOutputStream:75 - [STDERR_REDIRECT] WARNING: Could not create system preferences directory. System preferences are unusable.
2024-07-30 18:03:06,910 [ERROR] LogOutputStream:75 - [STDERR_REDIRECT] 
2024-07-30 18:03:07,237 [INFO] MainUpdater:2873 - connection check result : 10
2024-07-30 18:03:07,238 [INFO] MainUpdater:290 - Updater Check For Update Now.
2024-07-30 18:03:07,238 [INFO] MicroXplorer:498 - Change Database Version : DB.6.0.120
2024-07-30 18:03:07,247 [INFO] McuFinderGlobals:63 - Set McuFinder mode to 2 (CubeIDE integrated)
2024-07-30 18:03:07,247 [INFO] UserAuth:179 - activating auth plugin
2024-07-30 18:03:07,256 [INFO] UserAuth:417 - Internet connection configuration mode: 1
2024-07-30 18:03:07,272 [INFO] JxBrowserEngine:152 - Initiate JxBrowser Engine with user profile folder
2024-07-30 18:03:07,497 [INFO] CheckServerUpdateThread:120 - End of CheckServer Thread
2024-07-30 18:03:08,567 [WARN] PackLoader:240 - Cannot read IP mode file for STMicroelectronics.FP-SNS-MOTENVWB1.1.4.0
2024-07-30 18:03:08,620 [WARN] PackLoader:240 - Cannot read IP mode file for STMicroelectronics.X-CUBE-SMBUS.2.1.0
2024-07-30 18:03:08,629 [WARN] PackLoader:240 - Cannot read IP mode file for STMicroelectronics.FP-SNS-FLIGHT1.5.0.2
2024-07-30 18:03:08,652 [WARN] PackLoader:240 - Cannot read IP mode file for STMicroelectronics.X-CUBE-DISPLAY.3.0.0
2024-07-30 18:03:08,704 [WARN] PackLoader:240 - Cannot read IP mode file for STMicroelectronics.X-CUBE-BLE1.7.0.0
2024-07-30 18:03:08,757 [WARN] PackLoader:240 - Cannot read IP mode file for STMicroelectronics.X-CUBE-BLEMGR.3.1.0
2024-07-30 18:03:08,800 [WARN] PackLoader:240 - Cannot read IP mode file for STMicroelectronics.FP-SNS-SMARTAG2.1.2.0
2024-07-30 18:03:08,816 [WARN] PackLoader:240 - Cannot read IP mode file for STMicroelectronics.FP-SNS-MOTENV1.5.0.0
2024-07-30 18:03:08,884 [WARN] PackLoader:240 - Cannot read IP mode file for STMicroelectronics.X-CUBE-BLE2.3.3.0
2024-07-30 18:03:08,960 [WARN] PackLoader:240 - Cannot read IP mode file for STMicroelectronics.X-CUBE-SAFEA1.1.2.2
2024-07-30 18:03:09,002 [WARN] PackLoader:240 - Cannot read IP mode file for STMicroelectronics.X-CUBE-NFC4.3.0.0
2024-07-30 18:03:09,018 [WARN] PackLoader:240 - Cannot read IP mode file for STMicroelectronics.FP-ATR-SIGFOX1.3.2.0
2024-07-30 18:03:09,039 [WARN] PackLoader:240 - Cannot read IP mode file for STMicroelectronics.X-CUBE-EEPRMA1.5.1.0
2024-07-30 18:03:09,066 [WARN] PackLoader:240 - Cannot read IP mode file for STMicroelectronics.X-CUBE-GNSS1.6.0.0
2024-07-30 18:03:09,129 [WARN] PackLoader:240 - Cannot read IP mode file for STMicroelectronics.X-CUBE-FREERTOS.1.2.0
2024-07-30 18:03:09,153 [WARN] PackLoader:240 - Cannot read IP mode file for STMicroelectronics.X-CUBE-NFC6.3.1.0
2024-07-30 18:03:09,171 [WARN] PackLoader:240 - Cannot read IP mode file for STMicroelectronics.X-CUBE-AI.9.0.0
2024-07-30 18:03:09,179 [WARN] PackLoader:240 - Cannot read IP mode file for STMicroelectronics.X-CUBE-NFC7.1.0.1
2024-07-30 18:03:09,194 [WARN] PackLoader:240 - Cannot read IP mode file for STMicroelectronics.X-CUBE-SFXS2LP1.4.0.0
2024-07-30 18:03:09,216 [INFO] WebApp:167 - Instantiating new browser for Auth
2024-07-30 18:03:09,218 [WARN] PackLoader:240 - Cannot read IP mode file for STMicroelectronics.X-CUBE-SUBG2.5.0.0
2024-07-30 18:03:09,237 [WARN] PackLoader:240 - Cannot read IP mode file for STMicroelectronics.X-CUBE-ISPU.2.0.0
2024-07-30 18:03:09,257 [WARN] PackLoader:240 - Cannot read IP mode file for STMicroelectronics.X-CUBE-ALS.1.0.2
2024-07-30 18:03:09,407 [WARN] PackLoader:240 - Cannot read IP mode file for STMicroelectronics.X-CUBE-MEMS1.10.0.0
2024-07-30 18:03:09,933 [WARN] PackLoader:240 - Cannot read IP mode file for STMicroelectronics.FP-ATR-ASTRA1.2.0.0
2024-07-30 18:03:09,936 [INFO] ThirdParty:978 - Integrity check success = true
2024-07-30 18:03:09,936 [INFO] IntegrityCheckThread:100 - exiting critical section [integrity check]
2024-07-30 18:03:09,937 [INFO] IntegrityCheckThread:103 - End integrity checks thread
2024-07-30 18:03:10,843 [INFO] WebApp:448 - Apply proxy settings
2024-07-30 18:03:10,843 [INFO] WebApp:533 - Chromium requires no authentication
2024-07-30 18:03:10,856 [INFO] WebApp:476 - Direct internet connection detected
2024-07-30 18:03:10,888 [INFO] WebApp:869 - Register for checkConnection events
2024-07-30 18:03:10,889 [INFO] WebApp:448 - Apply proxy settings
2024-07-30 18:03:10,889 [INFO] WebApp:533 - Chromium requires no authentication
2024-07-30 18:03:10,890 [INFO] WebApp:476 - Direct internet connection detected
2024-07-30 18:03:11,101 [INFO] WebApp:220 - Starting web application
2024-07-30 18:03:11,102 [INFO] WebApp:578 - Web application path used /opt/st/stm32cubeide_1.16.0/plugins/com.st.stm32cube.common.mx_6.12.0.202406281431/db/plugins/mcufinder/reactClient1/index.html
2024-07-30 18:03:12,923 [INFO] WebApp:186 - Connection restablished
2024-07-30 18:03:27,205 [ERROR] LogOutputStream:75 - [STDERR_REDIRECT] Jul 30, 2024 6:03:27 PM java.util.prefs.FileSystemPreferences checkLockFile0ErrorCode
2024-07-30 18:03:27,208 [ERROR] LogOutputStream:75 - [STDERR_REDIRECT] WARNING: Could not lock System prefs. Unix error code 2.
2024-07-30 18:03:27,209 [ERROR] LogOutputStream:75 - [STDERR_REDIRECT] 
2024-07-30 18:03:27,210 [ERROR] LogOutputStream:75 - [STDERR_REDIRECT] Jul 30, 2024 6:03:27 PM java.util.prefs.FileSystemPreferences syncWorld
2024-07-30 18:03:27,211 [ERROR] LogOutputStream:75 - [STDERR_REDIRECT] WARNING: Couldn't flush system prefs: java.util.prefs.BackingStoreException: Couldn't get file lock.
2024-07-30 18:03:27,212 [ERROR] LogOutputStream:75 - [STDERR_REDIRECT] 
2024-07-30 18:03:57,195 [ERROR] LogOutputStream:75 - [STDERR_REDIRECT] Jul 30, 2024 6:03:57 PM java.util.prefs.FileSystemPreferences checkLockFile0ErrorCode
2024-07-30 18:03:57,196 [ERROR] LogOutputStream:75 - [STDERR_REDIRECT] WARNING: Could not lock System prefs. Unix error code 2.
2024-07-30 18:03:57,196 [ERROR] LogOutputStream:75 - [STDERR_REDIRECT] 
2024-07-30 18:03:57,197 [ERROR] LogOutputStream:75 - [STDERR_REDIRECT] Jul 30, 2024 6:03:57 PM java.util.prefs.FileSystemPreferences syncWorld
2024-07-30 18:03:57,198 [ERROR] LogOutputStream:75 - [STDERR_REDIRECT] WARNING: Couldn't flush system prefs: java.util.prefs.BackingStoreException: Couldn't get file lock.
2024-07-30 18:03:57,198 [ERROR] LogOutputStream:75 - [STDERR_REDIRECT] 
2024-07-30 18:04:27,194 [ERROR] LogOutputStream:75 - [STDERR_REDIRECT] Jul 30, 2024 6:04:27 PM java.util.prefs.FileSystemPreferences checkLockFile0ErrorCode
2024-07-30 18:04:27,194 [ERROR] LogOutputStream:75 - [STDERR_REDIRECT] WARNING: Could not lock System prefs. Unix error code 2.
2024-07-30 18:04:27,194 [ERROR] LogOutputStream:75 - [STDERR_REDIRECT] 
2024-07-30 18:04:27,197 [ERROR] LogOutputStream:75 - [STDERR_REDIRECT] Jul 30, 2024 6:04:27 PM java.util.prefs.FileSystemPreferences syncWorld
2024-07-30 18:04:27,198 [ERROR] LogOutputStream:75 - [STDERR_REDIRECT] WARNING: Couldn't flush system prefs: java.util.prefs.BackingStoreException: Couldn't get file lock.
2024-07-30 18:04:27,198 [ERROR] LogOutputStream:75 - [STDERR_REDIRECT] 
2024-07-30 18:04:57,194 [ERROR] LogOutputStream:75 - [STDERR_REDIRECT] Jul 30, 2024 6:04:57 PM java.util.prefs.FileSystemPreferences checkLockFile0ErrorCode
2024-07-30 18:04:57,196 [ERROR] LogOutputStream:75 - [STDERR_REDIRECT] WARNING: Could not lock System prefs. Unix error code 2.
2024-07-30 18:04:57,196 [ERROR] LogOutputStream:75 - [STDERR_REDIRECT] 
2024-07-30 18:04:57,197 [ERROR] LogOutputStream:75 - [STDERR_REDIRECT] Jul 30, 2024 6:04:57 PM java.util.prefs.FileSystemPreferences syncWorld
2024-07-30 18:04:57,198 [ERROR] LogOutputStream:75 - [STDERR_REDIRECT] WARNING: Couldn't flush system prefs: java.util.prefs.BackingStoreException: Couldn't get file lock.
2024-07-30 18:04:57,198 [ERROR] LogOutputStream:75 - [STDERR_REDIRECT] 
2024-07-30 18:05:21,876 [ERROR] LogOutputStream:75 - [STDERR_REDIRECT] 
2024-07-30 18:05:53,322 [INFO] Activator:176 - 


2024-07-30 18:05:53,324 [INFO] Activator:177 - !SESSION log4j initialized
2024-07-30 18:05:58,265 [INFO] LogOutputStream:77 - [STDOUT_REDIRECT] 
2024-07-30 18:06:01,417 [INFO] ApplicationProperties:184 - Using Application install path: /opt/st/stm32cubeide_1.16.0/plugins/com.st.stm32cube.common.mx_6.12.0.202406281431
2024-07-30 18:06:01,446 [INFO] DbMcusXml:78 - Set database path to: /opt/st/stm32cubeide_1.16.0/plugins/com.st.stm32cube.common.mx_6.12.0.202406281431//db//mcu/
2024-07-30 18:06:01,447 [INFO] ApiDb:274 - Set plugin database path to: /opt/st/stm32cubeide_1.16.0/plugins/com.st.stm32cube.common.mx_6.12.0.202406281431//db//plugins/boardmanager/
2024-07-30 18:06:01,448 [WARN] ApiDb:259 - Overriding images path with different value:  => /opt/st/stm32cubeide_1.16.0/plugins/com.st.stm32cube.common.mx_6.12.0.202406281431//db//plugins/mcufinder/images/
2024-07-30 18:06:01,456 [INFO] ApiDb:250 - Set database path to: /home/leandro/.stmcufinder/plugins/mcufinder//mcu/
2024-07-30 18:06:01,459 [INFO] DbMcusAds:125 - Set database path to: /home/leandro/.stmcufinder/plugins/mcufinder//mcu/
2024-07-30 18:06:01,463 [INFO] CrossReferenceDbSqlite:203 - Set database path to: /home/leandro/.stmcufinder/plugins/mcufinder//mcu/cs/
2024-07-30 18:06:01,672 [INFO] RulesReader:64 - Compatibility file has been processed (297 Rules)
2024-07-30 18:06:01,760 [INFO] DbMcusXml:78 - Set database path to: /opt/st/stm32cubeide_1.16.0/plugins/com.st.stm32cube.common.mx_6.12.0.202406281431//db//mcu/
2024-07-30 18:06:01,760 [INFO] ApiDb:274 - Set plugin database path to: /opt/st/stm32cubeide_1.16.0/plugins/com.st.stm32cube.common.mx_6.12.0.202406281431//db//plugins/boardmanager/
2024-07-30 18:06:01,761 [INFO] ApiDb:261 - Set plugin images path to: /opt/st/stm32cubeide_1.16.0/plugins/com.st.stm32cube.common.mx_6.12.0.202406281431//db//plugins/mcufinder/images/
2024-07-30 18:06:01,761 [WARN] DbFile:41 - Overriding database path with different value: /home/leandro/.stmcufinder/plugins/mcufinder/ => /home/leandro/.stmcufinder/plugins/mcufinder
2024-07-30 18:06:01,762 [INFO] ApiDb:250 - Set database path to: /home/leandro/.stmcufinder/plugins/mcufinder//mcu/
2024-07-30 18:06:01,762 [WARN] DbFile:41 - Overriding database path with different value: /home/leandro/.stmcufinder/plugins/mcufinder/ => /home/leandro/.stmcufinder/plugins/mcufinder
2024-07-30 18:06:01,762 [INFO] DbMcusAds:125 - Set database path to: /home/leandro/.stmcufinder/plugins/mcufinder//mcu/
2024-07-30 18:06:01,762 [WARN] DbFile:41 - Overriding database path with different value: /home/leandro/.stmcufinder/plugins/mcufinder/ => /home/leandro/.stmcufinder/plugins/mcufinder
2024-07-30 18:06:01,762 [WARN] DbFile:41 - Overriding database path with different value: /home/leandro/.stmcufinder/plugins/mcufinder/ => /home/leandro/.stmcufinder/plugins/mcufinder
2024-07-30 18:06:01,762 [INFO] CrossReferenceDbSqlite:203 - Set database path to: /home/leandro/.stmcufinder/plugins/mcufinder//mcu/cs/
2024-07-30 18:06:01,867 [INFO] MainPanel:268 - HeapMemory: 268435456
2024-07-30 18:06:01,996 [INFO] DbMcusXml:78 - Set database path to: /opt/st/stm32cubeide_1.16.0/plugins/com.st.stm32cube.common.mx_6.12.0.202406281431//db//mcu/
2024-07-30 18:06:01,996 [INFO] ApiDb:274 - Set plugin database path to: /opt/st/stm32cubeide_1.16.0/plugins/com.st.stm32cube.common.mx_6.12.0.202406281431//db//plugins/boardmanager/
2024-07-30 18:06:01,997 [INFO] ApiDb:261 - Set plugin images path to: /opt/st/stm32cubeide_1.16.0/plugins/com.st.stm32cube.common.mx_6.12.0.202406281431//db//plugins/mcufinder/images/
2024-07-30 18:06:01,997 [WARN] DbFile:41 - Overriding database path with different value: /home/leandro/.stmcufinder/plugins/mcufinder/ => /home/leandro/.stmcufinder/plugins/mcufinder
2024-07-30 18:06:01,997 [INFO] ApiDb:250 - Set database path to: /home/leandro/.stmcufinder/plugins/mcufinder//mcu/
2024-07-30 18:06:01,997 [WARN] DbFile:41 - Overriding database path with different value: /home/leandro/.stmcufinder/plugins/mcufinder/ => /home/leandro/.stmcufinder/plugins/mcufinder
2024-07-30 18:06:01,997 [INFO] DbMcusAds:125 - Set database path to: /home/leandro/.stmcufinder/plugins/mcufinder//mcu/
2024-07-30 18:06:01,998 [WARN] DbFile:41 - Overriding database path with different value: /home/leandro/.stmcufinder/plugins/mcufinder/ => /home/leandro/.stmcufinder/plugins/mcufinder
2024-07-30 18:06:01,998 [WARN] DbFile:41 - Overriding database path with different value: /home/leandro/.stmcufinder/plugins/mcufinder/ => /home/leandro/.stmcufinder/plugins/mcufinder
2024-07-30 18:06:01,998 [INFO] CrossReferenceDbSqlite:203 - Set database path to: /home/leandro/.stmcufinder/plugins/mcufinder//mcu/cs/
2024-07-30 18:06:02,016 [INFO] ApplicationProperties:184 - Using Application install path: /opt/st/stm32cubeide_1.16.0/plugins/com.st.stm32cube.common.mx_6.12.0.202406281431
2024-07-30 18:06:02,018 [INFO] PluginManage:196 - Search for loadable plugins [exclusion list=, ]
2024-07-30 18:06:02,019 [INFO] PluginManage:310 - Check plugin analytics
2024-07-30 18:06:02,250 [INFO] AnalyticsPlugin:253 - Accepted Software Licenses: 
2024-07-30 18:06:02,250 [INFO] AnalyticsPlugin:255 - Accepted CMSIS Pack Licenses: 
2024-07-30 18:06:02,250 [INFO] AnalyticsPlugin:257 - Accepted Firmware Licenses: 
2024-07-30 18:06:02,253 [INFO] PluginManage:359 - Loaded plugin analytics (category:tool,tabindex:-1)
2024-07-30 18:06:02,254 [INFO] PluginManage:310 - Check plugin cadmodel
2024-07-30 18:06:02,258 [INFO] CADModel:105 - Init CAD model plugin
2024-07-30 18:06:02,259 [INFO] PluginManage:359 - Loaded plugin cadmodel (category:power,tabindex:5)
2024-07-30 18:06:02,260 [INFO] PluginManage:310 - Check plugin clock
2024-07-30 18:06:02,270 [INFO] PluginManage:359 - Loaded plugin clock (category:base,tabindex:2)
2024-07-30 18:06:02,270 [INFO] PluginManage:310 - Check plugin ddr
2024-07-30 18:06:02,272 [INFO] PluginManage:359 - Loaded plugin ddr (category:tool,tabindex:6)
2024-07-30 18:06:02,272 [INFO] PluginManage:310 - Check plugin filemanager
2024-07-30 18:06:02,462 [INFO] PluginManage:359 - Loaded plugin filemanager (category:base,tabindex:10)
2024-07-30 18:06:02,463 [INFO] PluginManage:310 - Check plugin ipmanager
2024-07-30 18:06:02,472 [INFO] PluginManage:359 - Loaded plugin ipmanager (category:base,tabindex:5)
2024-07-30 18:06:02,472 [INFO] PluginManage:310 - Check plugin lpbam
2024-07-30 18:06:02,485 [INFO] PluginManage:359 - Loaded plugin lpbam (category:base,tabindex:0)
2024-07-30 18:06:02,486 [INFO] PluginManage:310 - Check plugin memorymap
2024-07-30 18:06:02,502 [INFO] PluginManage:359 - Loaded plugin memorymap (category:base,tabindex:4)
2024-07-30 18:06:02,503 [INFO] PluginManage:310 - Check plugin pinoutandconfiguration
2024-07-30 18:06:02,513 [INFO] PluginManage:359 - Loaded plugin pinoutandconfiguration (category:base,tabindex:1)
2024-07-30 18:06:02,514 [INFO] PluginManage:310 - Check plugin pinoutconfig
2024-07-30 18:06:02,616 [WARN] SupportedApi:132 - Cannot load RTOS API schema: s4s-elt-must-match.1: The content of 'definitions' must match (annotation?, (simpleType | complexType)?, (unique | key | keyref)*)). A problem was found starting at: attribute.
2024-07-30 18:06:02,803 [INFO] PluginManage:359 - Loaded plugin pinoutconfig (category:base,tabindex:0)
2024-07-30 18:06:02,803 [INFO] PluginManage:310 - Check plugin power
2024-07-30 18:06:02,817 [INFO] PluginManage:359 - Loaded plugin power (category:power,tabindex:4)
2024-07-30 18:06:02,818 [INFO] PluginManage:310 - Check plugin projectmanager
2024-07-30 18:06:02,862 [INFO] PluginManage:359 - Loaded plugin projectmanager (category:projectmanager,tabindex:4)
2024-07-30 18:06:02,863 [INFO] PluginManage:310 - Check plugin rif
2024-07-30 18:06:02,867 [INFO] PluginManage:359 - Loaded plugin rif (category:base,tabindex:3)
2024-07-30 18:06:02,868 [INFO] PluginManage:310 - Check plugin thirdparty
2024-07-30 18:06:03,059 [INFO] PluginManage:359 - Loaded plugin thirdparty (category:base,tabindex:-1)
2024-07-30 18:06:03,060 [INFO] PluginManage:310 - Check plugin tools
2024-07-30 18:06:03,060 [WARN] IntegrityCheckThread:84 - waiting for thirdparty lock release [integrity check]
2024-07-30 18:06:03,063 [INFO] PluginManage:359 - Loaded plugin tools (category:base,tabindex:7)
2024-07-30 18:06:03,063 [INFO] PluginManage:310 - Check plugin tutovideos
2024-07-30 18:06:03,061 [INFO] IntegrityCheckThread:86 - entering critical section [integrity check]
2024-07-30 18:06:03,067 [INFO] ThirdPartyUpdaterWithRetryManager:70 - Updater plugin not ready yet. [1/15]
2024-07-30 18:06:03,295 [INFO] PluginManage:359 - Loaded plugin tutovideos (category:base,tabindex:-1)
2024-07-30 18:06:03,295 [INFO] PluginManage:310 - Check plugin updater
2024-07-30 18:06:03,317 [INFO] PluginManage:359 - Loaded plugin updater (category:base,tabindex:12)
2024-07-30 18:06:03,317 [INFO] PluginManage:310 - Check plugin userauth
2024-07-30 18:06:03,323 [INFO] UserAuth:113 - Init User Auth plugin
2024-07-30 18:06:03,324 [INFO] PluginManage:359 - Loaded plugin userauth (category:base,tabindex:14)
2024-07-30 18:06:03,325 [INFO] PluginManage:283 - PluginManage : Loaded plugins [18]
2024-07-30 18:06:03,547 [INFO] PinOutPanel:1561 - setPackage(No Configuration,No Configuration)
2024-07-30 18:06:03,631 [INFO] CADModel:165 - CPN selected for project level
2024-07-30 18:06:03,631 [INFO] CADModel:114 - Register for checkConnection events
2024-07-30 18:06:03,642 [INFO] IPUIPlugin:80 - create IPUIPlugin
2024-07-30 18:06:03,642 [INFO] PluginManager:220 - loadIPPluginJar : add ddr_ctrl_phy
2024-07-30 18:06:03,643 [INFO] IPUIPlugin:80 - create IPUIPlugin
2024-07-30 18:06:03,644 [INFO] PluginManager:220 - loadIPPluginJar : add tim
2024-07-30 18:06:03,646 [INFO] IPUIPlugin:80 - create IPUIPlugin
2024-07-30 18:06:03,646 [INFO] PluginManager:220 - loadIPPluginJar : add openamp
2024-07-30 18:06:03,648 [INFO] IPUIPlugin:80 - create IPUIPlugin
2024-07-30 18:06:03,648 [INFO] PluginManager:220 - loadIPPluginJar : add pdm2pcm
2024-07-30 18:06:03,651 [INFO] IPUIPlugin:80 - create IPUIPlugin
2024-07-30 18:06:03,651 [INFO] PluginManager:220 - loadIPPluginJar : add resmgrutility
2024-07-30 18:06:03,657 [INFO] IPUIPlugin:80 - create IPUIPlugin
2024-07-30 18:06:03,658 [INFO] PluginManager:220 - loadIPPluginJar : add mdma
2024-07-30 18:06:03,660 [INFO] IPUIPlugin:80 - create IPUIPlugin
2024-07-30 18:06:03,660 [INFO] PluginManager:220 - loadIPPluginJar : add tsc
2024-07-30 18:06:03,662 [INFO] IPUIPlugin:80 - create IPUIPlugin
2024-07-30 18:06:03,662 [INFO] PluginManager:220 - loadIPPluginJar : add genericplugin
2024-07-30 18:06:03,664 [INFO] IPUIPlugin:80 - create IPUIPlugin
2024-07-30 18:06:03,664 [INFO] PluginManager:220 - loadIPPluginJar : add radio
2024-07-30 18:06:03,666 [INFO] IPUIPlugin:80 - create IPUIPlugin
2024-07-30 18:06:03,666 [INFO] PluginManager:220 - loadIPPluginJar : add comp
2024-07-30 18:06:03,668 [INFO] IPUIPlugin:80 - create IPUIPlugin
2024-07-30 18:06:03,668 [INFO] PluginManager:220 - loadIPPluginJar : add quadspi
2024-07-30 18:06:03,671 [INFO] IPUIPlugin:80 - create IPUIPlugin
2024-07-30 18:06:03,671 [INFO] PluginManager:220 - loadIPPluginJar : add extmemmanager
2024-07-30 18:06:03,673 [INFO] IPUIPlugin:80 - create IPUIPlugin
2024-07-30 18:06:03,674 [INFO] PluginManager:220 - loadIPPluginJar : add hash
2024-07-30 18:06:03,676 [INFO] IPUIPlugin:80 - create IPUIPlugin
2024-07-30 18:06:03,677 [INFO] PluginManager:220 - loadIPPluginJar : add sai
2024-07-30 18:06:03,680 [INFO] IPUIPlugin:80 - create IPUIPlugin
2024-07-30 18:06:03,680 [INFO] PluginManager:220 - loadIPPluginJar : add touchsensing
2024-07-30 18:06:03,682 [INFO] IPUIPlugin:80 - create IPUIPlugin
2024-07-30 18:06:03,682 [INFO] PluginManager:220 - loadIPPluginJar : add gfxmmu
2024-07-30 18:06:03,685 [INFO] IPUIPlugin:80 - create IPUIPlugin
2024-07-30 18:06:03,685 [INFO] PluginManager:220 - loadIPPluginJar : add i2c
2024-07-30 18:06:03,691 [INFO] IPUIPlugin:80 - create IPUIPlugin
2024-07-30 18:06:03,691 [INFO] PluginManager:220 - loadIPPluginJar : add adc
2024-07-30 18:06:03,695 [INFO] IPUIPlugin:80 - create IPUIPlugin
2024-07-30 18:06:03,695 [INFO] PluginManager:220 - loadIPPluginJar : add gpio
2024-07-30 18:06:03,700 [INFO] IPUIPlugin:80 - create IPUIPlugin
2024-07-30 18:06:03,700 [INFO] PluginManager:220 - loadIPPluginJar : add fmc
2024-07-30 18:06:03,703 [INFO] IPUIPlugin:80 - create IPUIPlugin
2024-07-30 18:06:03,703 [INFO] PluginManager:220 - loadIPPluginJar : add can
2024-07-30 18:06:03,706 [INFO] IPUIPlugin:80 - create IPUIPlugin
2024-07-30 18:06:03,706 [INFO] PluginManager:220 - loadIPPluginJar : add gtzc
2024-07-30 18:06:03,708 [INFO] IPUIPlugin:80 - create IPUIPlugin
2024-07-30 18:06:03,709 [INFO] PluginManager:220 - loadIPPluginJar : add aes
2024-07-30 18:06:03,712 [INFO] IPUIPlugin:80 - create IPUIPlugin
2024-07-30 18:06:03,712 [INFO] PluginManager:220 - loadIPPluginJar : add usart
2024-07-30 18:06:03,714 [INFO] IPUIPlugin:80 - create IPUIPlugin
2024-07-30 18:06:03,714 [INFO] PluginManager:220 - loadIPPluginJar : add ts
2024-07-30 18:06:03,716 [INFO] IPUIPlugin:80 - create IPUIPlugin
2024-07-30 18:06:03,716 [INFO] PluginManager:220 - loadIPPluginJar : add ltdc
2024-07-30 18:06:03,718 [INFO] IPUIPlugin:80 - create IPUIPlugin
2024-07-30 18:06:03,718 [INFO] PluginManager:220 - loadIPPluginJar : add tracer_emb
2024-07-30 18:06:03,721 [INFO] IPUIPlugin:80 - create IPUIPlugin
2024-07-30 18:06:03,722 [INFO] PluginManager:220 - loadIPPluginJar : add i3c
2024-07-30 18:06:03,724 [INFO] IPUIPlugin:80 - create IPUIPlugin
2024-07-30 18:06:03,725 [INFO] PluginManager:220 - loadIPPluginJar : add lorawan
2024-07-30 18:06:03,731 [INFO] IPUIPlugin:80 - create IPUIPlugin
2024-07-30 18:06:03,731 [INFO] PluginManager:220 - loadIPPluginJar : add stm32_wpan
2024-07-30 18:06:03,738 [INFO] IPUIPlugin:80 - create IPUIPlugin
2024-07-30 18:06:03,742 [INFO] PluginManager:220 - loadIPPluginJar : add plateformsettings
2024-07-30 18:06:03,747 [INFO] IPUIPlugin:80 - create IPUIPlugin
2024-07-30 18:06:03,748 [INFO] PluginManager:220 - loadIPPluginJar : add linkedlist
2024-07-30 18:06:03,752 [INFO] IPUIPlugin:80 - create IPUIPlugin
2024-07-30 18:06:03,752 [INFO] PluginManager:220 - loadIPPluginJar : add gic
2024-07-30 18:06:03,754 [INFO] IPUIPlugin:80 - create IPUIPlugin
2024-07-30 18:06:03,754 [INFO] PluginManager:220 - loadIPPluginJar : add ipddr
2024-07-30 18:06:03,755 [INFO] IPUIPlugin:80 - create IPUIPlugin
2024-07-30 18:06:03,756 [INFO] PluginManager:220 - loadIPPluginJar : add dfsdm
2024-07-30 18:06:03,757 [INFO] IPUIPlugin:80 - create IPUIPlugin
2024-07-30 18:06:03,757 [INFO] PluginManager:220 - loadIPPluginJar : add ucpd
2024-07-30 18:06:03,760 [INFO] IPUIPlugin:80 - create IPUIPlugin
2024-07-30 18:06:03,760 [INFO] PluginManager:220 - loadIPPluginJar : add opamp
2024-07-30 18:06:03,762 [INFO] IPUIPlugin:80 - create IPUIPlugin
2024-07-30 18:06:03,763 [INFO] PluginManager:220 - loadIPPluginJar : add i2s
2024-07-30 18:06:03,766 [INFO] IPUIPlugin:80 - create IPUIPlugin
2024-07-30 18:06:03,766 [INFO] PluginManager:220 - loadIPPluginJar : add freertos
2024-07-30 18:06:03,768 [INFO] IPUIPlugin:80 - create IPUIPlugin
2024-07-30 18:06:03,769 [INFO] PluginManager:220 - loadIPPluginJar : add nvic
2024-07-30 18:06:03,770 [INFO] IPUIPlugin:80 - create IPUIPlugin
2024-07-30 18:06:03,771 [INFO] PluginManager:220 - loadIPPluginJar : add usbx
2024-07-30 18:06:03,772 [INFO] IPUIPlugin:80 - create IPUIPlugin
2024-07-30 18:06:03,772 [INFO] PluginManager:220 - loadIPPluginJar : add dma3
2024-07-30 18:06:03,774 [INFO] IPUIPlugin:80 - create IPUIPlugin
2024-07-30 18:06:03,774 [INFO] PluginManager:220 - loadIPPluginJar : add spi
2024-07-30 18:06:03,776 [INFO] IPUIPlugin:80 - create IPUIPlugin
2024-07-30 18:06:03,776 [INFO] PluginManager:220 - loadIPPluginJar : add cryp
2024-07-30 18:06:03,780 [INFO] IPUIPlugin:80 - create IPUIPlugin
2024-07-30 18:06:03,780 [INFO] PluginManager:220 - loadIPPluginJar : add dma
2024-07-30 18:06:03,781 [INFO] IPUIPlugin:80 - create IPUIPlugin
2024-07-30 18:06:03,781 [INFO] PluginManager:220 - loadIPPluginJar : add fatfs
2024-07-30 18:06:03,885 [INFO] CADModel:165 - CPN selected for project level
2024-07-30 18:06:03,885 [INFO] CADModel:114 - Register for checkConnection events
2024-07-30 18:06:03,886 [FATAL] Updater:334 - Updater called before beeing initialized
2024-07-30 18:06:03,886 [ERROR] CADModel:125 - Updater not yet initialized, retry later 
2024-07-30 18:06:04,029 [INFO] CADModel:165 - CPN selected for project level
2024-07-30 18:06:04,029 [INFO] CADModel:114 - Register for checkConnection events
2024-07-30 18:06:04,029 [FATAL] Updater:334 - Updater called before beeing initialized
2024-07-30 18:06:04,029 [ERROR] CADModel:125 - Updater not yet initialized, retry later 
2024-07-30 18:06:04,033 [FATAL] Updater:334 - Updater called before beeing initialized
2024-07-30 18:06:04,145 [FATAL] Updater:334 - Updater called before beeing initialized
2024-07-30 18:06:04,160 [INFO] DbMcusAds:53 - JSON generation date=Thu Sep 30 03:55:09 BRT 2021 (1632984909247)
2024-07-30 18:06:04,160 [FATAL] Updater:334 - Updater called before beeing initialized
2024-07-30 18:06:04,217 [WARN] DetailPanel:346 - Failed to get advertising image, set to default
2024-07-30 18:06:04,331 [FATAL] Updater:334 - Updater called before beeing initialized
2024-07-30 18:06:04,332 [FATAL] Updater:334 - Updater called before beeing initialized
2024-07-30 18:06:04,332 [FATAL] Updater:334 - Updater called before beeing initialized
2024-07-30 18:06:04,333 [WARN] DetailPanel:346 - Failed to get advertising image, set to default
2024-07-30 18:06:04,334 [FATAL] Updater:334 - Updater called before beeing initialized
2024-07-30 18:06:04,384 [ERROR] Updater:1164 - MainUpdater not yet initialized. External WinMGr cannot be set.
2024-07-30 18:06:04,386 [INFO] Updater:1100 - Updater Version found : 6.12.0
2024-07-30 18:06:04,410 [INFO] ApplicationProperties:184 - Using Application install path: /opt/st/stm32cubeide_1.16.0/plugins/com.st.stm32cube.common.mx_6.12.0.202406281431
2024-07-30 18:06:04,431 [ERROR] LogOutputStream:75 - [STDERR_REDIRECT] Jul 30, 2024 6:06:04 PM java.util.prefs.FileSystemPreferences$2 run
2024-07-30 18:06:04,431 [ERROR] LogOutputStream:75 - [STDERR_REDIRECT] WARNING: Could not create system preferences directory. System preferences are unusable.
2024-07-30 18:06:04,432 [ERROR] LogOutputStream:75 - [STDERR_REDIRECT] 
2024-07-30 18:06:04,777 [INFO] MainUpdater:2873 - connection check result : 10
2024-07-30 18:06:04,778 [INFO] MainUpdater:290 - Updater Check For Update Now.
2024-07-30 18:06:04,779 [INFO] MicroXplorer:498 - Change Database Version : DB.6.0.120
2024-07-30 18:06:04,785 [INFO] McuFinderGlobals:63 - Set McuFinder mode to 2 (CubeIDE integrated)
2024-07-30 18:06:04,786 [INFO] UserAuth:179 - activating auth plugin
2024-07-30 18:06:04,792 [INFO] UserAuth:417 - Internet connection configuration mode: 1
2024-07-30 18:06:04,809 [INFO] JxBrowserEngine:152 - Initiate JxBrowser Engine with user profile folder
2024-07-30 18:06:05,088 [INFO] CheckServerUpdateThread:120 - End of CheckServer Thread
2024-07-30 18:06:05,584 [INFO] WebApp:167 - Instantiating new browser for Auth
2024-07-30 18:06:07,228 [INFO] WebApp:448 - Apply proxy settings
2024-07-30 18:06:07,229 [INFO] WebApp:533 - Chromium requires no authentication
2024-07-30 18:06:07,241 [INFO] WebApp:476 - Direct internet connection detected
2024-07-30 18:06:07,273 [INFO] WebApp:869 - Register for checkConnection events
2024-07-30 18:06:07,273 [INFO] WebApp:448 - Apply proxy settings
2024-07-30 18:06:07,273 [INFO] WebApp:533 - Chromium requires no authentication
2024-07-30 18:06:07,274 [INFO] WebApp:476 - Direct internet connection detected
2024-07-30 18:06:07,428 [INFO] WebApp:220 - Starting web application
2024-07-30 18:06:07,428 [INFO] WebApp:578 - Web application path used /opt/st/stm32cubeide_1.16.0/plugins/com.st.stm32cube.common.mx_6.12.0.202406281431/db/plugins/mcufinder/reactClient1/index.html
2024-07-30 18:06:07,721 [WARN] PackLoader:240 - Cannot read IP mode file for STMicroelectronics.FP-SNS-MOTENVWB1.1.4.0
2024-07-30 18:06:07,748 [WARN] PackLoader:240 - Cannot read IP mode file for STMicroelectronics.X-CUBE-SMBUS.2.1.0
2024-07-30 18:06:07,755 [WARN] PackLoader:240 - Cannot read IP mode file for STMicroelectronics.FP-SNS-FLIGHT1.5.0.2
2024-07-30 18:06:07,773 [WARN] PackLoader:240 - Cannot read IP mode file for STMicroelectronics.X-CUBE-DISPLAY.3.0.0
2024-07-30 18:06:07,802 [WARN] PackLoader:240 - Cannot read IP mode file for STMicroelectronics.X-CUBE-BLE1.7.0.0
2024-07-30 18:06:07,827 [WARN] PackLoader:240 - Cannot read IP mode file for STMicroelectronics.X-CUBE-BLEMGR.3.1.0
2024-07-30 18:06:07,841 [WARN] PackLoader:240 - Cannot read IP mode file for STMicroelectronics.FP-SNS-SMARTAG2.1.2.0
2024-07-30 18:06:07,850 [WARN] PackLoader:240 - Cannot read IP mode file for STMicroelectronics.FP-SNS-MOTENV1.5.0.0
2024-07-30 18:06:07,862 [WARN] PackLoader:240 - Cannot read IP mode file for STMicroelectronics.X-CUBE-BLE2.3.3.0
2024-07-30 18:06:07,902 [WARN] PackLoader:240 - Cannot read IP mode file for STMicroelectronics.X-CUBE-SAFEA1.1.2.2
2024-07-30 18:06:07,922 [WARN] PackLoader:240 - Cannot read IP mode file for STMicroelectronics.X-CUBE-NFC4.3.0.0
2024-07-30 18:06:07,933 [WARN] PackLoader:240 - Cannot read IP mode file for STMicroelectronics.FP-ATR-SIGFOX1.3.2.0
2024-07-30 18:06:07,946 [WARN] PackLoader:240 - Cannot read IP mode file for STMicroelectronics.X-CUBE-EEPRMA1.5.1.0
2024-07-30 18:06:07,958 [WARN] PackLoader:240 - Cannot read IP mode file for STMicroelectronics.X-CUBE-GNSS1.6.0.0
2024-07-30 18:06:07,968 [WARN] PackLoader:240 - Cannot read IP mode file for STMicroelectronics.X-CUBE-FREERTOS.1.2.0
2024-07-30 18:06:07,983 [WARN] PackLoader:240 - Cannot read IP mode file for STMicroelectronics.X-CUBE-NFC6.3.1.0
2024-07-30 18:06:07,994 [WARN] PackLoader:240 - Cannot read IP mode file for STMicroelectronics.X-CUBE-AI.9.0.0
2024-07-30 18:06:08,003 [WARN] PackLoader:240 - Cannot read IP mode file for STMicroelectronics.X-CUBE-NFC7.1.0.1
2024-07-30 18:06:08,017 [WARN] PackLoader:240 - Cannot read IP mode file for STMicroelectronics.X-CUBE-SFXS2LP1.4.0.0
2024-07-30 18:06:08,040 [WARN] PackLoader:240 - Cannot read IP mode file for STMicroelectronics.X-CUBE-SUBG2.5.0.0
2024-07-30 18:06:08,058 [WARN] PackLoader:240 - Cannot read IP mode file for STMicroelectronics.X-CUBE-ISPU.2.0.0
2024-07-30 18:06:08,064 [WARN] PackLoader:240 - Cannot read IP mode file for STMicroelectronics.X-CUBE-ALS.1.0.2
2024-07-30 18:06:08,235 [WARN] PackLoader:240 - Cannot read IP mode file for STMicroelectronics.X-CUBE-MEMS1.10.0.0
2024-07-30 18:06:08,619 [WARN] PackLoader:240 - Cannot read IP mode file for STMicroelectronics.FP-ATR-ASTRA1.2.0.0
2024-07-30 18:06:08,621 [INFO] ThirdParty:978 - Integrity check success = true
2024-07-30 18:06:08,621 [INFO] IntegrityCheckThread:100 - exiting critical section [integrity check]
2024-07-30 18:06:08,621 [INFO] IntegrityCheckThread:103 - End integrity checks thread
2024-07-30 18:06:09,797 [INFO] WebApp:186 - Connection restablished
2024-07-30 18:06:26,384 [ERROR] LogOutputStream:75 - [STDERR_REDIRECT] Jul 30, 2024 6:06:26 PM java.util.prefs.FileSystemPreferences checkLockFile0ErrorCode
2024-07-30 18:06:26,385 [ERROR] LogOutputStream:75 - [STDERR_REDIRECT] WARNING: Could not lock System prefs. Unix error code 2.
2024-07-30 18:06:26,385 [ERROR] LogOutputStream:75 - [STDERR_REDIRECT] 
2024-07-30 18:06:26,386 [ERROR] LogOutputStream:75 - [STDERR_REDIRECT] Jul 30, 2024 6:06:26 PM java.util.prefs.FileSystemPreferences syncWorld
2024-07-30 18:06:26,386 [ERROR] LogOutputStream:75 - [STDERR_REDIRECT] WARNING: Couldn't flush system prefs: java.util.prefs.BackingStoreException: Couldn't get file lock.
2024-07-30 18:06:26,386 [ERROR] LogOutputStream:75 - [STDERR_REDIRECT] 
2024-07-30 18:06:56,375 [ERROR] LogOutputStream:75 - [STDERR_REDIRECT] Jul 30, 2024 6:06:56 PM java.util.prefs.FileSystemPreferences checkLockFile0ErrorCode
2024-07-30 18:06:56,376 [ERROR] LogOutputStream:75 - [STDERR_REDIRECT] WARNING: Could not lock System prefs. Unix error code 2.
2024-07-30 18:06:56,376 [ERROR] LogOutputStream:75 - [STDERR_REDIRECT] 
2024-07-30 18:06:56,377 [ERROR] LogOutputStream:75 - [STDERR_REDIRECT] Jul 30, 2024 6:06:56 PM java.util.prefs.FileSystemPreferences syncWorld
2024-07-30 18:06:56,378 [ERROR] LogOutputStream:75 - [STDERR_REDIRECT] WARNING: Couldn't flush system prefs: java.util.prefs.BackingStoreException: Couldn't get file lock.
2024-07-30 18:06:56,380 [ERROR] LogOutputStream:75 - [STDERR_REDIRECT] 
2024-07-30 18:07:17,190 [INFO] McuFinderGlobals:63 - Set McuFinder mode to 2 (CubeIDE integrated)
2024-07-30 18:07:17,190 [INFO] UserAuth:179 - activating auth plugin
2024-07-30 18:07:17,197 [INFO] UserAuth:417 - Internet connection configuration mode: 1
2024-07-30 18:07:26,375 [ERROR] LogOutputStream:75 - [STDERR_REDIRECT] Jul 30, 2024 6:07:26 PM java.util.prefs.FileSystemPreferences checkLockFile0ErrorCode
2024-07-30 18:07:26,375 [ERROR] LogOutputStream:75 - [STDERR_REDIRECT] WARNING: Could not lock System prefs. Unix error code 2.
2024-07-30 18:07:26,375 [ERROR] LogOutputStream:75 - [STDERR_REDIRECT] 
2024-07-30 18:07:26,376 [ERROR] LogOutputStream:75 - [STDERR_REDIRECT] Jul 30, 2024 6:07:26 PM java.util.prefs.FileSystemPreferences syncWorld
2024-07-30 18:07:26,376 [ERROR] LogOutputStream:75 - [STDERR_REDIRECT] WARNING: Couldn't flush system prefs: java.util.prefs.BackingStoreException: Couldn't get file lock.
2024-07-30 18:07:26,376 [ERROR] LogOutputStream:75 - [STDERR_REDIRECT] 
2024-07-30 18:07:56,374 [ERROR] LogOutputStream:75 - [STDERR_REDIRECT] Jul 30, 2024 6:07:56 PM java.util.prefs.FileSystemPreferences checkLockFile0ErrorCode
2024-07-30 18:07:56,375 [ERROR] LogOutputStream:75 - [STDERR_REDIRECT] WARNING: Could not lock System prefs. Unix error code 2.
2024-07-30 18:07:56,375 [ERROR] LogOutputStream:75 - [STDERR_REDIRECT] 
2024-07-30 18:07:56,376 [ERROR] LogOutputStream:75 - [STDERR_REDIRECT] Jul 30, 2024 6:07:56 PM java.util.prefs.FileSystemPreferences syncWorld
2024-07-30 18:07:56,376 [ERROR] LogOutputStream:75 - [STDERR_REDIRECT] WARNING: Couldn't flush system prefs: java.util.prefs.BackingStoreException: Couldn't get file lock.
2024-07-30 18:07:56,376 [ERROR] LogOutputStream:75 - [STDERR_REDIRECT] 
2024-07-30 18:07:59,033 [INFO] WebApp:643 - userauth.ini created with success
2024-07-30 18:08:26,374 [ERROR] LogOutputStream:75 - [STDERR_REDIRECT] Jul 30, 2024 6:08:26 PM java.util.prefs.FileSystemPreferences checkLockFile0ErrorCode
2024-07-30 18:08:26,374 [ERROR] LogOutputStream:75 - [STDERR_REDIRECT] WARNING: Could not lock System prefs. Unix error code 2.
2024-07-30 18:08:26,375 [ERROR] LogOutputStream:75 - [STDERR_REDIRECT] 
2024-07-30 18:08:26,375 [ERROR] LogOutputStream:75 - [STDERR_REDIRECT] Jul 30, 2024 6:08:26 PM java.util.prefs.FileSystemPreferences syncWorld
2024-07-30 18:08:26,375 [ERROR] LogOutputStream:75 - [STDERR_REDIRECT] WARNING: Couldn't flush system prefs: java.util.prefs.BackingStoreException: Couldn't get file lock.
2024-07-30 18:08:26,376 [ERROR] LogOutputStream:75 - [STDERR_REDIRECT] 
2024-07-30 18:08:56,374 [ERROR] LogOutputStream:75 - [STDERR_REDIRECT] Jul 30, 2024 6:08:56 PM java.util.prefs.FileSystemPreferences checkLockFile0ErrorCode
2024-07-30 18:08:56,375 [ERROR] LogOutputStream:75 - [STDERR_REDIRECT] WARNING: Could not lock System prefs. Unix error code 2.
2024-07-30 18:08:56,375 [ERROR] LogOutputStream:75 - [STDERR_REDIRECT] 
2024-07-30 18:08:56,376 [ERROR] LogOutputStream:75 - [STDERR_REDIRECT] Jul 30, 2024 6:08:56 PM java.util.prefs.FileSystemPreferences syncWorld
2024-07-30 18:08:56,377 [ERROR] LogOutputStream:75 - [STDERR_REDIRECT] WARNING: Couldn't flush system prefs: java.util.prefs.BackingStoreException: Couldn't get file lock.
2024-07-30 18:08:56,377 [ERROR] LogOutputStream:75 - [STDERR_REDIRECT] 
2024-07-30 18:09:26,374 [ERROR] LogOutputStream:75 - [STDERR_REDIRECT] Jul 30, 2024 6:09:26 PM java.util.prefs.FileSystemPreferences checkLockFile0ErrorCode
2024-07-30 18:09:26,375 [ERROR] LogOutputStream:75 - [STDERR_REDIRECT] WARNING: Could not lock System prefs. Unix error code 2.
2024-07-30 18:09:26,375 [ERROR] LogOutputStream:75 - [STDERR_REDIRECT] 
2024-07-30 18:09:26,375 [ERROR] LogOutputStream:75 - [STDERR_REDIRECT] Jul 30, 2024 6:09:26 PM java.util.prefs.FileSystemPreferences syncWorld
2024-07-30 18:09:26,375 [ERROR] LogOutputStream:75 - [STDERR_REDIRECT] WARNING: Couldn't flush system prefs: java.util.prefs.BackingStoreException: Couldn't get file lock.
2024-07-30 18:09:26,376 [ERROR] LogOutputStream:75 - [STDERR_REDIRECT] 
2024-07-30 18:09:56,374 [ERROR] LogOutputStream:75 - [STDERR_REDIRECT] Jul 30, 2024 6:09:56 PM java.util.prefs.FileSystemPreferences checkLockFile0ErrorCode
2024-07-30 18:09:56,374 [ERROR] LogOutputStream:75 - [STDERR_REDIRECT] WARNING: Could not lock System prefs. Unix error code 2.
2024-07-30 18:09:56,375 [ERROR] LogOutputStream:75 - [STDERR_REDIRECT] 
2024-07-30 18:09:56,375 [ERROR] LogOutputStream:75 - [STDERR_REDIRECT] Jul 30, 2024 6:09:56 PM java.util.prefs.FileSystemPreferences syncWorld
2024-07-30 18:09:56,376 [ERROR] LogOutputStream:75 - [STDERR_REDIRECT] WARNING: Couldn't flush system prefs: java.util.prefs.BackingStoreException: Couldn't get file lock.
2024-07-30 18:09:56,376 [ERROR] LogOutputStream:75 - [STDERR_REDIRECT] 
2024-07-30 18:10:26,394 [ERROR] LogOutputStream:75 - [STDERR_REDIRECT] Jul 30, 2024 6:10:26 PM java.util.prefs.FileSystemPreferences checkLockFile0ErrorCode
2024-07-30 18:10:26,401 [ERROR] LogOutputStream:75 - [STDERR_REDIRECT] WARNING: Could not lock System prefs. Unix error code 2.
2024-07-30 18:10:26,401 [ERROR] LogOutputStream:75 - [STDERR_REDIRECT] 
2024-07-30 18:10:26,403 [ERROR] LogOutputStream:75 - [STDERR_REDIRECT] Jul 30, 2024 6:10:26 PM java.util.prefs.FileSystemPreferences syncWorld
2024-07-30 18:10:26,404 [ERROR] LogOutputStream:75 - [STDERR_REDIRECT] WARNING: Couldn't flush system prefs: java.util.prefs.BackingStoreException: Couldn't get file lock.
2024-07-30 18:10:26,404 [ERROR] LogOutputStream:75 - [STDERR_REDIRECT] 
2024-07-30 18:10:56,376 [ERROR] LogOutputStream:75 - [STDERR_REDIRECT] Jul 30, 2024 6:10:56 PM java.util.prefs.FileSystemPreferences checkLockFile0ErrorCode
2024-07-30 18:10:56,376 [ERROR] LogOutputStream:75 - [STDERR_REDIRECT] WARNING: Could not lock System prefs. Unix error code 2.
2024-07-30 18:10:56,376 [ERROR] LogOutputStream:75 - [STDERR_REDIRECT] 
2024-07-30 18:10:56,377 [ERROR] LogOutputStream:75 - [STDERR_REDIRECT] Jul 30, 2024 6:10:56 PM java.util.prefs.FileSystemPreferences syncWorld
2024-07-30 18:10:56,377 [ERROR] LogOutputStream:75 - [STDERR_REDIRECT] WARNING: Couldn't flush system prefs: java.util.prefs.BackingStoreException: Couldn't get file lock.
2024-07-30 18:10:56,377 [ERROR] LogOutputStream:75 - [STDERR_REDIRECT] 
2024-07-30 18:11:26,377 [ERROR] LogOutputStream:75 - [STDERR_REDIRECT] Jul 30, 2024 6:11:26 PM java.util.prefs.FileSystemPreferences checkLockFile0ErrorCode
2024-07-30 18:11:26,378 [ERROR] LogOutputStream:75 - [STDERR_REDIRECT] WARNING: Could not lock System prefs. Unix error code 2.
2024-07-30 18:11:26,378 [ERROR] LogOutputStream:75 - [STDERR_REDIRECT] 
2024-07-30 18:11:26,379 [ERROR] LogOutputStream:75 - [STDERR_REDIRECT] Jul 30, 2024 6:11:26 PM java.util.prefs.FileSystemPreferences syncWorld
2024-07-30 18:11:26,380 [ERROR] LogOutputStream:75 - [STDERR_REDIRECT] WARNING: Couldn't flush system prefs: java.util.prefs.BackingStoreException: Couldn't get file lock.
2024-07-30 18:11:26,381 [ERROR] LogOutputStream:75 - [STDERR_REDIRECT] 
2024-07-30 18:11:56,376 [ERROR] LogOutputStream:75 - [STDERR_REDIRECT] Jul 30, 2024 6:11:56 PM java.util.prefs.FileSystemPreferences checkLockFile0ErrorCode
2024-07-30 18:11:56,376 [ERROR] LogOutputStream:75 - [STDERR_REDIRECT] WARNING: Could not lock System prefs. Unix error code 2.
2024-07-30 18:11:56,377 [ERROR] LogOutputStream:75 - [STDERR_REDIRECT] 
2024-07-30 18:11:56,378 [ERROR] LogOutputStream:75 - [STDERR_REDIRECT] Jul 30, 2024 6:11:56 PM java.util.prefs.FileSystemPreferences syncWorld
2024-07-30 18:11:56,379 [ERROR] LogOutputStream:75 - [STDERR_REDIRECT] WARNING: Couldn't flush system prefs: java.util.prefs.BackingStoreException: Couldn't get file lock.
2024-07-30 18:11:56,380 [ERROR] LogOutputStream:75 - [STDERR_REDIRECT] 
2024-07-30 18:12:26,380 [ERROR] LogOutputStream:75 - [STDERR_REDIRECT] Jul 30, 2024 6:12:26 PM java.util.prefs.FileSystemPreferences checkLockFile0ErrorCode
2024-07-30 18:12:26,380 [ERROR] LogOutputStream:75 - [STDERR_REDIRECT] WARNING: Could not lock System prefs. Unix error code 2.
2024-07-30 18:12:26,380 [ERROR] LogOutputStream:75 - [STDERR_REDIRECT] 
2024-07-30 18:12:26,381 [ERROR] LogOutputStream:75 - [STDERR_REDIRECT] Jul 30, 2024 6:12:26 PM java.util.prefs.FileSystemPreferences syncWorld
2024-07-30 18:12:26,381 [ERROR] LogOutputStream:75 - [STDERR_REDIRECT] WARNING: Couldn't flush system prefs: java.util.prefs.BackingStoreException: Couldn't get file lock.
2024-07-30 18:12:26,381 [ERROR] LogOutputStream:75 - [STDERR_REDIRECT] 
2024-07-30 18:12:56,376 [ERROR] LogOutputStream:75 - [STDERR_REDIRECT] Jul 30, 2024 6:12:56 PM java.util.prefs.FileSystemPreferences checkLockFile0ErrorCode
2024-07-30 18:12:56,377 [ERROR] LogOutputStream:75 - [STDERR_REDIRECT] WARNING: Could not lock System prefs. Unix error code 2.
2024-07-30 18:12:56,377 [ERROR] LogOutputStream:75 - [STDERR_REDIRECT] 
2024-07-30 18:12:56,379 [ERROR] LogOutputStream:75 - [STDERR_REDIRECT] Jul 30, 2024 6:12:56 PM java.util.prefs.FileSystemPreferences syncWorld
2024-07-30 18:12:56,380 [ERROR] LogOutputStream:75 - [STDERR_REDIRECT] WARNING: Couldn't flush system prefs: java.util.prefs.BackingStoreException: Couldn't get file lock.
2024-07-30 18:12:56,380 [ERROR] LogOutputStream:75 - [STDERR_REDIRECT] 
2024-07-30 18:13:26,377 [ERROR] LogOutputStream:75 - [STDERR_REDIRECT] Jul 30, 2024 6:13:26 PM java.util.prefs.FileSystemPreferences checkLockFile0ErrorCode
2024-07-30 18:13:26,378 [ERROR] LogOutputStream:75 - [STDERR_REDIRECT] WARNING: Could not lock System prefs. Unix error code 2.
2024-07-30 18:13:26,379 [ERROR] LogOutputStream:75 - [STDERR_REDIRECT] 
2024-07-30 18:13:26,381 [ERROR] LogOutputStream:75 - [STDERR_REDIRECT] Jul 30, 2024 6:13:26 PM java.util.prefs.FileSystemPreferences syncWorld
2024-07-30 18:13:26,381 [ERROR] LogOutputStream:75 - [STDERR_REDIRECT] WARNING: Couldn't flush system prefs: java.util.prefs.BackingStoreException: Couldn't get file lock.
2024-07-30 18:13:26,382 [ERROR] LogOutputStream:75 - [STDERR_REDIRECT] 
2024-07-30 18:13:56,376 [ERROR] LogOutputStream:75 - [STDERR_REDIRECT] Jul 30, 2024 6:13:56 PM java.util.prefs.FileSystemPreferences checkLockFile0ErrorCode
2024-07-30 18:13:56,377 [ERROR] LogOutputStream:75 - [STDERR_REDIRECT] WARNING: Could not lock System prefs. Unix error code 2.
2024-07-30 18:13:56,377 [ERROR] LogOutputStream:75 - [STDERR_REDIRECT] 
2024-07-30 18:13:56,380 [ERROR] LogOutputStream:75 - [STDERR_REDIRECT] Jul 30, 2024 6:13:56 PM java.util.prefs.FileSystemPreferences syncWorld
2024-07-30 18:13:56,382 [ERROR] LogOutputStream:75 - [STDERR_REDIRECT] WARNING: Couldn't flush system prefs: java.util.prefs.BackingStoreException: Couldn't get file lock.
2024-07-30 18:13:56,382 [ERROR] LogOutputStream:75 - [STDERR_REDIRECT] 
2024-07-30 18:14:26,375 [ERROR] LogOutputStream:75 - [STDERR_REDIRECT] Jul 30, 2024 6:14:26 PM java.util.prefs.FileSystemPreferences checkLockFile0ErrorCode
2024-07-30 18:14:26,376 [ERROR] LogOutputStream:75 - [STDERR_REDIRECT] WARNING: Could not lock System prefs. Unix error code 2.
2024-07-30 18:14:26,377 [ERROR] LogOutputStream:75 - [STDERR_REDIRECT] 
2024-07-30 18:14:26,381 [ERROR] LogOutputStream:75 - [STDERR_REDIRECT] Jul 30, 2024 6:14:26 PM java.util.prefs.FileSystemPreferences syncWorld
2024-07-30 18:14:26,382 [ERROR] LogOutputStream:75 - [STDERR_REDIRECT] WARNING: Couldn't flush system prefs: java.util.prefs.BackingStoreException: Couldn't get file lock.
2024-07-30 18:14:26,383 [ERROR] LogOutputStream:75 - [STDERR_REDIRECT] 
2024-07-30 18:14:56,376 [ERROR] LogOutputStream:75 - [STDERR_REDIRECT] Jul 30, 2024 6:14:56 PM java.util.prefs.FileSystemPreferences checkLockFile0ErrorCode
2024-07-30 18:14:56,377 [ERROR] LogOutputStream:75 - [STDERR_REDIRECT] WARNING: Could not lock System prefs. Unix error code 2.
2024-07-30 18:14:56,377 [ERROR] LogOutputStream:75 - [STDERR_REDIRECT] 
2024-07-30 18:14:56,379 [ERROR] LogOutputStream:75 - [STDERR_REDIRECT] Jul 30, 2024 6:14:56 PM java.util.prefs.FileSystemPreferences syncWorld
2024-07-30 18:14:56,380 [ERROR] LogOutputStream:75 - [STDERR_REDIRECT] WARNING: Couldn't flush system prefs: java.util.prefs.BackingStoreException: Couldn't get file lock.
2024-07-30 18:14:56,381 [ERROR] LogOutputStream:75 - [STDERR_REDIRECT] 
2024-07-30 18:15:26,375 [ERROR] LogOutputStream:75 - [STDERR_REDIRECT] Jul 30, 2024 6:15:26 PM java.util.prefs.FileSystemPreferences checkLockFile0ErrorCode
2024-07-30 18:15:26,376 [ERROR] LogOutputStream:75 - [STDERR_REDIRECT] WARNING: Could not lock System prefs. Unix error code 2.
2024-07-30 18:15:26,376 [ERROR] LogOutputStream:75 - [STDERR_REDIRECT] 
2024-07-30 18:15:26,377 [ERROR] LogOutputStream:75 - [STDERR_REDIRECT] Jul 30, 2024 6:15:26 PM java.util.prefs.FileSystemPreferences syncWorld
2024-07-30 18:15:26,378 [ERROR] LogOutputStream:75 - [STDERR_REDIRECT] WARNING: Couldn't flush system prefs: java.util.prefs.BackingStoreException: Couldn't get file lock.
2024-07-30 18:15:26,378 [ERROR] LogOutputStream:75 - [STDERR_REDIRECT] 
2024-07-30 18:15:56,375 [ERROR] LogOutputStream:75 - [STDERR_REDIRECT] Jul 30, 2024 6:15:56 PM java.util.prefs.FileSystemPreferences checkLockFile0ErrorCode
2024-07-30 18:15:56,376 [ERROR] LogOutputStream:75 - [STDERR_REDIRECT] WARNING: Could not lock System prefs. Unix error code 2.
2024-07-30 18:15:56,376 [ERROR] LogOutputStream:75 - [STDERR_REDIRECT] 
2024-07-30 18:15:56,376 [ERROR] LogOutputStream:75 - [STDERR_REDIRECT] Jul 30, 2024 6:15:56 PM java.util.prefs.FileSystemPreferences syncWorld
2024-07-30 18:15:56,377 [ERROR] LogOutputStream:75 - [STDERR_REDIRECT] WARNING: Couldn't flush system prefs: java.util.prefs.BackingStoreException: Couldn't get file lock.
2024-07-30 18:15:56,377 [ERROR] LogOutputStream:75 - [STDERR_REDIRECT] 
2024-07-30 18:16:26,375 [ERROR] LogOutputStream:75 - [STDERR_REDIRECT] Jul 30, 2024 6:16:26 PM java.util.prefs.FileSystemPreferences checkLockFile0ErrorCode
2024-07-30 18:16:26,376 [ERROR] LogOutputStream:75 - [STDERR_REDIRECT] WARNING: Could not lock System prefs. Unix error code 2.
2024-07-30 18:16:26,377 [ERROR] LogOutputStream:75 - [STDERR_REDIRECT] 
2024-07-30 18:16:26,378 [ERROR] LogOutputStream:75 - [STDERR_REDIRECT] Jul 30, 2024 6:16:26 PM java.util.prefs.FileSystemPreferences syncWorld
2024-07-30 18:16:26,379 [ERROR] LogOutputStream:75 - [STDERR_REDIRECT] WARNING: Couldn't flush system prefs: java.util.prefs.BackingStoreException: Couldn't get file lock.
2024-07-30 18:16:26,379 [ERROR] LogOutputStream:75 - [STDERR_REDIRECT] 
2024-07-30 18:16:56,376 [ERROR] LogOutputStream:75 - [STDERR_REDIRECT] Jul 30, 2024 6:16:56 PM java.util.prefs.FileSystemPreferences checkLockFile0ErrorCode
2024-07-30 18:16:56,376 [ERROR] LogOutputStream:75 - [STDERR_REDIRECT] WARNING: Could not lock System prefs. Unix error code 2.
2024-07-30 18:16:56,376 [ERROR] LogOutputStream:75 - [STDERR_REDIRECT] 
2024-07-30 18:16:56,378 [ERROR] LogOutputStream:75 - [STDERR_REDIRECT] Jul 30, 2024 6:16:56 PM java.util.prefs.FileSystemPreferences syncWorld
2024-07-30 18:16:56,378 [ERROR] LogOutputStream:75 - [STDERR_REDIRECT] WARNING: Couldn't flush system prefs: java.util.prefs.BackingStoreException: Couldn't get file lock.
2024-07-30 18:16:56,378 [ERROR] LogOutputStream:75 - [STDERR_REDIRECT] 
2024-07-30 18:17:26,374 [ERROR] LogOutputStream:75 - [STDERR_REDIRECT] Jul 30, 2024 6:17:26 PM java.util.prefs.FileSystemPreferences checkLockFile0ErrorCode
2024-07-30 18:17:26,375 [ERROR] LogOutputStream:75 - [STDERR_REDIRECT] WARNING: Could not lock System prefs. Unix error code 2.
2024-07-30 18:17:26,375 [ERROR] LogOutputStream:75 - [STDERR_REDIRECT] 
2024-07-30 18:17:26,375 [ERROR] LogOutputStream:75 - [STDERR_REDIRECT] Jul 30, 2024 6:17:26 PM java.util.prefs.FileSystemPreferences syncWorld
2024-07-30 18:17:26,376 [ERROR] LogOutputStream:75 - [STDERR_REDIRECT] WARNING: Couldn't flush system prefs: java.util.prefs.BackingStoreException: Couldn't get file lock.
2024-07-30 18:17:26,376 [ERROR] LogOutputStream:75 - [STDERR_REDIRECT] 
2024-07-30 18:17:56,375 [ERROR] LogOutputStream:75 - [STDERR_REDIRECT] Jul 30, 2024 6:17:56 PM java.util.prefs.FileSystemPreferences checkLockFile0ErrorCode
2024-07-30 18:17:56,376 [ERROR] LogOutputStream:75 - [STDERR_REDIRECT] WARNING: Could not lock System prefs. Unix error code 2.
2024-07-30 18:17:56,376 [ERROR] LogOutputStream:75 - [STDERR_REDIRECT] 
2024-07-30 18:17:56,376 [ERROR] LogOutputStream:75 - [STDERR_REDIRECT] Jul 30, 2024 6:17:56 PM java.util.prefs.FileSystemPreferences syncWorld
2024-07-30 18:17:56,377 [ERROR] LogOutputStream:75 - [STDERR_REDIRECT] WARNING: Couldn't flush system prefs: java.util.prefs.BackingStoreException: Couldn't get file lock.
2024-07-30 18:17:56,377 [ERROR] LogOutputStream:75 - [STDERR_REDIRECT] 
2024-07-30 18:18:26,374 [ERROR] LogOutputStream:75 - [STDERR_REDIRECT] Jul 30, 2024 6:18:26 PM java.util.prefs.FileSystemPreferences checkLockFile0ErrorCode
2024-07-30 18:18:26,374 [ERROR] LogOutputStream:75 - [STDERR_REDIRECT] WARNING: Could not lock System prefs. Unix error code 2.
2024-07-30 18:18:26,375 [ERROR] LogOutputStream:75 - [STDERR_REDIRECT] 
2024-07-30 18:18:26,375 [ERROR] LogOutputStream:75 - [STDERR_REDIRECT] Jul 30, 2024 6:18:26 PM java.util.prefs.FileSystemPreferences syncWorld
2024-07-30 18:18:26,375 [ERROR] LogOutputStream:75 - [STDERR_REDIRECT] WARNING: Couldn't flush system prefs: java.util.prefs.BackingStoreException: Couldn't get file lock.
2024-07-30 18:18:26,375 [ERROR] LogOutputStream:75 - [STDERR_REDIRECT] 
2024-07-30 18:18:56,375 [ERROR] LogOutputStream:75 - [STDERR_REDIRECT] Jul 30, 2024 6:18:56 PM java.util.prefs.FileSystemPreferences checkLockFile0ErrorCode
2024-07-30 18:18:56,376 [ERROR] LogOutputStream:75 - [STDERR_REDIRECT] WARNING: Could not lock System prefs. Unix error code 2.
2024-07-30 18:18:56,377 [ERROR] LogOutputStream:75 - [STDERR_REDIRECT] 
2024-07-30 18:18:56,378 [ERROR] LogOutputStream:75 - [STDERR_REDIRECT] Jul 30, 2024 6:18:56 PM java.util.prefs.FileSystemPreferences syncWorld
2024-07-30 18:18:56,378 [ERROR] LogOutputStream:75 - [STDERR_REDIRECT] WARNING: Couldn't flush system prefs: java.util.prefs.BackingStoreException: Couldn't get file lock.
2024-07-30 18:18:56,379 [ERROR] LogOutputStream:75 - [STDERR_REDIRECT] 
2024-07-30 18:19:26,376 [ERROR] LogOutputStream:75 - [STDERR_REDIRECT] Jul 30, 2024 6:19:26 PM java.util.prefs.FileSystemPreferences checkLockFile0ErrorCode
2024-07-30 18:19:26,376 [ERROR] LogOutputStream:75 - [STDERR_REDIRECT] WARNING: Could not lock System prefs. Unix error code 2.
2024-07-30 18:19:26,377 [ERROR] LogOutputStream:75 - [STDERR_REDIRECT] 
2024-07-30 18:19:26,378 [ERROR] LogOutputStream:75 - [STDERR_REDIRECT] Jul 30, 2024 6:19:26 PM java.util.prefs.FileSystemPreferences syncWorld
2024-07-30 18:19:26,379 [ERROR] LogOutputStream:75 - [STDERR_REDIRECT] WARNING: Couldn't flush system prefs: java.util.prefs.BackingStoreException: Couldn't get file lock.
2024-07-30 18:19:26,379 [ERROR] LogOutputStream:75 - [STDERR_REDIRECT] 
2024-07-30 18:19:56,375 [ERROR] LogOutputStream:75 - [STDERR_REDIRECT] Jul 30, 2024 6:19:56 PM java.util.prefs.FileSystemPreferences checkLockFile0ErrorCode
2024-07-30 18:19:56,375 [ERROR] LogOutputStream:75 - [STDERR_REDIRECT] WARNING: Could not lock System prefs. Unix error code 2.
2024-07-30 18:19:56,376 [ERROR] LogOutputStream:75 - [STDERR_REDIRECT] 
2024-07-30 18:19:56,377 [ERROR] LogOutputStream:75 - [STDERR_REDIRECT] Jul 30, 2024 6:19:56 PM java.util.prefs.FileSystemPreferences syncWorld
2024-07-30 18:19:56,378 [ERROR] LogOutputStream:75 - [STDERR_REDIRECT] WARNING: Couldn't flush system prefs: java.util.prefs.BackingStoreException: Couldn't get file lock.
2024-07-30 18:19:56,378 [ERROR] LogOutputStream:75 - [STDERR_REDIRECT] 
2024-07-30 18:20:14,804 [ERROR] LogOutputStream:75 - [STDERR_REDIRECT] 
2024-07-30 18:20:14,805 [ERROR] LogOutputStream:75 - [STDERR_REDIRECT] 
2024-07-30 18:35:30,759 [INFO] Activator:176 - 


2024-07-30 18:35:30,766 [INFO] Activator:177 - !SESSION log4j initialized
2024-07-30 18:35:40,987 [INFO] LogOutputStream:77 - [STDOUT_REDIRECT] 
2024-07-30 18:35:45,719 [INFO] ApplicationProperties:184 - Using Application install path: /opt/st/stm32cubeide_1.16.0/plugins/com.st.stm32cube.common.mx_6.12.0.202406281431
2024-07-30 18:35:45,765 [INFO] DbMcusXml:78 - Set database path to: /opt/st/stm32cubeide_1.16.0/plugins/com.st.stm32cube.common.mx_6.12.0.202406281431//db//mcu/
2024-07-30 18:35:45,765 [INFO] ApiDb:274 - Set plugin database path to: /opt/st/stm32cubeide_1.16.0/plugins/com.st.stm32cube.common.mx_6.12.0.202406281431//db//plugins/boardmanager/
2024-07-30 18:35:45,766 [WARN] ApiDb:259 - Overriding images path with different value:  => /opt/st/stm32cubeide_1.16.0/plugins/com.st.stm32cube.common.mx_6.12.0.202406281431//db//plugins/mcufinder/images/
2024-07-30 18:35:45,820 [INFO] ApiDb:250 - Set database path to: /home/leandro/.stmcufinder/plugins/mcufinder//mcu/
2024-07-30 18:35:45,822 [INFO] DbMcusAds:125 - Set database path to: /home/leandro/.stmcufinder/plugins/mcufinder//mcu/
2024-07-30 18:35:45,850 [INFO] CrossReferenceDbSqlite:203 - Set database path to: /home/leandro/.stmcufinder/plugins/mcufinder//mcu/cs/
2024-07-30 18:35:46,095 [INFO] RulesReader:64 - Compatibility file has been processed (297 Rules)
2024-07-30 18:35:46,239 [INFO] DbMcusXml:78 - Set database path to: /opt/st/stm32cubeide_1.16.0/plugins/com.st.stm32cube.common.mx_6.12.0.202406281431//db//mcu/
2024-07-30 18:35:46,239 [INFO] ApiDb:274 - Set plugin database path to: /opt/st/stm32cubeide_1.16.0/plugins/com.st.stm32cube.common.mx_6.12.0.202406281431//db//plugins/boardmanager/
2024-07-30 18:35:46,240 [INFO] ApiDb:261 - Set plugin images path to: /opt/st/stm32cubeide_1.16.0/plugins/com.st.stm32cube.common.mx_6.12.0.202406281431//db//plugins/mcufinder/images/
2024-07-30 18:35:46,240 [WARN] DbFile:41 - Overriding database path with different value: /home/leandro/.stmcufinder/plugins/mcufinder/ => /home/leandro/.stmcufinder/plugins/mcufinder
2024-07-30 18:35:46,240 [INFO] ApiDb:250 - Set database path to: /home/leandro/.stmcufinder/plugins/mcufinder//mcu/
2024-07-30 18:35:46,241 [WARN] DbFile:41 - Overriding database path with different value: /home/leandro/.stmcufinder/plugins/mcufinder/ => /home/leandro/.stmcufinder/plugins/mcufinder
2024-07-30 18:35:46,241 [INFO] DbMcusAds:125 - Set database path to: /home/leandro/.stmcufinder/plugins/mcufinder//mcu/
2024-07-30 18:35:46,241 [WARN] DbFile:41 - Overriding database path with different value: /home/leandro/.stmcufinder/plugins/mcufinder/ => /home/leandro/.stmcufinder/plugins/mcufinder
2024-07-30 18:35:46,241 [WARN] DbFile:41 - Overriding database path with different value: /home/leandro/.stmcufinder/plugins/mcufinder/ => /home/leandro/.stmcufinder/plugins/mcufinder
2024-07-30 18:35:46,241 [INFO] CrossReferenceDbSqlite:203 - Set database path to: /home/leandro/.stmcufinder/plugins/mcufinder//mcu/cs/
2024-07-30 18:35:46,601 [INFO] MainPanel:268 - HeapMemory: 268435456
2024-07-30 18:35:47,132 [INFO] DbMcusXml:78 - Set database path to: /opt/st/stm32cubeide_1.16.0/plugins/com.st.stm32cube.common.mx_6.12.0.202406281431//db//mcu/
2024-07-30 18:35:47,133 [INFO] ApiDb:274 - Set plugin database path to: /opt/st/stm32cubeide_1.16.0/plugins/com.st.stm32cube.common.mx_6.12.0.202406281431//db//plugins/boardmanager/
2024-07-30 18:35:47,133 [INFO] ApiDb:261 - Set plugin images path to: /opt/st/stm32cubeide_1.16.0/plugins/com.st.stm32cube.common.mx_6.12.0.202406281431//db//plugins/mcufinder/images/
2024-07-30 18:35:47,133 [WARN] DbFile:41 - Overriding database path with different value: /home/leandro/.stmcufinder/plugins/mcufinder/ => /home/leandro/.stmcufinder/plugins/mcufinder
2024-07-30 18:35:47,133 [INFO] ApiDb:250 - Set database path to: /home/leandro/.stmcufinder/plugins/mcufinder//mcu/
2024-07-30 18:35:47,133 [WARN] DbFile:41 - Overriding database path with different value: /home/leandro/.stmcufinder/plugins/mcufinder/ => /home/leandro/.stmcufinder/plugins/mcufinder
2024-07-30 18:35:47,133 [INFO] DbMcusAds:125 - Set database path to: /home/leandro/.stmcufinder/plugins/mcufinder//mcu/
2024-07-30 18:35:47,134 [WARN] DbFile:41 - Overriding database path with different value: /home/leandro/.stmcufinder/plugins/mcufinder/ => /home/leandro/.stmcufinder/plugins/mcufinder
2024-07-30 18:35:47,134 [WARN] DbFile:41 - Overriding database path with different value: /home/leandro/.stmcufinder/plugins/mcufinder/ => /home/leandro/.stmcufinder/plugins/mcufinder
2024-07-30 18:35:47,134 [INFO] CrossReferenceDbSqlite:203 - Set database path to: /home/leandro/.stmcufinder/plugins/mcufinder//mcu/cs/
2024-07-30 18:35:47,173 [INFO] ApplicationProperties:184 - Using Application install path: /opt/st/stm32cubeide_1.16.0/plugins/com.st.stm32cube.common.mx_6.12.0.202406281431
2024-07-30 18:35:47,175 [INFO] PluginManage:196 - Search for loadable plugins [exclusion list=, ]
2024-07-30 18:35:47,210 [INFO] PluginManage:310 - Check plugin analytics
2024-07-30 18:35:47,663 [INFO] AnalyticsPlugin:253 - Accepted Software Licenses: 
2024-07-30 18:35:47,663 [INFO] AnalyticsPlugin:255 - Accepted CMSIS Pack Licenses: 
2024-07-30 18:35:47,664 [INFO] AnalyticsPlugin:257 - Accepted Firmware Licenses: FW.F4.1.27.0
2024-07-30 18:35:47,670 [INFO] PluginManage:359 - Loaded plugin analytics (category:tool,tabindex:-1)
2024-07-30 18:35:47,671 [INFO] PluginManage:310 - Check plugin cadmodel
2024-07-30 18:35:47,674 [INFO] CADModel:105 - Init CAD model plugin
2024-07-30 18:35:47,674 [INFO] PluginManage:359 - Loaded plugin cadmodel (category:power,tabindex:5)
2024-07-30 18:35:47,675 [INFO] PluginManage:310 - Check plugin clock
2024-07-30 18:35:47,683 [INFO] PluginManage:359 - Loaded plugin clock (category:base,tabindex:2)
2024-07-30 18:35:47,684 [INFO] PluginManage:310 - Check plugin ddr
2024-07-30 18:35:47,686 [INFO] PluginManage:359 - Loaded plugin ddr (category:tool,tabindex:6)
2024-07-30 18:35:47,686 [INFO] PluginManage:310 - Check plugin filemanager
2024-07-30 18:35:47,876 [INFO] PluginManage:359 - Loaded plugin filemanager (category:base,tabindex:10)
2024-07-30 18:35:47,876 [INFO] PluginManage:310 - Check plugin ipmanager
2024-07-30 18:35:47,907 [INFO] PluginManage:359 - Loaded plugin ipmanager (category:base,tabindex:5)
2024-07-30 18:35:47,907 [INFO] PluginManage:310 - Check plugin lpbam
2024-07-30 18:35:47,945 [INFO] PluginManage:359 - Loaded plugin lpbam (category:base,tabindex:0)
2024-07-30 18:35:47,946 [INFO] PluginManage:310 - Check plugin memorymap
2024-07-30 18:35:48,032 [INFO] PluginManage:359 - Loaded plugin memorymap (category:base,tabindex:4)
2024-07-30 18:35:48,032 [INFO] PluginManage:310 - Check plugin pinoutandconfiguration
2024-07-30 18:35:48,069 [INFO] PluginManage:359 - Loaded plugin pinoutandconfiguration (category:base,tabindex:1)
2024-07-30 18:35:48,070 [INFO] PluginManage:310 - Check plugin pinoutconfig
2024-07-30 18:35:48,300 [WARN] SupportedApi:132 - Cannot load RTOS API schema: s4s-elt-must-match.1: The content of 'definitions' must match (annotation?, (simpleType | complexType)?, (unique | key | keyref)*)). A problem was found starting at: attribute.
2024-07-30 18:35:48,509 [INFO] PluginManage:359 - Loaded plugin pinoutconfig (category:base,tabindex:0)
2024-07-30 18:35:48,510 [INFO] PluginManage:310 - Check plugin power
2024-07-30 18:35:48,539 [INFO] PluginManage:359 - Loaded plugin power (category:power,tabindex:4)
2024-07-30 18:35:48,540 [INFO] PluginManage:310 - Check plugin projectmanager
2024-07-30 18:35:48,587 [INFO] PluginManage:359 - Loaded plugin projectmanager (category:projectmanager,tabindex:4)
2024-07-30 18:35:48,587 [INFO] PluginManage:310 - Check plugin rif
2024-07-30 18:35:48,650 [INFO] PluginManage:359 - Loaded plugin rif (category:base,tabindex:3)
2024-07-30 18:35:48,650 [INFO] PluginManage:310 - Check plugin thirdparty
2024-07-30 18:35:48,931 [INFO] PluginManage:359 - Loaded plugin thirdparty (category:base,tabindex:-1)
2024-07-30 18:35:48,931 [INFO] PluginManage:310 - Check plugin tools
2024-07-30 18:35:48,931 [WARN] IntegrityCheckThread:84 - waiting for thirdparty lock release [integrity check]
2024-07-30 18:35:48,932 [INFO] IntegrityCheckThread:86 - entering critical section [integrity check]
2024-07-30 18:35:48,932 [INFO] ThirdPartyUpdaterWithRetryManager:70 - Updater plugin not ready yet. [1/15]
2024-07-30 18:35:48,962 [INFO] PluginManage:359 - Loaded plugin tools (category:base,tabindex:7)
2024-07-30 18:35:48,962 [INFO] PluginManage:310 - Check plugin tutovideos
2024-07-30 18:35:49,214 [INFO] PluginManage:359 - Loaded plugin tutovideos (category:base,tabindex:-1)
2024-07-30 18:35:49,214 [INFO] PluginManage:310 - Check plugin updater
2024-07-30 18:35:49,270 [INFO] PluginManage:359 - Loaded plugin updater (category:base,tabindex:12)
2024-07-30 18:35:49,270 [INFO] PluginManage:310 - Check plugin userauth
2024-07-30 18:35:49,312 [INFO] UserAuth:113 - Init User Auth plugin
2024-07-30 18:35:49,312 [INFO] PluginManage:359 - Loaded plugin userauth (category:base,tabindex:14)
2024-07-30 18:35:49,313 [INFO] PluginManage:283 - PluginManage : Loaded plugins [18]
2024-07-30 18:35:50,009 [INFO] PinOutPanel:1561 - setPackage(No Configuration,No Configuration)
2024-07-30 18:35:50,186 [INFO] CADModel:165 - CPN selected for project level
2024-07-30 18:35:50,186 [INFO] CADModel:114 - Register for checkConnection events
2024-07-30 18:35:50,287 [INFO] IPUIPlugin:80 - create IPUIPlugin
2024-07-30 18:35:50,287 [INFO] PluginManager:220 - loadIPPluginJar : add ddr_ctrl_phy
2024-07-30 18:35:50,311 [INFO] IPUIPlugin:80 - create IPUIPlugin
2024-07-30 18:35:50,311 [INFO] PluginManager:220 - loadIPPluginJar : add tim
2024-07-30 18:35:50,322 [INFO] IPUIPlugin:80 - create IPUIPlugin
2024-07-30 18:35:50,322 [INFO] PluginManager:220 - loadIPPluginJar : add openamp
2024-07-30 18:35:50,325 [INFO] IPUIPlugin:80 - create IPUIPlugin
2024-07-30 18:35:50,326 [INFO] PluginManager:220 - loadIPPluginJar : add pdm2pcm
2024-07-30 18:35:50,358 [INFO] IPUIPlugin:80 - create IPUIPlugin
2024-07-30 18:35:50,358 [INFO] PluginManager:220 - loadIPPluginJar : add resmgrutility
2024-07-30 18:35:50,386 [INFO] IPUIPlugin:80 - create IPUIPlugin
2024-07-30 18:35:50,387 [INFO] PluginManager:220 - loadIPPluginJar : add mdma
2024-07-30 18:35:50,390 [INFO] IPUIPlugin:80 - create IPUIPlugin
2024-07-30 18:35:50,390 [INFO] PluginManager:220 - loadIPPluginJar : add tsc
2024-07-30 18:35:50,403 [INFO] IPUIPlugin:80 - create IPUIPlugin
2024-07-30 18:35:50,404 [INFO] PluginManager:220 - loadIPPluginJar : add genericplugin
2024-07-30 18:35:50,406 [INFO] IPUIPlugin:80 - create IPUIPlugin
2024-07-30 18:35:50,407 [INFO] PluginManager:220 - loadIPPluginJar : add radio
2024-07-30 18:35:50,414 [INFO] IPUIPlugin:80 - create IPUIPlugin
2024-07-30 18:35:50,414 [INFO] PluginManager:220 - loadIPPluginJar : add comp
2024-07-30 18:35:50,417 [INFO] IPUIPlugin:80 - create IPUIPlugin
2024-07-30 18:35:50,418 [INFO] PluginManager:220 - loadIPPluginJar : add quadspi
2024-07-30 18:35:50,422 [INFO] IPUIPlugin:80 - create IPUIPlugin
2024-07-30 18:35:50,423 [INFO] PluginManager:220 - loadIPPluginJar : add extmemmanager
2024-07-30 18:35:50,427 [INFO] IPUIPlugin:80 - create IPUIPlugin
2024-07-30 18:35:50,427 [INFO] PluginManager:220 - loadIPPluginJar : add hash
2024-07-30 18:35:50,431 [INFO] IPUIPlugin:80 - create IPUIPlugin
2024-07-30 18:35:50,432 [INFO] PluginManager:220 - loadIPPluginJar : add sai
2024-07-30 18:35:50,436 [INFO] IPUIPlugin:80 - create IPUIPlugin
2024-07-30 18:35:50,437 [INFO] PluginManager:220 - loadIPPluginJar : add touchsensing
2024-07-30 18:35:50,439 [INFO] IPUIPlugin:80 - create IPUIPlugin
2024-07-30 18:35:50,440 [INFO] PluginManager:220 - loadIPPluginJar : add gfxmmu
2024-07-30 18:35:50,443 [INFO] IPUIPlugin:80 - create IPUIPlugin
2024-07-30 18:35:50,443 [INFO] PluginManager:220 - loadIPPluginJar : add i2c
2024-07-30 18:35:50,448 [INFO] IPUIPlugin:80 - create IPUIPlugin
2024-07-30 18:35:50,449 [INFO] PluginManager:220 - loadIPPluginJar : add adc
2024-07-30 18:35:50,452 [INFO] IPUIPlugin:80 - create IPUIPlugin
2024-07-30 18:35:50,453 [INFO] PluginManager:220 - loadIPPluginJar : add gpio
2024-07-30 18:35:50,457 [INFO] IPUIPlugin:80 - create IPUIPlugin
2024-07-30 18:35:50,457 [INFO] PluginManager:220 - loadIPPluginJar : add fmc
2024-07-30 18:35:50,459 [INFO] IPUIPlugin:80 - create IPUIPlugin
2024-07-30 18:35:50,460 [INFO] PluginManager:220 - loadIPPluginJar : add can
2024-07-30 18:35:50,463 [INFO] IPUIPlugin:80 - create IPUIPlugin
2024-07-30 18:35:50,463 [INFO] PluginManager:220 - loadIPPluginJar : add gtzc
2024-07-30 18:35:50,466 [INFO] IPUIPlugin:80 - create IPUIPlugin
2024-07-30 18:35:50,466 [INFO] PluginManager:220 - loadIPPluginJar : add aes
2024-07-30 18:35:50,469 [INFO] IPUIPlugin:80 - create IPUIPlugin
2024-07-30 18:35:50,469 [INFO] PluginManager:220 - loadIPPluginJar : add usart
2024-07-30 18:35:50,472 [INFO] IPUIPlugin:80 - create IPUIPlugin
2024-07-30 18:35:50,472 [INFO] PluginManager:220 - loadIPPluginJar : add ts
2024-07-30 18:35:50,473 [INFO] IPUIPlugin:80 - create IPUIPlugin
2024-07-30 18:35:50,474 [INFO] PluginManager:220 - loadIPPluginJar : add ltdc
2024-07-30 18:35:50,476 [INFO] IPUIPlugin:80 - create IPUIPlugin
2024-07-30 18:35:50,476 [INFO] PluginManager:220 - loadIPPluginJar : add tracer_emb
2024-07-30 18:35:50,478 [INFO] IPUIPlugin:80 - create IPUIPlugin
2024-07-30 18:35:50,479 [INFO] PluginManager:220 - loadIPPluginJar : add i3c
2024-07-30 18:35:50,481 [INFO] IPUIPlugin:80 - create IPUIPlugin
2024-07-30 18:35:50,481 [INFO] PluginManager:220 - loadIPPluginJar : add lorawan
2024-07-30 18:35:50,487 [INFO] IPUIPlugin:80 - create IPUIPlugin
2024-07-30 18:35:50,488 [INFO] PluginManager:220 - loadIPPluginJar : add stm32_wpan
2024-07-30 18:35:50,505 [INFO] IPUIPlugin:80 - create IPUIPlugin
2024-07-30 18:35:50,507 [INFO] PluginManager:220 - loadIPPluginJar : add plateformsettings
2024-07-30 18:35:50,512 [INFO] IPUIPlugin:80 - create IPUIPlugin
2024-07-30 18:35:50,512 [INFO] PluginManager:220 - loadIPPluginJar : add linkedlist
2024-07-30 18:35:50,516 [INFO] IPUIPlugin:80 - create IPUIPlugin
2024-07-30 18:35:50,516 [INFO] PluginManager:220 - loadIPPluginJar : add gic
2024-07-30 18:35:50,518 [INFO] IPUIPlugin:80 - create IPUIPlugin
2024-07-30 18:35:50,518 [INFO] PluginManager:220 - loadIPPluginJar : add ipddr
2024-07-30 18:35:50,521 [INFO] IPUIPlugin:80 - create IPUIPlugin
2024-07-30 18:35:50,521 [INFO] PluginManager:220 - loadIPPluginJar : add dfsdm
2024-07-30 18:35:50,522 [INFO] IPUIPlugin:80 - create IPUIPlugin
2024-07-30 18:35:50,523 [INFO] PluginManager:220 - loadIPPluginJar : add ucpd
2024-07-30 18:35:50,525 [INFO] IPUIPlugin:80 - create IPUIPlugin
2024-07-30 18:35:50,526 [INFO] PluginManager:220 - loadIPPluginJar : add opamp
2024-07-30 18:35:50,527 [INFO] IPUIPlugin:80 - create IPUIPlugin
2024-07-30 18:35:50,528 [INFO] PluginManager:220 - loadIPPluginJar : add i2s
2024-07-30 18:35:50,531 [INFO] IPUIPlugin:80 - create IPUIPlugin
2024-07-30 18:35:50,532 [INFO] PluginManager:220 - loadIPPluginJar : add freertos
2024-07-30 18:35:50,535 [INFO] IPUIPlugin:80 - create IPUIPlugin
2024-07-30 18:35:50,535 [INFO] PluginManager:220 - loadIPPluginJar : add nvic
2024-07-30 18:35:50,537 [INFO] IPUIPlugin:80 - create IPUIPlugin
2024-07-30 18:35:50,537 [INFO] PluginManager:220 - loadIPPluginJar : add usbx
2024-07-30 18:35:50,539 [INFO] IPUIPlugin:80 - create IPUIPlugin
2024-07-30 18:35:50,539 [INFO] PluginManager:220 - loadIPPluginJar : add dma3
2024-07-30 18:35:50,541 [INFO] IPUIPlugin:80 - create IPUIPlugin
2024-07-30 18:35:50,541 [INFO] PluginManager:220 - loadIPPluginJar : add spi
2024-07-30 18:35:50,543 [INFO] IPUIPlugin:80 - create IPUIPlugin
2024-07-30 18:35:50,543 [INFO] PluginManager:220 - loadIPPluginJar : add cryp
2024-07-30 18:35:50,620 [INFO] IPUIPlugin:80 - create IPUIPlugin
2024-07-30 18:35:50,620 [INFO] PluginManager:220 - loadIPPluginJar : add dma
2024-07-30 18:35:50,622 [INFO] IPUIPlugin:80 - create IPUIPlugin
2024-07-30 18:35:50,622 [INFO] PluginManager:220 - loadIPPluginJar : add fatfs
2024-07-30 18:35:50,767 [INFO] CADModel:165 - CPN selected for project level
2024-07-30 18:35:50,768 [INFO] CADModel:114 - Register for checkConnection events
2024-07-30 18:35:50,768 [FATAL] Updater:334 - Updater called before beeing initialized
2024-07-30 18:35:50,768 [ERROR] CADModel:125 - Updater not yet initialized, retry later 
2024-07-30 18:35:50,944 [INFO] CADModel:165 - CPN selected for project level
2024-07-30 18:35:50,944 [INFO] CADModel:114 - Register for checkConnection events
2024-07-30 18:35:50,945 [FATAL] Updater:334 - Updater called before beeing initialized
2024-07-30 18:35:50,945 [ERROR] CADModel:125 - Updater not yet initialized, retry later 
2024-07-30 18:35:50,948 [FATAL] Updater:334 - Updater called before beeing initialized
2024-07-30 18:35:51,056 [FATAL] Updater:334 - Updater called before beeing initialized
2024-07-30 18:35:51,075 [INFO] DbMcusAds:53 - JSON generation date=Thu Sep 30 03:55:09 BRT 2021 (1632984909247)
2024-07-30 18:35:51,075 [FATAL] Updater:334 - Updater called before beeing initialized
2024-07-30 18:35:51,122 [WARN] DetailPanel:346 - Failed to get advertising image, set to default
2024-07-30 18:35:51,220 [FATAL] Updater:334 - Updater called before beeing initialized
2024-07-30 18:35:51,221 [FATAL] Updater:334 - Updater called before beeing initialized
2024-07-30 18:35:51,222 [FATAL] Updater:334 - Updater called before beeing initialized
2024-07-30 18:35:51,222 [WARN] DetailPanel:346 - Failed to get advertising image, set to default
2024-07-30 18:35:51,223 [FATAL] Updater:334 - Updater called before beeing initialized
2024-07-30 18:35:51,303 [ERROR] Updater:1164 - MainUpdater not yet initialized. External WinMGr cannot be set.
2024-07-30 18:35:51,323 [INFO] Updater:1100 - Updater Version found : 6.12.0
2024-07-30 18:35:51,354 [INFO] ApplicationProperties:184 - Using Application install path: /opt/st/stm32cubeide_1.16.0/plugins/com.st.stm32cube.common.mx_6.12.0.202406281431
2024-07-30 18:35:51,368 [ERROR] LogOutputStream:75 - [STDERR_REDIRECT] Jul 30, 2024 6:35:51 PM java.util.prefs.FileSystemPreferences$2 run
2024-07-30 18:35:51,369 [ERROR] LogOutputStream:75 - [STDERR_REDIRECT] WARNING: Could not create system preferences directory. System preferences are unusable.
2024-07-30 18:35:51,369 [ERROR] LogOutputStream:75 - [STDERR_REDIRECT] 
2024-07-30 18:35:51,892 [INFO] MainUpdater:2873 - connection check result : 10
2024-07-30 18:35:51,893 [INFO] MainUpdater:290 - Updater Check For Update Now.
2024-07-30 18:35:51,893 [INFO] MicroXplorer:498 - Change Database Version : DB.6.0.120
2024-07-30 18:35:51,899 [INFO] McuFinderGlobals:63 - Set McuFinder mode to 2 (CubeIDE integrated)
2024-07-30 18:35:51,933 [WARN] MainUpdater:1194 - Updater busy. Cannot search thirdparties
2024-07-30 18:35:51,933 [INFO] ThirdPartyUpdaterWithRetryManager:96 - Updater plugin is busy. [1/15]
2024-07-30 18:35:51,940 [INFO] UserAuth:417 - Internet connection configuration mode: 1
2024-07-30 18:35:51,962 [INFO] JxBrowserEngine:152 - Initiate JxBrowser Engine with user profile folder
2024-07-30 18:35:52,117 [INFO] CheckServerUpdateThread:120 - End of CheckServer Thread
2024-07-30 18:35:54,545 [INFO] WebApp:167 - Instantiating new browser for Auth
2024-07-30 18:35:57,431 [WARN] PackLoader:240 - Cannot read IP mode file for STMicroelectronics.FP-SNS-MOTENVWB1.1.4.0
2024-07-30 18:35:57,476 [WARN] PackLoader:240 - Cannot read IP mode file for STMicroelectronics.X-CUBE-SMBUS.2.1.0
2024-07-30 18:35:57,480 [WARN] PackLoader:240 - Cannot read IP mode file for STMicroelectronics.FP-SNS-FLIGHT1.5.0.2
2024-07-30 18:35:57,497 [WARN] PackLoader:240 - Cannot read IP mode file for STMicroelectronics.X-CUBE-DISPLAY.3.0.0
2024-07-30 18:35:57,521 [WARN] PackLoader:240 - Cannot read IP mode file for STMicroelectronics.X-CUBE-BLE1.7.0.0
2024-07-30 18:35:57,551 [WARN] PackLoader:240 - Cannot read IP mode file for STMicroelectronics.X-CUBE-BLEMGR.3.1.0
2024-07-30 18:35:57,570 [WARN] PackLoader:240 - Cannot read IP mode file for STMicroelectronics.FP-SNS-SMARTAG2.1.2.0
2024-07-30 18:35:57,579 [WARN] PackLoader:240 - Cannot read IP mode file for STMicroelectronics.FP-SNS-MOTENV1.5.0.0
2024-07-30 18:35:57,684 [WARN] PackLoader:240 - Cannot read IP mode file for STMicroelectronics.X-CUBE-BLE2.3.3.0
2024-07-30 18:35:57,728 [WARN] PackLoader:240 - Cannot read IP mode file for STMicroelectronics.X-CUBE-SAFEA1.1.2.2
2024-07-30 18:35:57,738 [WARN] PackLoader:240 - Cannot read IP mode file for STMicroelectronics.X-CUBE-NFC4.3.0.0
2024-07-30 18:35:57,746 [WARN] PackLoader:240 - Cannot read IP mode file for STMicroelectronics.FP-ATR-SIGFOX1.3.2.0
2024-07-30 18:35:57,756 [WARN] PackLoader:240 - Cannot read IP mode file for STMicroelectronics.X-CUBE-EEPRMA1.5.1.0
2024-07-30 18:35:57,768 [WARN] PackLoader:240 - Cannot read IP mode file for STMicroelectronics.X-CUBE-GNSS1.6.0.0
2024-07-30 18:35:57,778 [WARN] PackLoader:240 - Cannot read IP mode file for STMicroelectronics.X-CUBE-FREERTOS.1.2.0
2024-07-30 18:35:57,809 [WARN] PackLoader:240 - Cannot read IP mode file for STMicroelectronics.X-CUBE-NFC6.3.1.0
2024-07-30 18:35:57,819 [WARN] PackLoader:240 - Cannot read IP mode file for STMicroelectronics.X-CUBE-AI.9.0.0
2024-07-30 18:35:57,827 [WARN] PackLoader:240 - Cannot read IP mode file for STMicroelectronics.X-CUBE-NFC7.1.0.1
2024-07-30 18:35:57,844 [WARN] PackLoader:240 - Cannot read IP mode file for STMicroelectronics.X-CUBE-SFXS2LP1.4.0.0
2024-07-30 18:35:57,866 [WARN] PackLoader:240 - Cannot read IP mode file for STMicroelectronics.X-CUBE-SUBG2.5.0.0
2024-07-30 18:35:57,884 [WARN] PackLoader:240 - Cannot read IP mode file for STMicroelectronics.X-CUBE-ISPU.2.0.0
2024-07-30 18:35:57,890 [WARN] PackLoader:240 - Cannot read IP mode file for STMicroelectronics.X-CUBE-ALS.1.0.2
2024-07-30 18:35:58,049 [WARN] PackLoader:240 - Cannot read IP mode file for STMicroelectronics.X-CUBE-MEMS1.10.0.0
2024-07-30 18:35:58,350 [WARN] PackLoader:240 - Cannot read IP mode file for STMicroelectronics.FP-ATR-ASTRA1.2.0.0
2024-07-30 18:35:58,352 [INFO] ThirdParty:978 - Integrity check success = true
2024-07-30 18:35:58,352 [INFO] IntegrityCheckThread:100 - exiting critical section [integrity check]
2024-07-30 18:35:58,352 [INFO] IntegrityCheckThread:103 - End integrity checks thread
2024-07-30 18:36:04,890 [ERROR] LogOutputStream:75 - [STDERR_REDIRECT] Jul 30, 2024 6:36:04 PM java.util.prefs.FileSystemPreferences checkLockFile0ErrorCode
2024-07-30 18:36:04,892 [ERROR] LogOutputStream:75 - [STDERR_REDIRECT] WARNING: Could not lock System prefs. Unix error code 2.
2024-07-30 18:36:04,892 [ERROR] LogOutputStream:75 - [STDERR_REDIRECT] 
2024-07-30 18:36:04,893 [ERROR] LogOutputStream:75 - [STDERR_REDIRECT] Jul 30, 2024 6:36:04 PM java.util.prefs.FileSystemPreferences syncWorld
2024-07-30 18:36:04,893 [ERROR] LogOutputStream:75 - [STDERR_REDIRECT] WARNING: Couldn't flush system prefs: java.util.prefs.BackingStoreException: Couldn't get file lock.
2024-07-30 18:36:04,893 [ERROR] LogOutputStream:75 - [STDERR_REDIRECT] 
2024-07-30 18:36:06,818 [INFO] WebApp:448 - Apply proxy settings
2024-07-30 18:36:06,819 [INFO] WebApp:533 - Chromium requires no authentication
2024-07-30 18:36:06,825 [INFO] WebApp:476 - Direct internet connection detected
2024-07-30 18:36:06,846 [INFO] WebApp:869 - Register for checkConnection events
2024-07-30 18:36:06,846 [INFO] WebApp:448 - Apply proxy settings
2024-07-30 18:36:06,846 [INFO] WebApp:533 - Chromium requires no authentication
2024-07-30 18:36:06,847 [INFO] WebApp:476 - Direct internet connection detected
2024-07-30 18:36:07,006 [INFO] WebApp:220 - Starting web application
2024-07-30 18:36:07,006 [INFO] WebApp:578 - Web application path used /opt/st/stm32cubeide_1.16.0/plugins/com.st.stm32cube.common.mx_6.12.0.202406281431/db/plugins/mcufinder/reactClient1/index.html
2024-07-30 18:36:07,362 [INFO] UserAuth:417 - Internet connection configuration mode: 1
2024-07-30 18:36:09,246 [INFO] WebApp:186 - Connection restablished
2024-07-30 18:36:34,877 [ERROR] LogOutputStream:75 - [STDERR_REDIRECT] Jul 30, 2024 6:36:34 PM java.util.prefs.FileSystemPreferences checkLockFile0ErrorCode
2024-07-30 18:36:34,877 [ERROR] LogOutputStream:75 - [STDERR_REDIRECT] WARNING: Could not lock System prefs. Unix error code 2.
2024-07-30 18:36:34,878 [ERROR] LogOutputStream:75 - [STDERR_REDIRECT] 
2024-07-30 18:36:34,878 [ERROR] LogOutputStream:75 - [STDERR_REDIRECT] Jul 30, 2024 6:36:34 PM java.util.prefs.FileSystemPreferences syncWorld
2024-07-30 18:36:34,879 [ERROR] LogOutputStream:75 - [STDERR_REDIRECT] WARNING: Couldn't flush system prefs: java.util.prefs.BackingStoreException: Couldn't get file lock.
2024-07-30 18:36:34,880 [ERROR] LogOutputStream:75 - [STDERR_REDIRECT] 
2024-07-30 18:37:04,877 [ERROR] LogOutputStream:75 - [STDERR_REDIRECT] Jul 30, 2024 6:37:04 PM java.util.prefs.FileSystemPreferences checkLockFile0ErrorCode
2024-07-30 18:37:04,877 [ERROR] LogOutputStream:75 - [STDERR_REDIRECT] WARNING: Could not lock System prefs. Unix error code 2.
2024-07-30 18:37:04,877 [ERROR] LogOutputStream:75 - [STDERR_REDIRECT] 
2024-07-30 18:37:04,877 [ERROR] LogOutputStream:75 - [STDERR_REDIRECT] Jul 30, 2024 6:37:04 PM java.util.prefs.FileSystemPreferences syncWorld
2024-07-30 18:37:04,877 [ERROR] LogOutputStream:75 - [STDERR_REDIRECT] WARNING: Couldn't flush system prefs: java.util.prefs.BackingStoreException: Couldn't get file lock.
2024-07-30 18:37:04,878 [ERROR] LogOutputStream:75 - [STDERR_REDIRECT] 
2024-07-30 18:37:34,877 [ERROR] LogOutputStream:75 - [STDERR_REDIRECT] Jul 30, 2024 6:37:34 PM java.util.prefs.FileSystemPreferences checkLockFile0ErrorCode
2024-07-30 18:37:34,877 [ERROR] LogOutputStream:75 - [STDERR_REDIRECT] WARNING: Could not lock System prefs. Unix error code 2.
2024-07-30 18:37:34,877 [ERROR] LogOutputStream:75 - [STDERR_REDIRECT] 
2024-07-30 18:37:34,878 [ERROR] LogOutputStream:75 - [STDERR_REDIRECT] Jul 30, 2024 6:37:34 PM java.util.prefs.FileSystemPreferences syncWorld
2024-07-30 18:37:34,878 [ERROR] LogOutputStream:75 - [STDERR_REDIRECT] WARNING: Couldn't flush system prefs: java.util.prefs.BackingStoreException: Couldn't get file lock.
2024-07-30 18:37:34,878 [ERROR] LogOutputStream:75 - [STDERR_REDIRECT] 
2024-07-30 18:38:04,878 [ERROR] LogOutputStream:75 - [STDERR_REDIRECT] Jul 30, 2024 6:38:04 PM java.util.prefs.FileSystemPreferences checkLockFile0ErrorCode
2024-07-30 18:38:04,878 [ERROR] LogOutputStream:75 - [STDERR_REDIRECT] WARNING: Could not lock System prefs. Unix error code 2.
2024-07-30 18:38:04,878 [ERROR] LogOutputStream:75 - [STDERR_REDIRECT] 
2024-07-30 18:38:04,879 [ERROR] LogOutputStream:75 - [STDERR_REDIRECT] Jul 30, 2024 6:38:04 PM java.util.prefs.FileSystemPreferences syncWorld
2024-07-30 18:38:04,879 [ERROR] LogOutputStream:75 - [STDERR_REDIRECT] WARNING: Couldn't flush system prefs: java.util.prefs.BackingStoreException: Couldn't get file lock.
2024-07-30 18:38:04,879 [ERROR] LogOutputStream:75 - [STDERR_REDIRECT] 
2024-07-30 18:38:34,879 [ERROR] LogOutputStream:75 - [STDERR_REDIRECT] Jul 30, 2024 6:38:34 PM java.util.prefs.FileSystemPreferences checkLockFile0ErrorCode
2024-07-30 18:38:34,880 [ERROR] LogOutputStream:75 - [STDERR_REDIRECT] WARNING: Could not lock System prefs. Unix error code 2.
2024-07-30 18:38:34,880 [ERROR] LogOutputStream:75 - [STDERR_REDIRECT] 
2024-07-30 18:38:34,882 [ERROR] LogOutputStream:75 - [STDERR_REDIRECT] Jul 30, 2024 6:38:34 PM java.util.prefs.FileSystemPreferences syncWorld
2024-07-30 18:38:34,883 [ERROR] LogOutputStream:75 - [STDERR_REDIRECT] WARNING: Couldn't flush system prefs: java.util.prefs.BackingStoreException: Couldn't get file lock.
2024-07-30 18:38:34,883 [ERROR] LogOutputStream:75 - [STDERR_REDIRECT] 
2024-07-30 18:39:04,878 [ERROR] LogOutputStream:75 - [STDERR_REDIRECT] Jul 30, 2024 6:39:04 PM java.util.prefs.FileSystemPreferences checkLockFile0ErrorCode
2024-07-30 18:39:04,879 [ERROR] LogOutputStream:75 - [STDERR_REDIRECT] WARNING: Could not lock System prefs. Unix error code 2.
2024-07-30 18:39:04,880 [ERROR] LogOutputStream:75 - [STDERR_REDIRECT] 
2024-07-30 18:39:04,883 [ERROR] LogOutputStream:75 - [STDERR_REDIRECT] Jul 30, 2024 6:39:04 PM java.util.prefs.FileSystemPreferences syncWorld
2024-07-30 18:39:04,885 [ERROR] LogOutputStream:75 - [STDERR_REDIRECT] WARNING: Couldn't flush system prefs: java.util.prefs.BackingStoreException: Couldn't get file lock.
2024-07-30 18:39:04,886 [ERROR] LogOutputStream:75 - [STDERR_REDIRECT] 
2024-07-30 18:39:34,879 [ERROR] LogOutputStream:75 - [STDERR_REDIRECT] Jul 30, 2024 6:39:34 PM java.util.prefs.FileSystemPreferences checkLockFile0ErrorCode
2024-07-30 18:39:34,880 [ERROR] LogOutputStream:75 - [STDERR_REDIRECT] WARNING: Could not lock System prefs. Unix error code 2.
2024-07-30 18:39:34,881 [ERROR] LogOutputStream:75 - [STDERR_REDIRECT] 
2024-07-30 18:39:34,885 [ERROR] LogOutputStream:75 - [STDERR_REDIRECT] Jul 30, 2024 6:39:34 PM java.util.prefs.FileSystemPreferences syncWorld
2024-07-30 18:39:34,887 [ERROR] LogOutputStream:75 - [STDERR_REDIRECT] WARNING: Couldn't flush system prefs: java.util.prefs.BackingStoreException: Couldn't get file lock.
2024-07-30 18:39:34,887 [ERROR] LogOutputStream:75 - [STDERR_REDIRECT] 
2024-07-30 18:40:04,879 [ERROR] LogOutputStream:75 - [STDERR_REDIRECT] Jul 30, 2024 6:40:04 PM java.util.prefs.FileSystemPreferences checkLockFile0ErrorCode
2024-07-30 18:40:04,879 [ERROR] LogOutputStream:75 - [STDERR_REDIRECT] WARNING: Could not lock System prefs. Unix error code 2.
2024-07-30 18:40:04,880 [ERROR] LogOutputStream:75 - [STDERR_REDIRECT] 
2024-07-30 18:40:04,883 [ERROR] LogOutputStream:75 - [STDERR_REDIRECT] Jul 30, 2024 6:40:04 PM java.util.prefs.FileSystemPreferences syncWorld
2024-07-30 18:40:04,883 [ERROR] LogOutputStream:75 - [STDERR_REDIRECT] WARNING: Couldn't flush system prefs: java.util.prefs.BackingStoreException: Couldn't get file lock.
2024-07-30 18:40:04,884 [ERROR] LogOutputStream:75 - [STDERR_REDIRECT] 
2024-07-30 18:40:34,878 [ERROR] LogOutputStream:75 - [STDERR_REDIRECT] Jul 30, 2024 6:40:34 PM java.util.prefs.FileSystemPreferences checkLockFile0ErrorCode
2024-07-30 18:40:34,879 [ERROR] LogOutputStream:75 - [STDERR_REDIRECT] WARNING: Could not lock System prefs. Unix error code 2.
2024-07-30 18:40:34,879 [ERROR] LogOutputStream:75 - [STDERR_REDIRECT] 
2024-07-30 18:40:34,880 [ERROR] LogOutputStream:75 - [STDERR_REDIRECT] Jul 30, 2024 6:40:34 PM java.util.prefs.FileSystemPreferences syncWorld
2024-07-30 18:40:34,880 [ERROR] LogOutputStream:75 - [STDERR_REDIRECT] WARNING: Couldn't flush system prefs: java.util.prefs.BackingStoreException: Couldn't get file lock.
2024-07-30 18:40:34,880 [ERROR] LogOutputStream:75 - [STDERR_REDIRECT] 
2024-07-30 18:41:04,879 [ERROR] LogOutputStream:75 - [STDERR_REDIRECT] Jul 30, 2024 6:41:04 PM java.util.prefs.FileSystemPreferences checkLockFile0ErrorCode
2024-07-30 18:41:04,880 [ERROR] LogOutputStream:75 - [STDERR_REDIRECT] WARNING: Could not lock System prefs. Unix error code 2.
2024-07-30 18:41:04,880 [ERROR] LogOutputStream:75 - [STDERR_REDIRECT] 
2024-07-30 18:41:04,882 [ERROR] LogOutputStream:75 - [STDERR_REDIRECT] Jul 30, 2024 6:41:04 PM java.util.prefs.FileSystemPreferences syncWorld
2024-07-30 18:41:04,882 [ERROR] LogOutputStream:75 - [STDERR_REDIRECT] WARNING: Couldn't flush system prefs: java.util.prefs.BackingStoreException: Couldn't get file lock.
2024-07-30 18:41:04,883 [ERROR] LogOutputStream:75 - [STDERR_REDIRECT] 
2024-07-30 18:41:34,881 [ERROR] LogOutputStream:75 - [STDERR_REDIRECT] Jul 30, 2024 6:41:34 PM java.util.prefs.FileSystemPreferences checkLockFile0ErrorCode
2024-07-30 18:41:34,881 [ERROR] LogOutputStream:75 - [STDERR_REDIRECT] WARNING: Could not lock System prefs. Unix error code 2.
2024-07-30 18:41:34,882 [ERROR] LogOutputStream:75 - [STDERR_REDIRECT] 
2024-07-30 18:41:34,884 [ERROR] LogOutputStream:75 - [STDERR_REDIRECT] Jul 30, 2024 6:41:34 PM java.util.prefs.FileSystemPreferences syncWorld
2024-07-30 18:41:34,885 [ERROR] LogOutputStream:75 - [STDERR_REDIRECT] WARNING: Couldn't flush system prefs: java.util.prefs.BackingStoreException: Couldn't get file lock.
2024-07-30 18:41:34,885 [ERROR] LogOutputStream:75 - [STDERR_REDIRECT] 
2024-07-30 18:42:04,881 [ERROR] LogOutputStream:75 - [STDERR_REDIRECT] Jul 30, 2024 6:42:04 PM java.util.prefs.FileSystemPreferences checkLockFile0ErrorCode
2024-07-30 18:42:04,882 [ERROR] LogOutputStream:75 - [STDERR_REDIRECT] WARNING: Could not lock System prefs. Unix error code 2.
2024-07-30 18:42:04,882 [ERROR] LogOutputStream:75 - [STDERR_REDIRECT] 
2024-07-30 18:42:04,886 [ERROR] LogOutputStream:75 - [STDERR_REDIRECT] Jul 30, 2024 6:42:04 PM java.util.prefs.FileSystemPreferences syncWorld
2024-07-30 18:42:04,887 [ERROR] LogOutputStream:75 - [STDERR_REDIRECT] WARNING: Couldn't flush system prefs: java.util.prefs.BackingStoreException: Couldn't get file lock.
2024-07-30 18:42:04,887 [ERROR] LogOutputStream:75 - [STDERR_REDIRECT] 
2024-07-30 18:42:34,880 [ERROR] LogOutputStream:75 - [STDERR_REDIRECT] Jul 30, 2024 6:42:34 PM java.util.prefs.FileSystemPreferences checkLockFile0ErrorCode
2024-07-30 18:42:34,881 [ERROR] LogOutputStream:75 - [STDERR_REDIRECT] WARNING: Could not lock System prefs. Unix error code 2.
2024-07-30 18:42:34,882 [ERROR] LogOutputStream:75 - [STDERR_REDIRECT] 
2024-07-30 18:42:34,883 [ERROR] LogOutputStream:75 - [STDERR_REDIRECT] Jul 30, 2024 6:42:34 PM java.util.prefs.FileSystemPreferences syncWorld
2024-07-30 18:42:34,883 [ERROR] LogOutputStream:75 - [STDERR_REDIRECT] WARNING: Couldn't flush system prefs: java.util.prefs.BackingStoreException: Couldn't get file lock.
2024-07-30 18:42:34,883 [ERROR] LogOutputStream:75 - [STDERR_REDIRECT] 
2024-07-30 18:43:04,881 [ERROR] LogOutputStream:75 - [STDERR_REDIRECT] Jul 30, 2024 6:43:04 PM java.util.prefs.FileSystemPreferences checkLockFile0ErrorCode
2024-07-30 18:43:04,882 [ERROR] LogOutputStream:75 - [STDERR_REDIRECT] WARNING: Could not lock System prefs. Unix error code 2.
2024-07-30 18:43:04,882 [ERROR] LogOutputStream:75 - [STDERR_REDIRECT] 
2024-07-30 18:43:04,884 [ERROR] LogOutputStream:75 - [STDERR_REDIRECT] Jul 30, 2024 6:43:04 PM java.util.prefs.FileSystemPreferences syncWorld
2024-07-30 18:43:04,885 [ERROR] LogOutputStream:75 - [STDERR_REDIRECT] WARNING: Couldn't flush system prefs: java.util.prefs.BackingStoreException: Couldn't get file lock.
2024-07-30 18:43:04,885 [ERROR] LogOutputStream:75 - [STDERR_REDIRECT] 
2024-07-30 18:43:34,880 [ERROR] LogOutputStream:75 - [STDERR_REDIRECT] Jul 30, 2024 6:43:34 PM java.util.prefs.FileSystemPreferences checkLockFile0ErrorCode
2024-07-30 18:43:34,881 [ERROR] LogOutputStream:75 - [STDERR_REDIRECT] WARNING: Could not lock System prefs. Unix error code 2.
2024-07-30 18:43:34,881 [ERROR] LogOutputStream:75 - [STDERR_REDIRECT] 
2024-07-30 18:43:34,882 [ERROR] LogOutputStream:75 - [STDERR_REDIRECT] Jul 30, 2024 6:43:34 PM java.util.prefs.FileSystemPreferences syncWorld
2024-07-30 18:43:34,883 [ERROR] LogOutputStream:75 - [STDERR_REDIRECT] WARNING: Couldn't flush system prefs: java.util.prefs.BackingStoreException: Couldn't get file lock.
2024-07-30 18:43:34,883 [ERROR] LogOutputStream:75 - [STDERR_REDIRECT] 
2024-07-30 18:44:04,881 [ERROR] LogOutputStream:75 - [STDERR_REDIRECT] Jul 30, 2024 6:44:04 PM java.util.prefs.FileSystemPreferences checkLockFile0ErrorCode
2024-07-30 18:44:04,882 [ERROR] LogOutputStream:75 - [STDERR_REDIRECT] WARNING: Could not lock System prefs. Unix error code 2.
2024-07-30 18:44:04,883 [ERROR] LogOutputStream:75 - [STDERR_REDIRECT] 
2024-07-30 18:44:04,884 [ERROR] LogOutputStream:75 - [STDERR_REDIRECT] Jul 30, 2024 6:44:04 PM java.util.prefs.FileSystemPreferences syncWorld
2024-07-30 18:44:04,886 [ERROR] LogOutputStream:75 - [STDERR_REDIRECT] WARNING: Couldn't flush system prefs: java.util.prefs.BackingStoreException: Couldn't get file lock.
2024-07-30 18:44:04,887 [ERROR] LogOutputStream:75 - [STDERR_REDIRECT] 
2024-07-30 18:44:34,882 [ERROR] LogOutputStream:75 - [STDERR_REDIRECT] Jul 30, 2024 6:44:34 PM java.util.prefs.FileSystemPreferences checkLockFile0ErrorCode
2024-07-30 18:44:34,883 [ERROR] LogOutputStream:75 - [STDERR_REDIRECT] WARNING: Could not lock System prefs. Unix error code 2.
2024-07-30 18:44:34,884 [ERROR] LogOutputStream:75 - [STDERR_REDIRECT] 
2024-07-30 18:44:34,886 [ERROR] LogOutputStream:75 - [STDERR_REDIRECT] Jul 30, 2024 6:44:34 PM java.util.prefs.FileSystemPreferences syncWorld
2024-07-30 18:44:34,887 [ERROR] LogOutputStream:75 - [STDERR_REDIRECT] WARNING: Couldn't flush system prefs: java.util.prefs.BackingStoreException: Couldn't get file lock.
2024-07-30 18:44:34,888 [ERROR] LogOutputStream:75 - [STDERR_REDIRECT] 
2024-07-30 18:45:04,881 [ERROR] LogOutputStream:75 - [STDERR_REDIRECT] Jul 30, 2024 6:45:04 PM java.util.prefs.FileSystemPreferences checkLockFile0ErrorCode
2024-07-30 18:45:04,882 [ERROR] LogOutputStream:75 - [STDERR_REDIRECT] WARNING: Could not lock System prefs. Unix error code 2.
2024-07-30 18:45:04,882 [ERROR] LogOutputStream:75 - [STDERR_REDIRECT] 
2024-07-30 18:45:04,883 [ERROR] LogOutputStream:75 - [STDERR_REDIRECT] Jul 30, 2024 6:45:04 PM java.util.prefs.FileSystemPreferences syncWorld
2024-07-30 18:45:04,884 [ERROR] LogOutputStream:75 - [STDERR_REDIRECT] WARNING: Couldn't flush system prefs: java.util.prefs.BackingStoreException: Couldn't get file lock.
2024-07-30 18:45:04,884 [ERROR] LogOutputStream:75 - [STDERR_REDIRECT] 
2024-07-30 18:45:34,881 [ERROR] LogOutputStream:75 - [STDERR_REDIRECT] Jul 30, 2024 6:45:34 PM java.util.prefs.FileSystemPreferences checkLockFile0ErrorCode
2024-07-30 18:45:34,881 [ERROR] LogOutputStream:75 - [STDERR_REDIRECT] WARNING: Could not lock System prefs. Unix error code 2.
2024-07-30 18:45:34,882 [ERROR] LogOutputStream:75 - [STDERR_REDIRECT] 
2024-07-30 18:45:34,882 [ERROR] LogOutputStream:75 - [STDERR_REDIRECT] Jul 30, 2024 6:45:34 PM java.util.prefs.FileSystemPreferences syncWorld
2024-07-30 18:45:34,883 [ERROR] LogOutputStream:75 - [STDERR_REDIRECT] WARNING: Couldn't flush system prefs: java.util.prefs.BackingStoreException: Couldn't get file lock.
2024-07-30 18:45:34,883 [ERROR] LogOutputStream:75 - [STDERR_REDIRECT] 
2024-07-30 18:46:04,882 [ERROR] LogOutputStream:75 - [STDERR_REDIRECT] Jul 30, 2024 6:46:04 PM java.util.prefs.FileSystemPreferences checkLockFile0ErrorCode
2024-07-30 18:46:04,882 [ERROR] LogOutputStream:75 - [STDERR_REDIRECT] WARNING: Could not lock System prefs. Unix error code 2.
2024-07-30 18:46:04,883 [ERROR] LogOutputStream:75 - [STDERR_REDIRECT] 
2024-07-30 18:46:04,883 [ERROR] LogOutputStream:75 - [STDERR_REDIRECT] Jul 30, 2024 6:46:04 PM java.util.prefs.FileSystemPreferences syncWorld
2024-07-30 18:46:04,884 [ERROR] LogOutputStream:75 - [STDERR_REDIRECT] WARNING: Couldn't flush system prefs: java.util.prefs.BackingStoreException: Couldn't get file lock.
2024-07-30 18:46:04,884 [ERROR] LogOutputStream:75 - [STDERR_REDIRECT] 
2024-07-30 18:46:34,882 [ERROR] LogOutputStream:75 - [STDERR_REDIRECT] Jul 30, 2024 6:46:34 PM java.util.prefs.FileSystemPreferences checkLockFile0ErrorCode
2024-07-30 18:46:34,882 [ERROR] LogOutputStream:75 - [STDERR_REDIRECT] WARNING: Could not lock System prefs. Unix error code 2.
2024-07-30 18:46:34,883 [ERROR] LogOutputStream:75 - [STDERR_REDIRECT] 
2024-07-30 18:46:34,884 [ERROR] LogOutputStream:75 - [STDERR_REDIRECT] Jul 30, 2024 6:46:34 PM java.util.prefs.FileSystemPreferences syncWorld
2024-07-30 18:46:34,885 [ERROR] LogOutputStream:75 - [STDERR_REDIRECT] WARNING: Couldn't flush system prefs: java.util.prefs.BackingStoreException: Couldn't get file lock.
2024-07-30 18:46:34,885 [ERROR] LogOutputStream:75 - [STDERR_REDIRECT] 
2024-07-30 18:47:04,884 [ERROR] LogOutputStream:75 - [STDERR_REDIRECT] Jul 30, 2024 6:47:04 PM java.util.prefs.FileSystemPreferences checkLockFile0ErrorCode
2024-07-30 18:47:04,884 [ERROR] LogOutputStream:75 - [STDERR_REDIRECT] WARNING: Could not lock System prefs. Unix error code 2.
2024-07-30 18:47:04,885 [ERROR] LogOutputStream:75 - [STDERR_REDIRECT] 
2024-07-30 18:47:04,886 [ERROR] LogOutputStream:75 - [STDERR_REDIRECT] Jul 30, 2024 6:47:04 PM java.util.prefs.FileSystemPreferences syncWorld
2024-07-30 18:47:04,887 [ERROR] LogOutputStream:75 - [STDERR_REDIRECT] WARNING: Couldn't flush system prefs: java.util.prefs.BackingStoreException: Couldn't get file lock.
2024-07-30 18:47:04,888 [ERROR] LogOutputStream:75 - [STDERR_REDIRECT] 
2024-07-30 18:47:34,883 [ERROR] LogOutputStream:75 - [STDERR_REDIRECT] Jul 30, 2024 6:47:34 PM java.util.prefs.FileSystemPreferences checkLockFile0ErrorCode
2024-07-30 18:47:34,883 [ERROR] LogOutputStream:75 - [STDERR_REDIRECT] WARNING: Could not lock System prefs. Unix error code 2.
2024-07-30 18:47:34,883 [ERROR] LogOutputStream:75 - [STDERR_REDIRECT] 
2024-07-30 18:47:34,884 [ERROR] LogOutputStream:75 - [STDERR_REDIRECT] Jul 30, 2024 6:47:34 PM java.util.prefs.FileSystemPreferences syncWorld
2024-07-30 18:47:34,884 [ERROR] LogOutputStream:75 - [STDERR_REDIRECT] WARNING: Couldn't flush system prefs: java.util.prefs.BackingStoreException: Couldn't get file lock.
2024-07-30 18:47:34,885 [ERROR] LogOutputStream:75 - [STDERR_REDIRECT] 
2024-07-30 18:48:04,883 [ERROR] LogOutputStream:75 - [STDERR_REDIRECT] Jul 30, 2024 6:48:04 PM java.util.prefs.FileSystemPreferences checkLockFile0ErrorCode
2024-07-30 18:48:04,883 [ERROR] LogOutputStream:75 - [STDERR_REDIRECT] WARNING: Could not lock System prefs. Unix error code 2.
2024-07-30 18:48:04,883 [ERROR] LogOutputStream:75 - [STDERR_REDIRECT] 
2024-07-30 18:48:04,884 [ERROR] LogOutputStream:75 - [STDERR_REDIRECT] Jul 30, 2024 6:48:04 PM java.util.prefs.FileSystemPreferences syncWorld
2024-07-30 18:48:04,884 [ERROR] LogOutputStream:75 - [STDERR_REDIRECT] WARNING: Couldn't flush system prefs: java.util.prefs.BackingStoreException: Couldn't get file lock.
2024-07-30 18:48:04,884 [ERROR] LogOutputStream:75 - [STDERR_REDIRECT] 
2024-07-30 18:48:34,882 [ERROR] LogOutputStream:75 - [STDERR_REDIRECT] Jul 30, 2024 6:48:34 PM java.util.prefs.FileSystemPreferences checkLockFile0ErrorCode
2024-07-30 18:48:34,883 [ERROR] LogOutputStream:75 - [STDERR_REDIRECT] WARNING: Could not lock System prefs. Unix error code 2.
2024-07-30 18:48:34,883 [ERROR] LogOutputStream:75 - [STDERR_REDIRECT] 
2024-07-30 18:48:34,883 [ERROR] LogOutputStream:75 - [STDERR_REDIRECT] Jul 30, 2024 6:48:34 PM java.util.prefs.FileSystemPreferences syncWorld
2024-07-30 18:48:34,884 [ERROR] LogOutputStream:75 - [STDERR_REDIRECT] WARNING: Couldn't flush system prefs: java.util.prefs.BackingStoreException: Couldn't get file lock.
2024-07-30 18:48:34,884 [ERROR] LogOutputStream:75 - [STDERR_REDIRECT] 
2024-07-30 18:49:04,884 [ERROR] LogOutputStream:75 - [STDERR_REDIRECT] Jul 30, 2024 6:49:04 PM java.util.prefs.FileSystemPreferences checkLockFile0ErrorCode
2024-07-30 18:49:04,885 [ERROR] LogOutputStream:75 - [STDERR_REDIRECT] WARNING: Could not lock System prefs. Unix error code 2.
2024-07-30 18:49:04,886 [ERROR] LogOutputStream:75 - [STDERR_REDIRECT] 
2024-07-30 18:49:04,887 [ERROR] LogOutputStream:75 - [STDERR_REDIRECT] Jul 30, 2024 6:49:04 PM java.util.prefs.FileSystemPreferences syncWorld
2024-07-30 18:49:04,888 [ERROR] LogOutputStream:75 - [STDERR_REDIRECT] WARNING: Couldn't flush system prefs: java.util.prefs.BackingStoreException: Couldn't get file lock.
2024-07-30 18:49:04,888 [ERROR] LogOutputStream:75 - [STDERR_REDIRECT] 
2024-07-30 18:49:34,884 [ERROR] LogOutputStream:75 - [STDERR_REDIRECT] Jul 30, 2024 6:49:34 PM java.util.prefs.FileSystemPreferences checkLockFile0ErrorCode
2024-07-30 18:49:34,885 [ERROR] LogOutputStream:75 - [STDERR_REDIRECT] WARNING: Could not lock System prefs. Unix error code 2.
2024-07-30 18:49:34,886 [ERROR] LogOutputStream:75 - [STDERR_REDIRECT] 
2024-07-30 18:49:34,888 [ERROR] LogOutputStream:75 - [STDERR_REDIRECT] Jul 30, 2024 6:49:34 PM java.util.prefs.FileSystemPreferences syncWorld
2024-07-30 18:49:34,889 [ERROR] LogOutputStream:75 - [STDERR_REDIRECT] WARNING: Couldn't flush system prefs: java.util.prefs.BackingStoreException: Couldn't get file lock.
2024-07-30 18:49:34,890 [ERROR] LogOutputStream:75 - [STDERR_REDIRECT] 
2024-07-30 18:50:04,883 [ERROR] LogOutputStream:75 - [STDERR_REDIRECT] Jul 30, 2024 6:50:04 PM java.util.prefs.FileSystemPreferences checkLockFile0ErrorCode
2024-07-30 18:50:04,884 [ERROR] LogOutputStream:75 - [STDERR_REDIRECT] WARNING: Could not lock System prefs. Unix error code 2.
2024-07-30 18:50:04,884 [ERROR] LogOutputStream:75 - [STDERR_REDIRECT] 
2024-07-30 18:50:04,886 [ERROR] LogOutputStream:75 - [STDERR_REDIRECT] Jul 30, 2024 6:50:04 PM java.util.prefs.FileSystemPreferences syncWorld
2024-07-30 18:50:04,886 [ERROR] LogOutputStream:75 - [STDERR_REDIRECT] WARNING: Couldn't flush system prefs: java.util.prefs.BackingStoreException: Couldn't get file lock.
2024-07-30 18:50:04,887 [ERROR] LogOutputStream:75 - [STDERR_REDIRECT] 
2024-07-30 18:50:34,883 [ERROR] LogOutputStream:75 - [STDERR_REDIRECT] Jul 30, 2024 6:50:34 PM java.util.prefs.FileSystemPreferences checkLockFile0ErrorCode
2024-07-30 18:50:34,884 [ERROR] LogOutputStream:75 - [STDERR_REDIRECT] WARNING: Could not lock System prefs. Unix error code 2.
2024-07-30 18:50:34,885 [ERROR] LogOutputStream:75 - [STDERR_REDIRECT] 
2024-07-30 18:50:34,885 [ERROR] LogOutputStream:75 - [STDERR_REDIRECT] Jul 30, 2024 6:50:34 PM java.util.prefs.FileSystemPreferences syncWorld
2024-07-30 18:50:34,886 [ERROR] LogOutputStream:75 - [STDERR_REDIRECT] WARNING: Couldn't flush system prefs: java.util.prefs.BackingStoreException: Couldn't get file lock.
2024-07-30 18:50:34,886 [ERROR] LogOutputStream:75 - [STDERR_REDIRECT] 
2024-07-30 18:51:04,884 [ERROR] LogOutputStream:75 - [STDERR_REDIRECT] Jul 30, 2024 6:51:04 PM java.util.prefs.FileSystemPreferences checkLockFile0ErrorCode
2024-07-30 18:51:04,885 [ERROR] LogOutputStream:75 - [STDERR_REDIRECT] WARNING: Could not lock System prefs. Unix error code 2.
2024-07-30 18:51:04,885 [ERROR] LogOutputStream:75 - [STDERR_REDIRECT] 
2024-07-30 18:51:04,886 [ERROR] LogOutputStream:75 - [STDERR_REDIRECT] Jul 30, 2024 6:51:04 PM java.util.prefs.FileSystemPreferences syncWorld
2024-07-30 18:51:04,886 [ERROR] LogOutputStream:75 - [STDERR_REDIRECT] WARNING: Couldn't flush system prefs: java.util.prefs.BackingStoreException: Couldn't get file lock.
2024-07-30 18:51:04,886 [ERROR] LogOutputStream:75 - [STDERR_REDIRECT] 
2024-07-30 18:51:34,884 [ERROR] LogOutputStream:75 - [STDERR_REDIRECT] Jul 30, 2024 6:51:34 PM java.util.prefs.FileSystemPreferences checkLockFile0ErrorCode
2024-07-30 18:51:34,884 [ERROR] LogOutputStream:75 - [STDERR_REDIRECT] WARNING: Could not lock System prefs. Unix error code 2.
2024-07-30 18:51:34,884 [ERROR] LogOutputStream:75 - [STDERR_REDIRECT] 
2024-07-30 18:51:34,885 [ERROR] LogOutputStream:75 - [STDERR_REDIRECT] Jul 30, 2024 6:51:34 PM java.util.prefs.FileSystemPreferences syncWorld
2024-07-30 18:51:34,886 [ERROR] LogOutputStream:75 - [STDERR_REDIRECT] WARNING: Couldn't flush system prefs: java.util.prefs.BackingStoreException: Couldn't get file lock.
2024-07-30 18:51:34,887 [ERROR] LogOutputStream:75 - [STDERR_REDIRECT] 
2024-07-30 18:52:04,883 [ERROR] LogOutputStream:75 - [STDERR_REDIRECT] Jul 30, 2024 6:52:04 PM java.util.prefs.FileSystemPreferences checkLockFile0ErrorCode
2024-07-30 18:52:04,884 [ERROR] LogOutputStream:75 - [STDERR_REDIRECT] WARNING: Could not lock System prefs. Unix error code 2.
2024-07-30 18:52:04,885 [ERROR] LogOutputStream:75 - [STDERR_REDIRECT] 
2024-07-30 18:52:04,886 [ERROR] LogOutputStream:75 - [STDERR_REDIRECT] Jul 30, 2024 6:52:04 PM java.util.prefs.FileSystemPreferences syncWorld
2024-07-30 18:52:04,887 [ERROR] LogOutputStream:75 - [STDERR_REDIRECT] WARNING: Couldn't flush system prefs: java.util.prefs.BackingStoreException: Couldn't get file lock.
2024-07-30 18:52:04,887 [ERROR] LogOutputStream:75 - [STDERR_REDIRECT] 
2024-07-30 18:52:34,883 [ERROR] LogOutputStream:75 - [STDERR_REDIRECT] Jul 30, 2024 6:52:34 PM java.util.prefs.FileSystemPreferences checkLockFile0ErrorCode
2024-07-30 18:52:34,884 [ERROR] LogOutputStream:75 - [STDERR_REDIRECT] WARNING: Could not lock System prefs. Unix error code 2.
2024-07-30 18:52:34,884 [ERROR] LogOutputStream:75 - [STDERR_REDIRECT] 
2024-07-30 18:52:34,885 [ERROR] LogOutputStream:75 - [STDERR_REDIRECT] Jul 30, 2024 6:52:34 PM java.util.prefs.FileSystemPreferences syncWorld
2024-07-30 18:52:34,887 [ERROR] LogOutputStream:75 - [STDERR_REDIRECT] WARNING: Couldn't flush system prefs: java.util.prefs.BackingStoreException: Couldn't get file lock.
2024-07-30 18:52:34,887 [ERROR] LogOutputStream:75 - [STDERR_REDIRECT] 
2024-07-30 18:53:04,885 [ERROR] LogOutputStream:75 - [STDERR_REDIRECT] Jul 30, 2024 6:53:04 PM java.util.prefs.FileSystemPreferences checkLockFile0ErrorCode
2024-07-30 18:53:04,886 [ERROR] LogOutputStream:75 - [STDERR_REDIRECT] WARNING: Could not lock System prefs. Unix error code 2.
2024-07-30 18:53:04,886 [ERROR] LogOutputStream:75 - [STDERR_REDIRECT] 
2024-07-30 18:53:04,887 [ERROR] LogOutputStream:75 - [STDERR_REDIRECT] Jul 30, 2024 6:53:04 PM java.util.prefs.FileSystemPreferences syncWorld
2024-07-30 18:53:04,888 [ERROR] LogOutputStream:75 - [STDERR_REDIRECT] WARNING: Couldn't flush system prefs: java.util.prefs.BackingStoreException: Couldn't get file lock.
2024-07-30 18:53:04,888 [ERROR] LogOutputStream:75 - [STDERR_REDIRECT] 
2024-07-30 18:53:34,884 [ERROR] LogOutputStream:75 - [STDERR_REDIRECT] Jul 30, 2024 6:53:34 PM java.util.prefs.FileSystemPreferences checkLockFile0ErrorCode
2024-07-30 18:53:34,884 [ERROR] LogOutputStream:75 - [STDERR_REDIRECT] WARNING: Could not lock System prefs. Unix error code 2.
2024-07-30 18:53:34,885 [ERROR] LogOutputStream:75 - [STDERR_REDIRECT] 
2024-07-30 18:53:34,886 [ERROR] LogOutputStream:75 - [STDERR_REDIRECT] Jul 30, 2024 6:53:34 PM java.util.prefs.FileSystemPreferences syncWorld
2024-07-30 18:53:34,887 [ERROR] LogOutputStream:75 - [STDERR_REDIRECT] WARNING: Couldn't flush system prefs: java.util.prefs.BackingStoreException: Couldn't get file lock.
2024-07-30 18:53:34,888 [ERROR] LogOutputStream:75 - [STDERR_REDIRECT] 
2024-07-30 18:54:04,884 [ERROR] LogOutputStream:75 - [STDERR_REDIRECT] Jul 30, 2024 6:54:04 PM java.util.prefs.FileSystemPreferences checkLockFile0ErrorCode
2024-07-30 18:54:04,884 [ERROR] LogOutputStream:75 - [STDERR_REDIRECT] WARNING: Could not lock System prefs. Unix error code 2.
2024-07-30 18:54:04,885 [ERROR] LogOutputStream:75 - [STDERR_REDIRECT] 
2024-07-30 18:54:04,887 [ERROR] LogOutputStream:75 - [STDERR_REDIRECT] Jul 30, 2024 6:54:04 PM java.util.prefs.FileSystemPreferences syncWorld
2024-07-30 18:54:04,887 [ERROR] LogOutputStream:75 - [STDERR_REDIRECT] WARNING: Couldn't flush system prefs: java.util.prefs.BackingStoreException: Couldn't get file lock.
2024-07-30 18:54:04,888 [ERROR] LogOutputStream:75 - [STDERR_REDIRECT] 
2024-07-30 18:54:34,884 [ERROR] LogOutputStream:75 - [STDERR_REDIRECT] Jul 30, 2024 6:54:34 PM java.util.prefs.FileSystemPreferences checkLockFile0ErrorCode
2024-07-30 18:54:34,885 [ERROR] LogOutputStream:75 - [STDERR_REDIRECT] WARNING: Could not lock System prefs. Unix error code 2.
2024-07-30 18:54:34,885 [ERROR] LogOutputStream:75 - [STDERR_REDIRECT] 
2024-07-30 18:54:34,886 [ERROR] LogOutputStream:75 - [STDERR_REDIRECT] Jul 30, 2024 6:54:34 PM java.util.prefs.FileSystemPreferences syncWorld
2024-07-30 18:54:34,887 [ERROR] LogOutputStream:75 - [STDERR_REDIRECT] WARNING: Couldn't flush system prefs: java.util.prefs.BackingStoreException: Couldn't get file lock.
2024-07-30 18:54:34,887 [ERROR] LogOutputStream:75 - [STDERR_REDIRECT] 
2024-07-30 18:55:04,884 [ERROR] LogOutputStream:75 - [STDERR_REDIRECT] Jul 30, 2024 6:55:04 PM java.util.prefs.FileSystemPreferences checkLockFile0ErrorCode
2024-07-30 18:55:04,885 [ERROR] LogOutputStream:75 - [STDERR_REDIRECT] WARNING: Could not lock System prefs. Unix error code 2.
2024-07-30 18:55:04,885 [ERROR] LogOutputStream:75 - [STDERR_REDIRECT] 
2024-07-30 18:55:04,886 [ERROR] LogOutputStream:75 - [STDERR_REDIRECT] Jul 30, 2024 6:55:04 PM java.util.prefs.FileSystemPreferences syncWorld
2024-07-30 18:55:04,887 [ERROR] LogOutputStream:75 - [STDERR_REDIRECT] WARNING: Couldn't flush system prefs: java.util.prefs.BackingStoreException: Couldn't get file lock.
2024-07-30 18:55:04,887 [ERROR] LogOutputStream:75 - [STDERR_REDIRECT] 
2024-07-30 18:55:34,884 [ERROR] LogOutputStream:75 - [STDERR_REDIRECT] Jul 30, 2024 6:55:34 PM java.util.prefs.FileSystemPreferences checkLockFile0ErrorCode
2024-07-30 18:55:34,885 [ERROR] LogOutputStream:75 - [STDERR_REDIRECT] WARNING: Could not lock System prefs. Unix error code 2.
2024-07-30 18:55:34,885 [ERROR] LogOutputStream:75 - [STDERR_REDIRECT] 
2024-07-30 18:55:34,886 [ERROR] LogOutputStream:75 - [STDERR_REDIRECT] Jul 30, 2024 6:55:34 PM java.util.prefs.FileSystemPreferences syncWorld
2024-07-30 18:55:34,887 [ERROR] LogOutputStream:75 - [STDERR_REDIRECT] WARNING: Couldn't flush system prefs: java.util.prefs.BackingStoreException: Couldn't get file lock.
2024-07-30 18:55:34,887 [ERROR] LogOutputStream:75 - [STDERR_REDIRECT] 
2024-07-30 18:56:04,885 [ERROR] LogOutputStream:75 - [STDERR_REDIRECT] Jul 30, 2024 6:56:04 PM java.util.prefs.FileSystemPreferences checkLockFile0ErrorCode
2024-07-30 18:56:04,885 [ERROR] LogOutputStream:75 - [STDERR_REDIRECT] WARNING: Could not lock System prefs. Unix error code 2.
2024-07-30 18:56:04,885 [ERROR] LogOutputStream:75 - [STDERR_REDIRECT] 
2024-07-30 18:56:04,886 [ERROR] LogOutputStream:75 - [STDERR_REDIRECT] Jul 30, 2024 6:56:04 PM java.util.prefs.FileSystemPreferences syncWorld
2024-07-30 18:56:04,887 [ERROR] LogOutputStream:75 - [STDERR_REDIRECT] WARNING: Couldn't flush system prefs: java.util.prefs.BackingStoreException: Couldn't get file lock.
2024-07-30 18:56:04,887 [ERROR] LogOutputStream:75 - [STDERR_REDIRECT] 
2024-07-30 18:56:34,885 [ERROR] LogOutputStream:75 - [STDERR_REDIRECT] Jul 30, 2024 6:56:34 PM java.util.prefs.FileSystemPreferences checkLockFile0ErrorCode
2024-07-30 18:56:34,885 [ERROR] LogOutputStream:75 - [STDERR_REDIRECT] WARNING: Could not lock System prefs. Unix error code 2.
2024-07-30 18:56:34,886 [ERROR] LogOutputStream:75 - [STDERR_REDIRECT] 
2024-07-30 18:56:34,887 [ERROR] LogOutputStream:75 - [STDERR_REDIRECT] Jul 30, 2024 6:56:34 PM java.util.prefs.FileSystemPreferences syncWorld
2024-07-30 18:56:34,887 [ERROR] LogOutputStream:75 - [STDERR_REDIRECT] WARNING: Couldn't flush system prefs: java.util.prefs.BackingStoreException: Couldn't get file lock.
2024-07-30 18:56:34,888 [ERROR] LogOutputStream:75 - [STDERR_REDIRECT] 
2024-07-30 18:57:04,886 [ERROR] LogOutputStream:75 - [STDERR_REDIRECT] Jul 30, 2024 6:57:04 PM java.util.prefs.FileSystemPreferences checkLockFile0ErrorCode
2024-07-30 18:57:04,887 [ERROR] LogOutputStream:75 - [STDERR_REDIRECT] WARNING: Could not lock System prefs. Unix error code 2.
2024-07-30 18:57:04,888 [ERROR] LogOutputStream:75 - [STDERR_REDIRECT] 
2024-07-30 18:57:04,890 [ERROR] LogOutputStream:75 - [STDERR_REDIRECT] Jul 30, 2024 6:57:04 PM java.util.prefs.FileSystemPreferences syncWorld
2024-07-30 18:57:04,891 [ERROR] LogOutputStream:75 - [STDERR_REDIRECT] WARNING: Couldn't flush system prefs: java.util.prefs.BackingStoreException: Couldn't get file lock.
2024-07-30 18:57:04,891 [ERROR] LogOutputStream:75 - [STDERR_REDIRECT] 
2024-07-30 18:57:34,885 [ERROR] LogOutputStream:75 - [STDERR_REDIRECT] Jul 30, 2024 6:57:34 PM java.util.prefs.FileSystemPreferences checkLockFile0ErrorCode
2024-07-30 18:57:34,885 [ERROR] LogOutputStream:75 - [STDERR_REDIRECT] WARNING: Could not lock System prefs. Unix error code 2.
2024-07-30 18:57:34,886 [ERROR] LogOutputStream:75 - [STDERR_REDIRECT] 
2024-07-30 18:57:34,886 [ERROR] LogOutputStream:75 - [STDERR_REDIRECT] Jul 30, 2024 6:57:34 PM java.util.prefs.FileSystemPreferences syncWorld
2024-07-30 18:57:34,886 [ERROR] LogOutputStream:75 - [STDERR_REDIRECT] WARNING: Couldn't flush system prefs: java.util.prefs.BackingStoreException: Couldn't get file lock.
2024-07-30 18:57:34,886 [ERROR] LogOutputStream:75 - [STDERR_REDIRECT] 
2024-07-30 18:58:04,886 [ERROR] LogOutputStream:75 - [STDERR_REDIRECT] Jul 30, 2024 6:58:04 PM java.util.prefs.FileSystemPreferences checkLockFile0ErrorCode
2024-07-30 18:58:04,887 [ERROR] LogOutputStream:75 - [STDERR_REDIRECT] WARNING: Could not lock System prefs. Unix error code 2.
2024-07-30 18:58:04,888 [ERROR] LogOutputStream:75 - [STDERR_REDIRECT] 
2024-07-30 18:58:04,889 [ERROR] LogOutputStream:75 - [STDERR_REDIRECT] Jul 30, 2024 6:58:04 PM java.util.prefs.FileSystemPreferences syncWorld
2024-07-30 18:58:04,890 [ERROR] LogOutputStream:75 - [STDERR_REDIRECT] WARNING: Couldn't flush system prefs: java.util.prefs.BackingStoreException: Couldn't get file lock.
2024-07-30 18:58:04,891 [ERROR] LogOutputStream:75 - [STDERR_REDIRECT] 
2024-07-30 18:58:34,885 [ERROR] LogOutputStream:75 - [STDERR_REDIRECT] Jul 30, 2024 6:58:34 PM java.util.prefs.FileSystemPreferences checkLockFile0ErrorCode
2024-07-30 18:58:34,886 [ERROR] LogOutputStream:75 - [STDERR_REDIRECT] WARNING: Could not lock System prefs. Unix error code 2.
2024-07-30 18:58:34,886 [ERROR] LogOutputStream:75 - [STDERR_REDIRECT] 
2024-07-30 18:58:34,888 [ERROR] LogOutputStream:75 - [STDERR_REDIRECT] Jul 30, 2024 6:58:34 PM java.util.prefs.FileSystemPreferences syncWorld
2024-07-30 18:58:34,889 [ERROR] LogOutputStream:75 - [STDERR_REDIRECT] WARNING: Couldn't flush system prefs: java.util.prefs.BackingStoreException: Couldn't get file lock.
2024-07-30 18:58:34,890 [ERROR] LogOutputStream:75 - [STDERR_REDIRECT] 
2024-07-30 18:59:04,886 [ERROR] LogOutputStream:75 - [STDERR_REDIRECT] Jul 30, 2024 6:59:04 PM java.util.prefs.FileSystemPreferences checkLockFile0ErrorCode
2024-07-30 18:59:04,886 [ERROR] LogOutputStream:75 - [STDERR_REDIRECT] WARNING: Could not lock System prefs. Unix error code 2.
2024-07-30 18:59:04,886 [ERROR] LogOutputStream:75 - [STDERR_REDIRECT] 
2024-07-30 18:59:04,887 [ERROR] LogOutputStream:75 - [STDERR_REDIRECT] Jul 30, 2024 6:59:04 PM java.util.prefs.FileSystemPreferences syncWorld
2024-07-30 18:59:04,888 [ERROR] LogOutputStream:75 - [STDERR_REDIRECT] WARNING: Couldn't flush system prefs: java.util.prefs.BackingStoreException: Couldn't get file lock.
2024-07-30 18:59:04,888 [ERROR] LogOutputStream:75 - [STDERR_REDIRECT] 
2024-07-30 18:59:34,888 [ERROR] LogOutputStream:75 - [STDERR_REDIRECT] Jul 30, 2024 6:59:34 PM java.util.prefs.FileSystemPreferences checkLockFile0ErrorCode
2024-07-30 18:59:34,888 [ERROR] LogOutputStream:75 - [STDERR_REDIRECT] WARNING: Could not lock System prefs. Unix error code 2.
2024-07-30 18:59:34,889 [ERROR] LogOutputStream:75 - [STDERR_REDIRECT] 
2024-07-30 18:59:34,890 [ERROR] LogOutputStream:75 - [STDERR_REDIRECT] Jul 30, 2024 6:59:34 PM java.util.prefs.FileSystemPreferences syncWorld
2024-07-30 18:59:34,890 [ERROR] LogOutputStream:75 - [STDERR_REDIRECT] WARNING: Couldn't flush system prefs: java.util.prefs.BackingStoreException: Couldn't get file lock.
2024-07-30 18:59:34,891 [ERROR] LogOutputStream:75 - [STDERR_REDIRECT] 
2024-07-30 19:00:04,887 [ERROR] LogOutputStream:75 - [STDERR_REDIRECT] Jul 30, 2024 7:00:04 PM java.util.prefs.FileSystemPreferences checkLockFile0ErrorCode
2024-07-30 19:00:04,888 [ERROR] LogOutputStream:75 - [STDERR_REDIRECT] WARNING: Could not lock System prefs. Unix error code 2.
2024-07-30 19:00:04,888 [ERROR] LogOutputStream:75 - [STDERR_REDIRECT] 
2024-07-30 19:00:04,889 [ERROR] LogOutputStream:75 - [STDERR_REDIRECT] Jul 30, 2024 7:00:04 PM java.util.prefs.FileSystemPreferences syncWorld
2024-07-30 19:00:04,890 [ERROR] LogOutputStream:75 - [STDERR_REDIRECT] WARNING: Couldn't flush system prefs: java.util.prefs.BackingStoreException: Couldn't get file lock.
2024-07-30 19:00:04,890 [ERROR] LogOutputStream:75 - [STDERR_REDIRECT] 
2024-07-30 19:00:34,887 [ERROR] LogOutputStream:75 - [STDERR_REDIRECT] Jul 30, 2024 7:00:34 PM java.util.prefs.FileSystemPreferences checkLockFile0ErrorCode
2024-07-30 19:00:34,887 [ERROR] LogOutputStream:75 - [STDERR_REDIRECT] WARNING: Could not lock System prefs. Unix error code 2.
2024-07-30 19:00:34,888 [ERROR] LogOutputStream:75 - [STDERR_REDIRECT] 
2024-07-30 19:00:34,889 [ERROR] LogOutputStream:75 - [STDERR_REDIRECT] Jul 30, 2024 7:00:34 PM java.util.prefs.FileSystemPreferences syncWorld
2024-07-30 19:00:34,889 [ERROR] LogOutputStream:75 - [STDERR_REDIRECT] WARNING: Couldn't flush system prefs: java.util.prefs.BackingStoreException: Couldn't get file lock.
2024-07-30 19:00:34,889 [ERROR] LogOutputStream:75 - [STDERR_REDIRECT] 
2024-07-30 19:01:04,886 [ERROR] LogOutputStream:75 - [STDERR_REDIRECT] Jul 30, 2024 7:01:04 PM java.util.prefs.FileSystemPreferences checkLockFile0ErrorCode
2024-07-30 19:01:04,886 [ERROR] LogOutputStream:75 - [STDERR_REDIRECT] WARNING: Could not lock System prefs. Unix error code 2.
2024-07-30 19:01:04,887 [ERROR] LogOutputStream:75 - [STDERR_REDIRECT] 
2024-07-30 19:01:04,888 [ERROR] LogOutputStream:75 - [STDERR_REDIRECT] Jul 30, 2024 7:01:04 PM java.util.prefs.FileSystemPreferences syncWorld
2024-07-30 19:01:04,888 [ERROR] LogOutputStream:75 - [STDERR_REDIRECT] WARNING: Couldn't flush system prefs: java.util.prefs.BackingStoreException: Couldn't get file lock.
2024-07-30 19:01:04,888 [ERROR] LogOutputStream:75 - [STDERR_REDIRECT] 
2024-07-30 19:01:34,887 [ERROR] LogOutputStream:75 - [STDERR_REDIRECT] Jul 30, 2024 7:01:34 PM java.util.prefs.FileSystemPreferences checkLockFile0ErrorCode
2024-07-30 19:01:34,887 [ERROR] LogOutputStream:75 - [STDERR_REDIRECT] WARNING: Could not lock System prefs. Unix error code 2.
2024-07-30 19:01:34,888 [ERROR] LogOutputStream:75 - [STDERR_REDIRECT] 
2024-07-30 19:01:34,889 [ERROR] LogOutputStream:75 - [STDERR_REDIRECT] Jul 30, 2024 7:01:34 PM java.util.prefs.FileSystemPreferences syncWorld
2024-07-30 19:01:34,889 [ERROR] LogOutputStream:75 - [STDERR_REDIRECT] WARNING: Couldn't flush system prefs: java.util.prefs.BackingStoreException: Couldn't get file lock.
2024-07-30 19:01:34,890 [ERROR] LogOutputStream:75 - [STDERR_REDIRECT] 
2024-07-30 19:02:04,887 [ERROR] LogOutputStream:75 - [STDERR_REDIRECT] Jul 30, 2024 7:02:04 PM java.util.prefs.FileSystemPreferences checkLockFile0ErrorCode
2024-07-30 19:02:04,887 [ERROR] LogOutputStream:75 - [STDERR_REDIRECT] WARNING: Could not lock System prefs. Unix error code 2.
2024-07-30 19:02:04,888 [ERROR] LogOutputStream:75 - [STDERR_REDIRECT] 
2024-07-30 19:02:04,888 [ERROR] LogOutputStream:75 - [STDERR_REDIRECT] Jul 30, 2024 7:02:04 PM java.util.prefs.FileSystemPreferences syncWorld
2024-07-30 19:02:04,889 [ERROR] LogOutputStream:75 - [STDERR_REDIRECT] WARNING: Couldn't flush system prefs: java.util.prefs.BackingStoreException: Couldn't get file lock.
2024-07-30 19:02:04,889 [ERROR] LogOutputStream:75 - [STDERR_REDIRECT] 
2024-07-30 19:02:34,887 [ERROR] LogOutputStream:75 - [STDERR_REDIRECT] Jul 30, 2024 7:02:34 PM java.util.prefs.FileSystemPreferences checkLockFile0ErrorCode
2024-07-30 19:02:34,887 [ERROR] LogOutputStream:75 - [STDERR_REDIRECT] WARNING: Could not lock System prefs. Unix error code 2.
2024-07-30 19:02:34,888 [ERROR] LogOutputStream:75 - [STDERR_REDIRECT] 
2024-07-30 19:02:34,888 [ERROR] LogOutputStream:75 - [STDERR_REDIRECT] Jul 30, 2024 7:02:34 PM java.util.prefs.FileSystemPreferences syncWorld
2024-07-30 19:02:34,888 [ERROR] LogOutputStream:75 - [STDERR_REDIRECT] WARNING: Couldn't flush system prefs: java.util.prefs.BackingStoreException: Couldn't get file lock.
2024-07-30 19:02:34,888 [ERROR] LogOutputStream:75 - [STDERR_REDIRECT] 
2024-07-30 19:03:04,888 [ERROR] LogOutputStream:75 - [STDERR_REDIRECT] Jul 30, 2024 7:03:04 PM java.util.prefs.FileSystemPreferences checkLockFile0ErrorCode
2024-07-30 19:03:04,888 [ERROR] LogOutputStream:75 - [STDERR_REDIRECT] WARNING: Could not lock System prefs. Unix error code 2.
2024-07-30 19:03:04,889 [ERROR] LogOutputStream:75 - [STDERR_REDIRECT] 
2024-07-30 19:03:04,890 [ERROR] LogOutputStream:75 - [STDERR_REDIRECT] Jul 30, 2024 7:03:04 PM java.util.prefs.FileSystemPreferences syncWorld
2024-07-30 19:03:04,891 [ERROR] LogOutputStream:75 - [STDERR_REDIRECT] WARNING: Couldn't flush system prefs: java.util.prefs.BackingStoreException: Couldn't get file lock.
2024-07-30 19:03:04,892 [ERROR] LogOutputStream:75 - [STDERR_REDIRECT] 
2024-07-30 19:03:34,888 [ERROR] LogOutputStream:75 - [STDERR_REDIRECT] Jul 30, 2024 7:03:34 PM java.util.prefs.FileSystemPreferences checkLockFile0ErrorCode
2024-07-30 19:03:34,889 [ERROR] LogOutputStream:75 - [STDERR_REDIRECT] WARNING: Could not lock System prefs. Unix error code 2.
2024-07-30 19:03:34,889 [ERROR] LogOutputStream:75 - [STDERR_REDIRECT] 
2024-07-30 19:03:34,890 [ERROR] LogOutputStream:75 - [STDERR_REDIRECT] Jul 30, 2024 7:03:34 PM java.util.prefs.FileSystemPreferences syncWorld
2024-07-30 19:03:34,891 [ERROR] LogOutputStream:75 - [STDERR_REDIRECT] WARNING: Couldn't flush system prefs: java.util.prefs.BackingStoreException: Couldn't get file lock.
2024-07-30 19:03:34,891 [ERROR] LogOutputStream:75 - [STDERR_REDIRECT] 
2024-07-30 19:04:04,888 [ERROR] LogOutputStream:75 - [STDERR_REDIRECT] Jul 30, 2024 7:04:04 PM java.util.prefs.FileSystemPreferences checkLockFile0ErrorCode
2024-07-30 19:04:04,889 [ERROR] LogOutputStream:75 - [STDERR_REDIRECT] WARNING: Could not lock System prefs. Unix error code 2.
2024-07-30 19:04:04,889 [ERROR] LogOutputStream:75 - [STDERR_REDIRECT] 
2024-07-30 19:04:04,891 [ERROR] LogOutputStream:75 - [STDERR_REDIRECT] Jul 30, 2024 7:04:04 PM java.util.prefs.FileSystemPreferences syncWorld
2024-07-30 19:04:04,891 [ERROR] LogOutputStream:75 - [STDERR_REDIRECT] WARNING: Couldn't flush system prefs: java.util.prefs.BackingStoreException: Couldn't get file lock.
2024-07-30 19:04:04,892 [ERROR] LogOutputStream:75 - [STDERR_REDIRECT] 
2024-07-30 19:04:34,888 [ERROR] LogOutputStream:75 - [STDERR_REDIRECT] Jul 30, 2024 7:04:34 PM java.util.prefs.FileSystemPreferences checkLockFile0ErrorCode
2024-07-30 19:04:34,889 [ERROR] LogOutputStream:75 - [STDERR_REDIRECT] WARNING: Could not lock System prefs. Unix error code 2.
2024-07-30 19:04:34,889 [ERROR] LogOutputStream:75 - [STDERR_REDIRECT] 
2024-07-30 19:04:34,891 [ERROR] LogOutputStream:75 - [STDERR_REDIRECT] Jul 30, 2024 7:04:34 PM java.util.prefs.FileSystemPreferences syncWorld
2024-07-30 19:04:34,891 [ERROR] LogOutputStream:75 - [STDERR_REDIRECT] WARNING: Couldn't flush system prefs: java.util.prefs.BackingStoreException: Couldn't get file lock.
2024-07-30 19:04:34,892 [ERROR] LogOutputStream:75 - [STDERR_REDIRECT] 
2024-07-30 19:05:04,888 [ERROR] LogOutputStream:75 - [STDERR_REDIRECT] Jul 30, 2024 7:05:04 PM java.util.prefs.FileSystemPreferences checkLockFile0ErrorCode
2024-07-30 19:05:04,889 [ERROR] LogOutputStream:75 - [STDERR_REDIRECT] WARNING: Could not lock System prefs. Unix error code 2.
2024-07-30 19:05:04,889 [ERROR] LogOutputStream:75 - [STDERR_REDIRECT] 
2024-07-30 19:05:04,890 [ERROR] LogOutputStream:75 - [STDERR_REDIRECT] Jul 30, 2024 7:05:04 PM java.util.prefs.FileSystemPreferences syncWorld
2024-07-30 19:05:04,891 [ERROR] LogOutputStream:75 - [STDERR_REDIRECT] WARNING: Couldn't flush system prefs: java.util.prefs.BackingStoreException: Couldn't get file lock.
2024-07-30 19:05:04,891 [ERROR] LogOutputStream:75 - [STDERR_REDIRECT] 
2024-07-30 19:05:34,888 [ERROR] LogOutputStream:75 - [STDERR_REDIRECT] Jul 30, 2024 7:05:34 PM java.util.prefs.FileSystemPreferences checkLockFile0ErrorCode
2024-07-30 19:05:34,888 [ERROR] LogOutputStream:75 - [STDERR_REDIRECT] WARNING: Could not lock System prefs. Unix error code 2.
2024-07-30 19:05:34,889 [ERROR] LogOutputStream:75 - [STDERR_REDIRECT] 
2024-07-30 19:05:34,890 [ERROR] LogOutputStream:75 - [STDERR_REDIRECT] Jul 30, 2024 7:05:34 PM java.util.prefs.FileSystemPreferences syncWorld
2024-07-30 19:05:34,890 [ERROR] LogOutputStream:75 - [STDERR_REDIRECT] WARNING: Couldn't flush system prefs: java.util.prefs.BackingStoreException: Couldn't get file lock.
2024-07-30 19:05:34,891 [ERROR] LogOutputStream:75 - [STDERR_REDIRECT] 
2024-07-30 19:06:04,888 [ERROR] LogOutputStream:75 - [STDERR_REDIRECT] Jul 30, 2024 7:06:04 PM java.util.prefs.FileSystemPreferences checkLockFile0ErrorCode
2024-07-30 19:06:04,888 [ERROR] LogOutputStream:75 - [STDERR_REDIRECT] WARNING: Could not lock System prefs. Unix error code 2.
2024-07-30 19:06:04,889 [ERROR] LogOutputStream:75 - [STDERR_REDIRECT] 
2024-07-30 19:06:04,890 [ERROR] LogOutputStream:75 - [STDERR_REDIRECT] Jul 30, 2024 7:06:04 PM java.util.prefs.FileSystemPreferences syncWorld
2024-07-30 19:06:04,890 [ERROR] LogOutputStream:75 - [STDERR_REDIRECT] WARNING: Couldn't flush system prefs: java.util.prefs.BackingStoreException: Couldn't get file lock.
2024-07-30 19:06:04,891 [ERROR] LogOutputStream:75 - [STDERR_REDIRECT] 
2024-07-30 19:06:34,888 [ERROR] LogOutputStream:75 - [STDERR_REDIRECT] Jul 30, 2024 7:06:34 PM java.util.prefs.FileSystemPreferences checkLockFile0ErrorCode
2024-07-30 19:06:34,889 [ERROR] LogOutputStream:75 - [STDERR_REDIRECT] WARNING: Could not lock System prefs. Unix error code 2.
2024-07-30 19:06:34,889 [ERROR] LogOutputStream:75 - [STDERR_REDIRECT] 
2024-07-30 19:06:34,890 [ERROR] LogOutputStream:75 - [STDERR_REDIRECT] Jul 30, 2024 7:06:34 PM java.util.prefs.FileSystemPreferences syncWorld
2024-07-30 19:06:34,891 [ERROR] LogOutputStream:75 - [STDERR_REDIRECT] WARNING: Couldn't flush system prefs: java.util.prefs.BackingStoreException: Couldn't get file lock.
2024-07-30 19:06:34,892 [ERROR] LogOutputStream:75 - [STDERR_REDIRECT] 
2024-07-30 19:07:04,887 [ERROR] LogOutputStream:75 - [STDERR_REDIRECT] Jul 30, 2024 7:07:04 PM java.util.prefs.FileSystemPreferences checkLockFile0ErrorCode
2024-07-30 19:07:04,887 [ERROR] LogOutputStream:75 - [STDERR_REDIRECT] WARNING: Could not lock System prefs. Unix error code 2.
2024-07-30 19:07:04,887 [ERROR] LogOutputStream:75 - [STDERR_REDIRECT] 
2024-07-30 19:07:04,888 [ERROR] LogOutputStream:75 - [STDERR_REDIRECT] Jul 30, 2024 7:07:04 PM java.util.prefs.FileSystemPreferences syncWorld
2024-07-30 19:07:04,888 [ERROR] LogOutputStream:75 - [STDERR_REDIRECT] WARNING: Couldn't flush system prefs: java.util.prefs.BackingStoreException: Couldn't get file lock.
2024-07-30 19:07:04,888 [ERROR] LogOutputStream:75 - [STDERR_REDIRECT] 
2024-07-30 19:07:34,888 [ERROR] LogOutputStream:75 - [STDERR_REDIRECT] Jul 30, 2024 7:07:34 PM java.util.prefs.FileSystemPreferences checkLockFile0ErrorCode
2024-07-30 19:07:34,888 [ERROR] LogOutputStream:75 - [STDERR_REDIRECT] WARNING: Could not lock System prefs. Unix error code 2.
2024-07-30 19:07:34,889 [ERROR] LogOutputStream:75 - [STDERR_REDIRECT] 
2024-07-30 19:07:34,890 [ERROR] LogOutputStream:75 - [STDERR_REDIRECT] Jul 30, 2024 7:07:34 PM java.util.prefs.FileSystemPreferences syncWorld
2024-07-30 19:07:34,892 [ERROR] LogOutputStream:75 - [STDERR_REDIRECT] WARNING: Couldn't flush system prefs: java.util.prefs.BackingStoreException: Couldn't get file lock.
2024-07-30 19:07:34,892 [ERROR] LogOutputStream:75 - [STDERR_REDIRECT] 
2024-07-30 19:08:04,934 [ERROR] LogOutputStream:75 - [STDERR_REDIRECT] Jul 30, 2024 7:08:04 PM java.util.prefs.FileSystemPreferences checkLockFile0ErrorCode
2024-07-30 19:08:04,934 [ERROR] LogOutputStream:75 - [STDERR_REDIRECT] WARNING: Could not lock System prefs. Unix error code 2.
2024-07-30 19:08:04,934 [ERROR] LogOutputStream:75 - [STDERR_REDIRECT] 
2024-07-30 19:08:04,935 [ERROR] LogOutputStream:75 - [STDERR_REDIRECT] Jul 30, 2024 7:08:04 PM java.util.prefs.FileSystemPreferences syncWorld
2024-07-30 19:08:04,935 [ERROR] LogOutputStream:75 - [STDERR_REDIRECT] WARNING: Couldn't flush system prefs: java.util.prefs.BackingStoreException: Couldn't get file lock.
2024-07-30 19:08:04,935 [ERROR] LogOutputStream:75 - [STDERR_REDIRECT] 
2024-07-30 19:08:34,909 [ERROR] LogOutputStream:75 - [STDERR_REDIRECT] Jul 30, 2024 7:08:34 PM java.util.prefs.FileSystemPreferences checkLockFile0ErrorCode
2024-07-30 19:08:34,910 [ERROR] LogOutputStream:75 - [STDERR_REDIRECT] WARNING: Could not lock System prefs. Unix error code 2.
2024-07-30 19:08:34,910 [ERROR] LogOutputStream:75 - [STDERR_REDIRECT] 
2024-07-30 19:08:34,911 [ERROR] LogOutputStream:75 - [STDERR_REDIRECT] Jul 30, 2024 7:08:34 PM java.util.prefs.FileSystemPreferences syncWorld
2024-07-30 19:08:34,911 [ERROR] LogOutputStream:75 - [STDERR_REDIRECT] WARNING: Couldn't flush system prefs: java.util.prefs.BackingStoreException: Couldn't get file lock.
2024-07-30 19:08:34,911 [ERROR] LogOutputStream:75 - [STDERR_REDIRECT] 
2024-07-30 19:09:04,890 [ERROR] LogOutputStream:75 - [STDERR_REDIRECT] Jul 30, 2024 7:09:04 PM java.util.prefs.FileSystemPreferences checkLockFile0ErrorCode
2024-07-30 19:09:04,890 [ERROR] LogOutputStream:75 - [STDERR_REDIRECT] WARNING: Could not lock System prefs. Unix error code 2.
2024-07-30 19:09:04,891 [ERROR] LogOutputStream:75 - [STDERR_REDIRECT] 
2024-07-30 19:09:04,891 [ERROR] LogOutputStream:75 - [STDERR_REDIRECT] Jul 30, 2024 7:09:04 PM java.util.prefs.FileSystemPreferences syncWorld
2024-07-30 19:09:04,892 [ERROR] LogOutputStream:75 - [STDERR_REDIRECT] WARNING: Couldn't flush system prefs: java.util.prefs.BackingStoreException: Couldn't get file lock.
2024-07-30 19:09:04,892 [ERROR] LogOutputStream:75 - [STDERR_REDIRECT] 
2024-07-30 19:09:34,890 [ERROR] LogOutputStream:75 - [STDERR_REDIRECT] Jul 30, 2024 7:09:34 PM java.util.prefs.FileSystemPreferences checkLockFile0ErrorCode
2024-07-30 19:09:34,891 [ERROR] LogOutputStream:75 - [STDERR_REDIRECT] WARNING: Could not lock System prefs. Unix error code 2.
2024-07-30 19:09:34,891 [ERROR] LogOutputStream:75 - [STDERR_REDIRECT] 
2024-07-30 19:09:34,891 [ERROR] LogOutputStream:75 - [STDERR_REDIRECT] Jul 30, 2024 7:09:34 PM java.util.prefs.FileSystemPreferences syncWorld
2024-07-30 19:09:34,891 [ERROR] LogOutputStream:75 - [STDERR_REDIRECT] WARNING: Couldn't flush system prefs: java.util.prefs.BackingStoreException: Couldn't get file lock.
2024-07-30 19:09:34,892 [ERROR] LogOutputStream:75 - [STDERR_REDIRECT] 
2024-07-30 19:10:04,891 [ERROR] LogOutputStream:75 - [STDERR_REDIRECT] Jul 30, 2024 7:10:04 PM java.util.prefs.FileSystemPreferences checkLockFile0ErrorCode
2024-07-30 19:10:04,892 [ERROR] LogOutputStream:75 - [STDERR_REDIRECT] WARNING: Could not lock System prefs. Unix error code 2.
2024-07-30 19:10:04,892 [ERROR] LogOutputStream:75 - [STDERR_REDIRECT] 
2024-07-30 19:10:04,892 [ERROR] LogOutputStream:75 - [STDERR_REDIRECT] Jul 30, 2024 7:10:04 PM java.util.prefs.FileSystemPreferences syncWorld
2024-07-30 19:10:04,892 [ERROR] LogOutputStream:75 - [STDERR_REDIRECT] WARNING: Couldn't flush system prefs: java.util.prefs.BackingStoreException: Couldn't get file lock.
2024-07-30 19:10:04,892 [ERROR] LogOutputStream:75 - [STDERR_REDIRECT] 
2024-07-30 19:10:34,891 [ERROR] LogOutputStream:75 - [STDERR_REDIRECT] Jul 30, 2024 7:10:34 PM java.util.prefs.FileSystemPreferences checkLockFile0ErrorCode
2024-07-30 19:10:34,892 [ERROR] LogOutputStream:75 - [STDERR_REDIRECT] WARNING: Could not lock System prefs. Unix error code 2.
2024-07-30 19:10:34,893 [ERROR] LogOutputStream:75 - [STDERR_REDIRECT] 
2024-07-30 19:10:34,894 [ERROR] LogOutputStream:75 - [STDERR_REDIRECT] Jul 30, 2024 7:10:34 PM java.util.prefs.FileSystemPreferences syncWorld
2024-07-30 19:10:34,894 [ERROR] LogOutputStream:75 - [STDERR_REDIRECT] WARNING: Couldn't flush system prefs: java.util.prefs.BackingStoreException: Couldn't get file lock.
2024-07-30 19:10:34,894 [ERROR] LogOutputStream:75 - [STDERR_REDIRECT] 
2024-07-30 19:11:04,892 [ERROR] LogOutputStream:75 - [STDERR_REDIRECT] Jul 30, 2024 7:11:04 PM java.util.prefs.FileSystemPreferences checkLockFile0ErrorCode
2024-07-30 19:11:04,892 [ERROR] LogOutputStream:75 - [STDERR_REDIRECT] WARNING: Could not lock System prefs. Unix error code 2.
2024-07-30 19:11:04,893 [ERROR] LogOutputStream:75 - [STDERR_REDIRECT] 
2024-07-30 19:11:04,894 [ERROR] LogOutputStream:75 - [STDERR_REDIRECT] Jul 30, 2024 7:11:04 PM java.util.prefs.FileSystemPreferences syncWorld
2024-07-30 19:11:04,895 [ERROR] LogOutputStream:75 - [STDERR_REDIRECT] WARNING: Couldn't flush system prefs: java.util.prefs.BackingStoreException: Couldn't get file lock.
2024-07-30 19:11:04,896 [ERROR] LogOutputStream:75 - [STDERR_REDIRECT] 
2024-07-30 19:11:34,893 [ERROR] LogOutputStream:75 - [STDERR_REDIRECT] Jul 30, 2024 7:11:34 PM java.util.prefs.FileSystemPreferences checkLockFile0ErrorCode
2024-07-30 19:11:34,893 [ERROR] LogOutputStream:75 - [STDERR_REDIRECT] WARNING: Could not lock System prefs. Unix error code 2.
2024-07-30 19:11:34,895 [ERROR] LogOutputStream:75 - [STDERR_REDIRECT] 
2024-07-30 19:11:34,896 [ERROR] LogOutputStream:75 - [STDERR_REDIRECT] Jul 30, 2024 7:11:34 PM java.util.prefs.FileSystemPreferences syncWorld
2024-07-30 19:11:34,897 [ERROR] LogOutputStream:75 - [STDERR_REDIRECT] WARNING: Couldn't flush system prefs: java.util.prefs.BackingStoreException: Couldn't get file lock.
2024-07-30 19:11:34,897 [ERROR] LogOutputStream:75 - [STDERR_REDIRECT] 
2024-07-30 19:12:04,892 [ERROR] LogOutputStream:75 - [STDERR_REDIRECT] Jul 30, 2024 7:12:04 PM java.util.prefs.FileSystemPreferences checkLockFile0ErrorCode
2024-07-30 19:12:04,893 [ERROR] LogOutputStream:75 - [STDERR_REDIRECT] WARNING: Could not lock System prefs. Unix error code 2.
2024-07-30 19:12:04,894 [ERROR] LogOutputStream:75 - [STDERR_REDIRECT] 
2024-07-30 19:12:04,896 [ERROR] LogOutputStream:75 - [STDERR_REDIRECT] Jul 30, 2024 7:12:04 PM java.util.prefs.FileSystemPreferences syncWorld
2024-07-30 19:12:04,897 [ERROR] LogOutputStream:75 - [STDERR_REDIRECT] WARNING: Couldn't flush system prefs: java.util.prefs.BackingStoreException: Couldn't get file lock.
2024-07-30 19:12:04,897 [ERROR] LogOutputStream:75 - [STDERR_REDIRECT] 
2024-07-30 19:12:34,895 [ERROR] LogOutputStream:75 - [STDERR_REDIRECT] Jul 30, 2024 7:12:34 PM java.util.prefs.FileSystemPreferences checkLockFile0ErrorCode
2024-07-30 19:12:34,895 [ERROR] LogOutputStream:75 - [STDERR_REDIRECT] WARNING: Could not lock System prefs. Unix error code 2.
2024-07-30 19:12:34,895 [ERROR] LogOutputStream:75 - [STDERR_REDIRECT] 
2024-07-30 19:12:34,896 [ERROR] LogOutputStream:75 - [STDERR_REDIRECT] Jul 30, 2024 7:12:34 PM java.util.prefs.FileSystemPreferences syncWorld
2024-07-30 19:12:34,896 [ERROR] LogOutputStream:75 - [STDERR_REDIRECT] WARNING: Couldn't flush system prefs: java.util.prefs.BackingStoreException: Couldn't get file lock.
2024-07-30 19:12:34,896 [ERROR] LogOutputStream:75 - [STDERR_REDIRECT] 
2024-07-30 19:13:04,895 [ERROR] LogOutputStream:75 - [STDERR_REDIRECT] Jul 30, 2024 7:13:04 PM java.util.prefs.FileSystemPreferences checkLockFile0ErrorCode
2024-07-30 19:13:04,896 [ERROR] LogOutputStream:75 - [STDERR_REDIRECT] WARNING: Could not lock System prefs. Unix error code 2.
2024-07-30 19:13:04,896 [ERROR] LogOutputStream:75 - [STDERR_REDIRECT] 
2024-07-30 19:13:04,897 [ERROR] LogOutputStream:75 - [STDERR_REDIRECT] Jul 30, 2024 7:13:04 PM java.util.prefs.FileSystemPreferences syncWorld
2024-07-30 19:13:04,898 [ERROR] LogOutputStream:75 - [STDERR_REDIRECT] WARNING: Couldn't flush system prefs: java.util.prefs.BackingStoreException: Couldn't get file lock.
2024-07-30 19:13:04,898 [ERROR] LogOutputStream:75 - [STDERR_REDIRECT] 
2024-07-30 19:13:34,896 [ERROR] LogOutputStream:75 - [STDERR_REDIRECT] Jul 30, 2024 7:13:34 PM java.util.prefs.FileSystemPreferences checkLockFile0ErrorCode
2024-07-30 19:13:34,897 [ERROR] LogOutputStream:75 - [STDERR_REDIRECT] WARNING: Could not lock System prefs. Unix error code 2.
2024-07-30 19:13:34,897 [ERROR] LogOutputStream:75 - [STDERR_REDIRECT] 
2024-07-30 19:13:34,898 [ERROR] LogOutputStream:75 - [STDERR_REDIRECT] Jul 30, 2024 7:13:34 PM java.util.prefs.FileSystemPreferences syncWorld
2024-07-30 19:13:34,899 [ERROR] LogOutputStream:75 - [STDERR_REDIRECT] WARNING: Couldn't flush system prefs: java.util.prefs.BackingStoreException: Couldn't get file lock.
2024-07-30 19:13:34,899 [ERROR] LogOutputStream:75 - [STDERR_REDIRECT] 
2024-07-30 19:14:04,896 [ERROR] LogOutputStream:75 - [STDERR_REDIRECT] Jul 30, 2024 7:14:04 PM java.util.prefs.FileSystemPreferences checkLockFile0ErrorCode
2024-07-30 19:14:04,897 [ERROR] LogOutputStream:75 - [STDERR_REDIRECT] WARNING: Could not lock System prefs. Unix error code 2.
2024-07-30 19:14:04,898 [ERROR] LogOutputStream:75 - [STDERR_REDIRECT] 
2024-07-30 19:14:04,899 [ERROR] LogOutputStream:75 - [STDERR_REDIRECT] Jul 30, 2024 7:14:04 PM java.util.prefs.FileSystemPreferences syncWorld
2024-07-30 19:14:04,900 [ERROR] LogOutputStream:75 - [STDERR_REDIRECT] WARNING: Couldn't flush system prefs: java.util.prefs.BackingStoreException: Couldn't get file lock.
2024-07-30 19:14:04,900 [ERROR] LogOutputStream:75 - [STDERR_REDIRECT] 
2024-07-30 19:14:34,896 [ERROR] LogOutputStream:75 - [STDERR_REDIRECT] Jul 30, 2024 7:14:34 PM java.util.prefs.FileSystemPreferences checkLockFile0ErrorCode
2024-07-30 19:14:34,897 [ERROR] LogOutputStream:75 - [STDERR_REDIRECT] WARNING: Could not lock System prefs. Unix error code 2.
2024-07-30 19:14:34,898 [ERROR] LogOutputStream:75 - [STDERR_REDIRECT] 
2024-07-30 19:14:34,901 [ERROR] LogOutputStream:75 - [STDERR_REDIRECT] Jul 30, 2024 7:14:34 PM java.util.prefs.FileSystemPreferences syncWorld
2024-07-30 19:14:34,902 [ERROR] LogOutputStream:75 - [STDERR_REDIRECT] WARNING: Couldn't flush system prefs: java.util.prefs.BackingStoreException: Couldn't get file lock.
2024-07-30 19:14:34,902 [ERROR] LogOutputStream:75 - [STDERR_REDIRECT] 
2024-07-30 19:15:04,895 [ERROR] LogOutputStream:75 - [STDERR_REDIRECT] Jul 30, 2024 7:15:04 PM java.util.prefs.FileSystemPreferences checkLockFile0ErrorCode
2024-07-30 19:15:04,896 [ERROR] LogOutputStream:75 - [STDERR_REDIRECT] WARNING: Could not lock System prefs. Unix error code 2.
2024-07-30 19:15:04,896 [ERROR] LogOutputStream:75 - [STDERR_REDIRECT] 
2024-07-30 19:15:04,897 [ERROR] LogOutputStream:75 - [STDERR_REDIRECT] Jul 30, 2024 7:15:04 PM java.util.prefs.FileSystemPreferences syncWorld
2024-07-30 19:15:04,898 [ERROR] LogOutputStream:75 - [STDERR_REDIRECT] WARNING: Couldn't flush system prefs: java.util.prefs.BackingStoreException: Couldn't get file lock.
2024-07-30 19:15:04,898 [ERROR] LogOutputStream:75 - [STDERR_REDIRECT] 
2024-07-30 19:15:34,898 [ERROR] LogOutputStream:75 - [STDERR_REDIRECT] Jul 30, 2024 7:15:34 PM java.util.prefs.FileSystemPreferences checkLockFile0ErrorCode
2024-07-30 19:15:34,899 [ERROR] LogOutputStream:75 - [STDERR_REDIRECT] WARNING: Could not lock System prefs. Unix error code 2.
2024-07-30 19:15:34,899 [ERROR] LogOutputStream:75 - [STDERR_REDIRECT] 
2024-07-30 19:15:34,901 [ERROR] LogOutputStream:75 - [STDERR_REDIRECT] Jul 30, 2024 7:15:34 PM java.util.prefs.FileSystemPreferences syncWorld
2024-07-30 19:15:34,902 [ERROR] LogOutputStream:75 - [STDERR_REDIRECT] WARNING: Couldn't flush system prefs: java.util.prefs.BackingStoreException: Couldn't get file lock.
2024-07-30 19:15:34,902 [ERROR] LogOutputStream:75 - [STDERR_REDIRECT] 
2024-07-30 19:16:04,896 [ERROR] LogOutputStream:75 - [STDERR_REDIRECT] Jul 30, 2024 7:16:04 PM java.util.prefs.FileSystemPreferences checkLockFile0ErrorCode
2024-07-30 19:16:04,897 [ERROR] LogOutputStream:75 - [STDERR_REDIRECT] WARNING: Could not lock System prefs. Unix error code 2.
2024-07-30 19:16:04,898 [ERROR] LogOutputStream:75 - [STDERR_REDIRECT] 
2024-07-30 19:16:04,899 [ERROR] LogOutputStream:75 - [STDERR_REDIRECT] Jul 30, 2024 7:16:04 PM java.util.prefs.FileSystemPreferences syncWorld
2024-07-30 19:16:04,900 [ERROR] LogOutputStream:75 - [STDERR_REDIRECT] WARNING: Couldn't flush system prefs: java.util.prefs.BackingStoreException: Couldn't get file lock.
2024-07-30 19:16:04,901 [ERROR] LogOutputStream:75 - [STDERR_REDIRECT] 
2024-07-30 19:16:34,897 [ERROR] LogOutputStream:75 - [STDERR_REDIRECT] Jul 30, 2024 7:16:34 PM java.util.prefs.FileSystemPreferences checkLockFile0ErrorCode
2024-07-30 19:16:34,898 [ERROR] LogOutputStream:75 - [STDERR_REDIRECT] WARNING: Could not lock System prefs. Unix error code 2.
2024-07-30 19:16:34,898 [ERROR] LogOutputStream:75 - [STDERR_REDIRECT] 
2024-07-30 19:16:34,899 [ERROR] LogOutputStream:75 - [STDERR_REDIRECT] Jul 30, 2024 7:16:34 PM java.util.prefs.FileSystemPreferences syncWorld
2024-07-30 19:16:34,900 [ERROR] LogOutputStream:75 - [STDERR_REDIRECT] WARNING: Couldn't flush system prefs: java.util.prefs.BackingStoreException: Couldn't get file lock.
2024-07-30 19:16:34,900 [ERROR] LogOutputStream:75 - [STDERR_REDIRECT] 
2024-07-30 19:17:04,898 [ERROR] LogOutputStream:75 - [STDERR_REDIRECT] Jul 30, 2024 7:17:04 PM java.util.prefs.FileSystemPreferences checkLockFile0ErrorCode
2024-07-30 19:17:04,899 [ERROR] LogOutputStream:75 - [STDERR_REDIRECT] WARNING: Could not lock System prefs. Unix error code 2.
2024-07-30 19:17:04,900 [ERROR] LogOutputStream:75 - [STDERR_REDIRECT] 
2024-07-30 19:17:04,901 [ERROR] LogOutputStream:75 - [STDERR_REDIRECT] Jul 30, 2024 7:17:04 PM java.util.prefs.FileSystemPreferences syncWorld
2024-07-30 19:17:04,902 [ERROR] LogOutputStream:75 - [STDERR_REDIRECT] WARNING: Couldn't flush system prefs: java.util.prefs.BackingStoreException: Couldn't get file lock.
2024-07-30 19:17:04,902 [ERROR] LogOutputStream:75 - [STDERR_REDIRECT] 
2024-07-30 19:17:34,899 [ERROR] LogOutputStream:75 - [STDERR_REDIRECT] Jul 30, 2024 7:17:34 PM java.util.prefs.FileSystemPreferences checkLockFile0ErrorCode
2024-07-30 19:17:34,900 [ERROR] LogOutputStream:75 - [STDERR_REDIRECT] WARNING: Could not lock System prefs. Unix error code 2.
2024-07-30 19:17:34,938 [ERROR] LogOutputStream:75 - [STDERR_REDIRECT] 
2024-07-30 19:17:34,939 [ERROR] LogOutputStream:75 - [STDERR_REDIRECT] Jul 30, 2024 7:17:34 PM java.util.prefs.FileSystemPreferences syncWorld
2024-07-30 19:17:34,939 [ERROR] LogOutputStream:75 - [STDERR_REDIRECT] WARNING: Couldn't flush system prefs: java.util.prefs.BackingStoreException: Couldn't get file lock.
2024-07-30 19:17:34,939 [ERROR] LogOutputStream:75 - [STDERR_REDIRECT] 
2024-07-30 19:18:04,899 [ERROR] LogOutputStream:75 - [STDERR_REDIRECT] Jul 30, 2024 7:18:04 PM java.util.prefs.FileSystemPreferences checkLockFile0ErrorCode
2024-07-30 19:18:04,901 [ERROR] LogOutputStream:75 - [STDERR_REDIRECT] WARNING: Could not lock System prefs. Unix error code 2.
2024-07-30 19:18:04,903 [ERROR] LogOutputStream:75 - [STDERR_REDIRECT] 
2024-07-30 19:18:04,905 [ERROR] LogOutputStream:75 - [STDERR_REDIRECT] Jul 30, 2024 7:18:04 PM java.util.prefs.FileSystemPreferences syncWorld
2024-07-30 19:18:04,906 [ERROR] LogOutputStream:75 - [STDERR_REDIRECT] WARNING: Couldn't flush system prefs: java.util.prefs.BackingStoreException: Couldn't get file lock.
2024-07-30 19:18:04,906 [ERROR] LogOutputStream:75 - [STDERR_REDIRECT] 
2024-07-30 19:18:34,898 [ERROR] LogOutputStream:75 - [STDERR_REDIRECT] Jul 30, 2024 7:18:34 PM java.util.prefs.FileSystemPreferences checkLockFile0ErrorCode
2024-07-30 19:18:34,898 [ERROR] LogOutputStream:75 - [STDERR_REDIRECT] WARNING: Could not lock System prefs. Unix error code 2.
2024-07-30 19:18:34,899 [ERROR] LogOutputStream:75 - [STDERR_REDIRECT] 
2024-07-30 19:18:34,901 [ERROR] LogOutputStream:75 - [STDERR_REDIRECT] Jul 30, 2024 7:18:34 PM java.util.prefs.FileSystemPreferences syncWorld
2024-07-30 19:18:34,902 [ERROR] LogOutputStream:75 - [STDERR_REDIRECT] WARNING: Couldn't flush system prefs: java.util.prefs.BackingStoreException: Couldn't get file lock.
2024-07-30 19:18:34,902 [ERROR] LogOutputStream:75 - [STDERR_REDIRECT] 
2024-07-30 19:19:04,899 [ERROR] LogOutputStream:75 - [STDERR_REDIRECT] Jul 30, 2024 7:19:04 PM java.util.prefs.FileSystemPreferences checkLockFile0ErrorCode
2024-07-30 19:19:04,900 [ERROR] LogOutputStream:75 - [STDERR_REDIRECT] WARNING: Could not lock System prefs. Unix error code 2.
2024-07-30 19:19:04,900 [ERROR] LogOutputStream:75 - [STDERR_REDIRECT] 
2024-07-30 19:19:04,902 [ERROR] LogOutputStream:75 - [STDERR_REDIRECT] Jul 30, 2024 7:19:04 PM java.util.prefs.FileSystemPreferences syncWorld
2024-07-30 19:19:04,903 [ERROR] LogOutputStream:75 - [STDERR_REDIRECT] WARNING: Couldn't flush system prefs: java.util.prefs.BackingStoreException: Couldn't get file lock.
2024-07-30 19:19:04,903 [ERROR] LogOutputStream:75 - [STDERR_REDIRECT] 
2024-07-30 19:19:34,900 [ERROR] LogOutputStream:75 - [STDERR_REDIRECT] Jul 30, 2024 7:19:34 PM java.util.prefs.FileSystemPreferences checkLockFile0ErrorCode
2024-07-30 19:19:34,901 [ERROR] LogOutputStream:75 - [STDERR_REDIRECT] WARNING: Could not lock System prefs. Unix error code 2.
2024-07-30 19:19:34,902 [ERROR] LogOutputStream:75 - [STDERR_REDIRECT] 
2024-07-30 19:19:34,904 [ERROR] LogOutputStream:75 - [STDERR_REDIRECT] Jul 30, 2024 7:19:34 PM java.util.prefs.FileSystemPreferences syncWorld
2024-07-30 19:19:34,905 [ERROR] LogOutputStream:75 - [STDERR_REDIRECT] WARNING: Couldn't flush system prefs: java.util.prefs.BackingStoreException: Couldn't get file lock.
2024-07-30 19:19:34,905 [ERROR] LogOutputStream:75 - [STDERR_REDIRECT] 
2024-07-30 19:20:04,900 [ERROR] LogOutputStream:75 - [STDERR_REDIRECT] Jul 30, 2024 7:20:04 PM java.util.prefs.FileSystemPreferences checkLockFile0ErrorCode
2024-07-30 19:20:04,900 [ERROR] LogOutputStream:75 - [STDERR_REDIRECT] WARNING: Could not lock System prefs. Unix error code 2.
2024-07-30 19:20:04,901 [ERROR] LogOutputStream:75 - [STDERR_REDIRECT] 
2024-07-30 19:20:04,902 [ERROR] LogOutputStream:75 - [STDERR_REDIRECT] Jul 30, 2024 7:20:04 PM java.util.prefs.FileSystemPreferences syncWorld
2024-07-30 19:20:04,903 [ERROR] LogOutputStream:75 - [STDERR_REDIRECT] WARNING: Couldn't flush system prefs: java.util.prefs.BackingStoreException: Couldn't get file lock.
2024-07-30 19:20:04,903 [ERROR] LogOutputStream:75 - [STDERR_REDIRECT] 
2024-07-30 19:20:34,899 [ERROR] LogOutputStream:75 - [STDERR_REDIRECT] Jul 30, 2024 7:20:34 PM java.util.prefs.FileSystemPreferences checkLockFile0ErrorCode
2024-07-30 19:20:34,899 [ERROR] LogOutputStream:75 - [STDERR_REDIRECT] WARNING: Could not lock System prefs. Unix error code 2.
2024-07-30 19:20:34,900 [ERROR] LogOutputStream:75 - [STDERR_REDIRECT] 
2024-07-30 19:20:34,902 [ERROR] LogOutputStream:75 - [STDERR_REDIRECT] Jul 30, 2024 7:20:34 PM java.util.prefs.FileSystemPreferences syncWorld
2024-07-30 19:20:34,902 [ERROR] LogOutputStream:75 - [STDERR_REDIRECT] WARNING: Couldn't flush system prefs: java.util.prefs.BackingStoreException: Couldn't get file lock.
2024-07-30 19:20:34,903 [ERROR] LogOutputStream:75 - [STDERR_REDIRECT] 
2024-07-30 19:21:04,899 [ERROR] LogOutputStream:75 - [STDERR_REDIRECT] Jul 30, 2024 7:21:04 PM java.util.prefs.FileSystemPreferences checkLockFile0ErrorCode
2024-07-30 19:21:04,899 [ERROR] LogOutputStream:75 - [STDERR_REDIRECT] WARNING: Could not lock System prefs. Unix error code 2.
2024-07-30 19:21:04,900 [ERROR] LogOutputStream:75 - [STDERR_REDIRECT] 
2024-07-30 19:21:04,901 [ERROR] LogOutputStream:75 - [STDERR_REDIRECT] Jul 30, 2024 7:21:04 PM java.util.prefs.FileSystemPreferences syncWorld
2024-07-30 19:21:04,901 [ERROR] LogOutputStream:75 - [STDERR_REDIRECT] WARNING: Couldn't flush system prefs: java.util.prefs.BackingStoreException: Couldn't get file lock.
2024-07-30 19:21:04,901 [ERROR] LogOutputStream:75 - [STDERR_REDIRECT] 
2024-07-30 19:21:34,899 [ERROR] LogOutputStream:75 - [STDERR_REDIRECT] Jul 30, 2024 7:21:34 PM java.util.prefs.FileSystemPreferences checkLockFile0ErrorCode
2024-07-30 19:21:34,899 [ERROR] LogOutputStream:75 - [STDERR_REDIRECT] WARNING: Could not lock System prefs. Unix error code 2.
2024-07-30 19:21:34,899 [ERROR] LogOutputStream:75 - [STDERR_REDIRECT] 
2024-07-30 19:21:34,900 [ERROR] LogOutputStream:75 - [STDERR_REDIRECT] Jul 30, 2024 7:21:34 PM java.util.prefs.FileSystemPreferences syncWorld
2024-07-30 19:21:34,900 [ERROR] LogOutputStream:75 - [STDERR_REDIRECT] WARNING: Couldn't flush system prefs: java.util.prefs.BackingStoreException: Couldn't get file lock.
2024-07-30 19:21:34,900 [ERROR] LogOutputStream:75 - [STDERR_REDIRECT] 
2024-07-30 19:22:04,900 [ERROR] LogOutputStream:75 - [STDERR_REDIRECT] Jul 30, 2024 7:22:04 PM java.util.prefs.FileSystemPreferences checkLockFile0ErrorCode
2024-07-30 19:22:04,901 [ERROR] LogOutputStream:75 - [STDERR_REDIRECT] WARNING: Could not lock System prefs. Unix error code 2.
2024-07-30 19:22:04,901 [ERROR] LogOutputStream:75 - [STDERR_REDIRECT] 
2024-07-30 19:22:04,902 [ERROR] LogOutputStream:75 - [STDERR_REDIRECT] Jul 30, 2024 7:22:04 PM java.util.prefs.FileSystemPreferences syncWorld
2024-07-30 19:22:04,902 [ERROR] LogOutputStream:75 - [STDERR_REDIRECT] WARNING: Couldn't flush system prefs: java.util.prefs.BackingStoreException: Couldn't get file lock.
2024-07-30 19:22:04,903 [ERROR] LogOutputStream:75 - [STDERR_REDIRECT] 
2024-07-30 19:22:34,900 [ERROR] LogOutputStream:75 - [STDERR_REDIRECT] Jul 30, 2024 7:22:34 PM java.util.prefs.FileSystemPreferences checkLockFile0ErrorCode
2024-07-30 19:22:34,900 [ERROR] LogOutputStream:75 - [STDERR_REDIRECT] WARNING: Could not lock System prefs. Unix error code 2.
2024-07-30 19:22:34,900 [ERROR] LogOutputStream:75 - [STDERR_REDIRECT] 
2024-07-30 19:22:34,901 [ERROR] LogOutputStream:75 - [STDERR_REDIRECT] Jul 30, 2024 7:22:34 PM java.util.prefs.FileSystemPreferences syncWorld
2024-07-30 19:22:34,901 [ERROR] LogOutputStream:75 - [STDERR_REDIRECT] WARNING: Couldn't flush system prefs: java.util.prefs.BackingStoreException: Couldn't get file lock.
2024-07-30 19:22:34,901 [ERROR] LogOutputStream:75 - [STDERR_REDIRECT] 
2024-07-30 19:23:04,900 [ERROR] LogOutputStream:75 - [STDERR_REDIRECT] Jul 30, 2024 7:23:04 PM java.util.prefs.FileSystemPreferences checkLockFile0ErrorCode
2024-07-30 19:23:04,902 [ERROR] LogOutputStream:75 - [STDERR_REDIRECT] WARNING: Could not lock System prefs. Unix error code 2.
2024-07-30 19:23:04,903 [ERROR] LogOutputStream:75 - [STDERR_REDIRECT] 
2024-07-30 19:23:04,904 [ERROR] LogOutputStream:75 - [STDERR_REDIRECT] Jul 30, 2024 7:23:04 PM java.util.prefs.FileSystemPreferences syncWorld
2024-07-30 19:23:04,904 [ERROR] LogOutputStream:75 - [STDERR_REDIRECT] WARNING: Couldn't flush system prefs: java.util.prefs.BackingStoreException: Couldn't get file lock.
2024-07-30 19:23:04,905 [ERROR] LogOutputStream:75 - [STDERR_REDIRECT] 
2024-07-30 19:23:34,900 [ERROR] LogOutputStream:75 - [STDERR_REDIRECT] Jul 30, 2024 7:23:34 PM java.util.prefs.FileSystemPreferences checkLockFile0ErrorCode
2024-07-30 19:23:34,901 [ERROR] LogOutputStream:75 - [STDERR_REDIRECT] WARNING: Could not lock System prefs. Unix error code 2.
2024-07-30 19:23:34,901 [ERROR] LogOutputStream:75 - [STDERR_REDIRECT] 
2024-07-30 19:23:34,903 [ERROR] LogOutputStream:75 - [STDERR_REDIRECT] Jul 30, 2024 7:23:34 PM java.util.prefs.FileSystemPreferences syncWorld
2024-07-30 19:23:34,903 [ERROR] LogOutputStream:75 - [STDERR_REDIRECT] WARNING: Couldn't flush system prefs: java.util.prefs.BackingStoreException: Couldn't get file lock.
2024-07-30 19:23:34,905 [ERROR] LogOutputStream:75 - [STDERR_REDIRECT] 
2024-07-30 19:24:04,900 [ERROR] LogOutputStream:75 - [STDERR_REDIRECT] Jul 30, 2024 7:24:04 PM java.util.prefs.FileSystemPreferences checkLockFile0ErrorCode
2024-07-30 19:24:04,901 [ERROR] LogOutputStream:75 - [STDERR_REDIRECT] WARNING: Could not lock System prefs. Unix error code 2.
2024-07-30 19:24:04,901 [ERROR] LogOutputStream:75 - [STDERR_REDIRECT] 
2024-07-30 19:24:04,902 [ERROR] LogOutputStream:75 - [STDERR_REDIRECT] Jul 30, 2024 7:24:04 PM java.util.prefs.FileSystemPreferences syncWorld
2024-07-30 19:24:04,903 [ERROR] LogOutputStream:75 - [STDERR_REDIRECT] WARNING: Couldn't flush system prefs: java.util.prefs.BackingStoreException: Couldn't get file lock.
2024-07-30 19:24:04,904 [ERROR] LogOutputStream:75 - [STDERR_REDIRECT] 
2024-07-30 19:24:34,900 [ERROR] LogOutputStream:75 - [STDERR_REDIRECT] Jul 30, 2024 7:24:34 PM java.util.prefs.FileSystemPreferences checkLockFile0ErrorCode
2024-07-30 19:24:34,900 [ERROR] LogOutputStream:75 - [STDERR_REDIRECT] WARNING: Could not lock System prefs. Unix error code 2.
2024-07-30 19:24:34,901 [ERROR] LogOutputStream:75 - [STDERR_REDIRECT] 
2024-07-30 19:24:34,902 [ERROR] LogOutputStream:75 - [STDERR_REDIRECT] Jul 30, 2024 7:24:34 PM java.util.prefs.FileSystemPreferences syncWorld
2024-07-30 19:24:34,902 [ERROR] LogOutputStream:75 - [STDERR_REDIRECT] WARNING: Couldn't flush system prefs: java.util.prefs.BackingStoreException: Couldn't get file lock.
2024-07-30 19:24:34,902 [ERROR] LogOutputStream:75 - [STDERR_REDIRECT] 
2024-07-30 19:25:04,900 [ERROR] LogOutputStream:75 - [STDERR_REDIRECT] Jul 30, 2024 7:25:04 PM java.util.prefs.FileSystemPreferences checkLockFile0ErrorCode
2024-07-30 19:25:04,900 [ERROR] LogOutputStream:75 - [STDERR_REDIRECT] WARNING: Could not lock System prefs. Unix error code 2.
2024-07-30 19:25:04,901 [ERROR] LogOutputStream:75 - [STDERR_REDIRECT] 
2024-07-30 19:25:04,901 [ERROR] LogOutputStream:75 - [STDERR_REDIRECT] Jul 30, 2024 7:25:04 PM java.util.prefs.FileSystemPreferences syncWorld
2024-07-30 19:25:04,902 [ERROR] LogOutputStream:75 - [STDERR_REDIRECT] WARNING: Couldn't flush system prefs: java.util.prefs.BackingStoreException: Couldn't get file lock.
2024-07-30 19:25:04,902 [ERROR] LogOutputStream:75 - [STDERR_REDIRECT] 
2024-07-30 19:25:34,900 [ERROR] LogOutputStream:75 - [STDERR_REDIRECT] Jul 30, 2024 7:25:34 PM java.util.prefs.FileSystemPreferences checkLockFile0ErrorCode
2024-07-30 19:25:34,901 [ERROR] LogOutputStream:75 - [STDERR_REDIRECT] WARNING: Could not lock System prefs. Unix error code 2.
2024-07-30 19:25:34,901 [ERROR] LogOutputStream:75 - [STDERR_REDIRECT] 
2024-07-30 19:25:34,902 [ERROR] LogOutputStream:75 - [STDERR_REDIRECT] Jul 30, 2024 7:25:34 PM java.util.prefs.FileSystemPreferences syncWorld
2024-07-30 19:25:34,903 [ERROR] LogOutputStream:75 - [STDERR_REDIRECT] WARNING: Couldn't flush system prefs: java.util.prefs.BackingStoreException: Couldn't get file lock.
2024-07-30 19:25:34,903 [ERROR] LogOutputStream:75 - [STDERR_REDIRECT] 
2024-07-30 19:26:04,903 [ERROR] LogOutputStream:75 - [STDERR_REDIRECT] Jul 30, 2024 7:26:04 PM java.util.prefs.FileSystemPreferences checkLockFile0ErrorCode
2024-07-30 19:26:04,903 [ERROR] LogOutputStream:75 - [STDERR_REDIRECT] WARNING: Could not lock System prefs. Unix error code 2.
2024-07-30 19:26:04,904 [ERROR] LogOutputStream:75 - [STDERR_REDIRECT] 
2024-07-30 19:26:04,906 [ERROR] LogOutputStream:75 - [STDERR_REDIRECT] Jul 30, 2024 7:26:04 PM java.util.prefs.FileSystemPreferences syncWorld
2024-07-30 19:26:04,907 [ERROR] LogOutputStream:75 - [STDERR_REDIRECT] WARNING: Couldn't flush system prefs: java.util.prefs.BackingStoreException: Couldn't get file lock.
2024-07-30 19:26:04,907 [ERROR] LogOutputStream:75 - [STDERR_REDIRECT] 
2024-07-30 19:26:34,902 [ERROR] LogOutputStream:75 - [STDERR_REDIRECT] Jul 30, 2024 7:26:34 PM java.util.prefs.FileSystemPreferences checkLockFile0ErrorCode
2024-07-30 19:26:34,902 [ERROR] LogOutputStream:75 - [STDERR_REDIRECT] WARNING: Could not lock System prefs. Unix error code 2.
2024-07-30 19:26:34,904 [ERROR] LogOutputStream:75 - [STDERR_REDIRECT] 
2024-07-30 19:26:34,906 [ERROR] LogOutputStream:75 - [STDERR_REDIRECT] Jul 30, 2024 7:26:34 PM java.util.prefs.FileSystemPreferences syncWorld
2024-07-30 19:26:34,906 [ERROR] LogOutputStream:75 - [STDERR_REDIRECT] WARNING: Couldn't flush system prefs: java.util.prefs.BackingStoreException: Couldn't get file lock.
2024-07-30 19:26:34,907 [ERROR] LogOutputStream:75 - [STDERR_REDIRECT] 
2024-07-30 19:27:04,904 [ERROR] LogOutputStream:75 - [STDERR_REDIRECT] Jul 30, 2024 7:27:04 PM java.util.prefs.FileSystemPreferences checkLockFile0ErrorCode
2024-07-30 19:27:04,904 [ERROR] LogOutputStream:75 - [STDERR_REDIRECT] WARNING: Could not lock System prefs. Unix error code 2.
2024-07-30 19:27:04,905 [ERROR] LogOutputStream:75 - [STDERR_REDIRECT] 
2024-07-30 19:27:04,906 [ERROR] LogOutputStream:75 - [STDERR_REDIRECT] Jul 30, 2024 7:27:04 PM java.util.prefs.FileSystemPreferences syncWorld
2024-07-30 19:27:04,907 [ERROR] LogOutputStream:75 - [STDERR_REDIRECT] WARNING: Couldn't flush system prefs: java.util.prefs.BackingStoreException: Couldn't get file lock.
2024-07-30 19:27:04,907 [ERROR] LogOutputStream:75 - [STDERR_REDIRECT] 
2024-07-30 19:27:34,901 [ERROR] LogOutputStream:75 - [STDERR_REDIRECT] Jul 30, 2024 7:27:34 PM java.util.prefs.FileSystemPreferences checkLockFile0ErrorCode
2024-07-30 19:27:34,902 [ERROR] LogOutputStream:75 - [STDERR_REDIRECT] WARNING: Could not lock System prefs. Unix error code 2.
2024-07-30 19:27:34,902 [ERROR] LogOutputStream:75 - [STDERR_REDIRECT] 
2024-07-30 19:27:34,903 [ERROR] LogOutputStream:75 - [STDERR_REDIRECT] Jul 30, 2024 7:27:34 PM java.util.prefs.FileSystemPreferences syncWorld
2024-07-30 19:27:34,903 [ERROR] LogOutputStream:75 - [STDERR_REDIRECT] WARNING: Couldn't flush system prefs: java.util.prefs.BackingStoreException: Couldn't get file lock.
2024-07-30 19:27:34,903 [ERROR] LogOutputStream:75 - [STDERR_REDIRECT] 
2024-07-30 19:28:04,901 [ERROR] LogOutputStream:75 - [STDERR_REDIRECT] Jul 30, 2024 7:28:04 PM java.util.prefs.FileSystemPreferences checkLockFile0ErrorCode
2024-07-30 19:28:04,902 [ERROR] LogOutputStream:75 - [STDERR_REDIRECT] WARNING: Could not lock System prefs. Unix error code 2.
2024-07-30 19:28:04,902 [ERROR] LogOutputStream:75 - [STDERR_REDIRECT] 
2024-07-30 19:28:04,903 [ERROR] LogOutputStream:75 - [STDERR_REDIRECT] Jul 30, 2024 7:28:04 PM java.util.prefs.FileSystemPreferences syncWorld
2024-07-30 19:28:04,903 [ERROR] LogOutputStream:75 - [STDERR_REDIRECT] WARNING: Couldn't flush system prefs: java.util.prefs.BackingStoreException: Couldn't get file lock.
2024-07-30 19:28:04,903 [ERROR] LogOutputStream:75 - [STDERR_REDIRECT] 
2024-07-30 19:28:34,901 [ERROR] LogOutputStream:75 - [STDERR_REDIRECT] Jul 30, 2024 7:28:34 PM java.util.prefs.FileSystemPreferences checkLockFile0ErrorCode
2024-07-30 19:28:34,901 [ERROR] LogOutputStream:75 - [STDERR_REDIRECT] WARNING: Could not lock System prefs. Unix error code 2.
2024-07-30 19:28:34,902 [ERROR] LogOutputStream:75 - [STDERR_REDIRECT] 
2024-07-30 19:28:34,904 [ERROR] LogOutputStream:75 - [STDERR_REDIRECT] Jul 30, 2024 7:28:34 PM java.util.prefs.FileSystemPreferences syncWorld
2024-07-30 19:28:34,905 [ERROR] LogOutputStream:75 - [STDERR_REDIRECT] WARNING: Couldn't flush system prefs: java.util.prefs.BackingStoreException: Couldn't get file lock.
2024-07-30 19:28:34,906 [ERROR] LogOutputStream:75 - [STDERR_REDIRECT] 
2024-07-30 19:29:04,902 [ERROR] LogOutputStream:75 - [STDERR_REDIRECT] Jul 30, 2024 7:29:04 PM java.util.prefs.FileSystemPreferences checkLockFile0ErrorCode
2024-07-30 19:29:04,902 [ERROR] LogOutputStream:75 - [STDERR_REDIRECT] WARNING: Could not lock System prefs. Unix error code 2.
2024-07-30 19:29:04,903 [ERROR] LogOutputStream:75 - [STDERR_REDIRECT] 
2024-07-30 19:29:04,903 [ERROR] LogOutputStream:75 - [STDERR_REDIRECT] Jul 30, 2024 7:29:04 PM java.util.prefs.FileSystemPreferences syncWorld
2024-07-30 19:29:04,904 [ERROR] LogOutputStream:75 - [STDERR_REDIRECT] WARNING: Couldn't flush system prefs: java.util.prefs.BackingStoreException: Couldn't get file lock.
2024-07-30 19:29:04,904 [ERROR] LogOutputStream:75 - [STDERR_REDIRECT] 
2024-07-30 19:29:34,901 [ERROR] LogOutputStream:75 - [STDERR_REDIRECT] Jul 30, 2024 7:29:34 PM java.util.prefs.FileSystemPreferences checkLockFile0ErrorCode
2024-07-30 19:29:34,902 [ERROR] LogOutputStream:75 - [STDERR_REDIRECT] WARNING: Could not lock System prefs. Unix error code 2.
2024-07-30 19:29:34,902 [ERROR] LogOutputStream:75 - [STDERR_REDIRECT] 
2024-07-30 19:29:34,903 [ERROR] LogOutputStream:75 - [STDERR_REDIRECT] Jul 30, 2024 7:29:34 PM java.util.prefs.FileSystemPreferences syncWorld
2024-07-30 19:29:34,904 [ERROR] LogOutputStream:75 - [STDERR_REDIRECT] WARNING: Couldn't flush system prefs: java.util.prefs.BackingStoreException: Couldn't get file lock.
2024-07-30 19:29:34,904 [ERROR] LogOutputStream:75 - [STDERR_REDIRECT] 
2024-07-30 19:30:04,903 [ERROR] LogOutputStream:75 - [STDERR_REDIRECT] Jul 30, 2024 7:30:04 PM java.util.prefs.FileSystemPreferences checkLockFile0ErrorCode
2024-07-30 19:30:04,904 [ERROR] LogOutputStream:75 - [STDERR_REDIRECT] WARNING: Could not lock System prefs. Unix error code 2.
2024-07-30 19:30:04,905 [ERROR] LogOutputStream:75 - [STDERR_REDIRECT] 
2024-07-30 19:30:04,906 [ERROR] LogOutputStream:75 - [STDERR_REDIRECT] Jul 30, 2024 7:30:04 PM java.util.prefs.FileSystemPreferences syncWorld
2024-07-30 19:30:04,907 [ERROR] LogOutputStream:75 - [STDERR_REDIRECT] WARNING: Couldn't flush system prefs: java.util.prefs.BackingStoreException: Couldn't get file lock.
2024-07-30 19:30:04,907 [ERROR] LogOutputStream:75 - [STDERR_REDIRECT] 
2024-07-30 19:30:34,902 [ERROR] LogOutputStream:75 - [STDERR_REDIRECT] Jul 30, 2024 7:30:34 PM java.util.prefs.FileSystemPreferences checkLockFile0ErrorCode
2024-07-30 19:30:34,902 [ERROR] LogOutputStream:75 - [STDERR_REDIRECT] WARNING: Could not lock System prefs. Unix error code 2.
2024-07-30 19:30:34,903 [ERROR] LogOutputStream:75 - [STDERR_REDIRECT] 
2024-07-30 19:30:34,904 [ERROR] LogOutputStream:75 - [STDERR_REDIRECT] Jul 30, 2024 7:30:34 PM java.util.prefs.FileSystemPreferences syncWorld
2024-07-30 19:30:34,905 [ERROR] LogOutputStream:75 - [STDERR_REDIRECT] WARNING: Couldn't flush system prefs: java.util.prefs.BackingStoreException: Couldn't get file lock.
2024-07-30 19:30:34,905 [ERROR] LogOutputStream:75 - [STDERR_REDIRECT] 
2024-07-30 19:31:04,902 [ERROR] LogOutputStream:75 - [STDERR_REDIRECT] Jul 30, 2024 7:31:04 PM java.util.prefs.FileSystemPreferences checkLockFile0ErrorCode
2024-07-30 19:31:04,903 [ERROR] LogOutputStream:75 - [STDERR_REDIRECT] WARNING: Could not lock System prefs. Unix error code 2.
2024-07-30 19:31:04,903 [ERROR] LogOutputStream:75 - [STDERR_REDIRECT] 
2024-07-30 19:31:04,905 [ERROR] LogOutputStream:75 - [STDERR_REDIRECT] Jul 30, 2024 7:31:04 PM java.util.prefs.FileSystemPreferences syncWorld
2024-07-30 19:31:04,906 [ERROR] LogOutputStream:75 - [STDERR_REDIRECT] WARNING: Couldn't flush system prefs: java.util.prefs.BackingStoreException: Couldn't get file lock.
2024-07-30 19:31:04,906 [ERROR] LogOutputStream:75 - [STDERR_REDIRECT] 
2024-07-30 19:31:34,901 [ERROR] LogOutputStream:75 - [STDERR_REDIRECT] Jul 30, 2024 7:31:34 PM java.util.prefs.FileSystemPreferences checkLockFile0ErrorCode
2024-07-30 19:31:34,902 [ERROR] LogOutputStream:75 - [STDERR_REDIRECT] WARNING: Could not lock System prefs. Unix error code 2.
2024-07-30 19:31:34,902 [ERROR] LogOutputStream:75 - [STDERR_REDIRECT] 
2024-07-30 19:31:34,903 [ERROR] LogOutputStream:75 - [STDERR_REDIRECT] Jul 30, 2024 7:31:34 PM java.util.prefs.FileSystemPreferences syncWorld
2024-07-30 19:31:34,904 [ERROR] LogOutputStream:75 - [STDERR_REDIRECT] WARNING: Couldn't flush system prefs: java.util.prefs.BackingStoreException: Couldn't get file lock.
2024-07-30 19:31:34,905 [ERROR] LogOutputStream:75 - [STDERR_REDIRECT] 
2024-07-30 19:32:04,901 [ERROR] LogOutputStream:75 - [STDERR_REDIRECT] Jul 30, 2024 7:32:04 PM java.util.prefs.FileSystemPreferences checkLockFile0ErrorCode
2024-07-30 19:32:04,902 [ERROR] LogOutputStream:75 - [STDERR_REDIRECT] WARNING: Could not lock System prefs. Unix error code 2.
2024-07-30 19:32:04,902 [ERROR] LogOutputStream:75 - [STDERR_REDIRECT] 
2024-07-30 19:32:04,902 [ERROR] LogOutputStream:75 - [STDERR_REDIRECT] Jul 30, 2024 7:32:04 PM java.util.prefs.FileSystemPreferences syncWorld
2024-07-30 19:32:04,902 [ERROR] LogOutputStream:75 - [STDERR_REDIRECT] WARNING: Couldn't flush system prefs: java.util.prefs.BackingStoreException: Couldn't get file lock.
2024-07-30 19:32:04,902 [ERROR] LogOutputStream:75 - [STDERR_REDIRECT] 
2024-07-30 19:32:34,904 [ERROR] LogOutputStream:75 - [STDERR_REDIRECT] Jul 30, 2024 7:32:34 PM java.util.prefs.FileSystemPreferences checkLockFile0ErrorCode
2024-07-30 19:32:34,904 [ERROR] LogOutputStream:75 - [STDERR_REDIRECT] WARNING: Could not lock System prefs. Unix error code 2.
2024-07-30 19:32:34,904 [ERROR] LogOutputStream:75 - [STDERR_REDIRECT] 
2024-07-30 19:32:34,905 [ERROR] LogOutputStream:75 - [STDERR_REDIRECT] Jul 30, 2024 7:32:34 PM java.util.prefs.FileSystemPreferences syncWorld
2024-07-30 19:32:34,905 [ERROR] LogOutputStream:75 - [STDERR_REDIRECT] WARNING: Couldn't flush system prefs: java.util.prefs.BackingStoreException: Couldn't get file lock.
2024-07-30 19:32:34,905 [ERROR] LogOutputStream:75 - [STDERR_REDIRECT] 
2024-07-30 19:33:04,903 [ERROR] LogOutputStream:75 - [STDERR_REDIRECT] Jul 30, 2024 7:33:04 PM java.util.prefs.FileSystemPreferences checkLockFile0ErrorCode
2024-07-30 19:33:04,904 [ERROR] LogOutputStream:75 - [STDERR_REDIRECT] WARNING: Could not lock System prefs. Unix error code 2.
2024-07-30 19:33:04,905 [ERROR] LogOutputStream:75 - [STDERR_REDIRECT] 
2024-07-30 19:33:04,907 [ERROR] LogOutputStream:75 - [STDERR_REDIRECT] Jul 30, 2024 7:33:04 PM java.util.prefs.FileSystemPreferences syncWorld
2024-07-30 19:33:04,907 [ERROR] LogOutputStream:75 - [STDERR_REDIRECT] WARNING: Couldn't flush system prefs: java.util.prefs.BackingStoreException: Couldn't get file lock.
2024-07-30 19:33:04,908 [ERROR] LogOutputStream:75 - [STDERR_REDIRECT] 
2024-07-30 19:33:34,903 [ERROR] LogOutputStream:75 - [STDERR_REDIRECT] Jul 30, 2024 7:33:34 PM java.util.prefs.FileSystemPreferences checkLockFile0ErrorCode
2024-07-30 19:33:34,904 [ERROR] LogOutputStream:75 - [STDERR_REDIRECT] WARNING: Could not lock System prefs. Unix error code 2.
2024-07-30 19:33:34,904 [ERROR] LogOutputStream:75 - [STDERR_REDIRECT] 
2024-07-30 19:33:34,905 [ERROR] LogOutputStream:75 - [STDERR_REDIRECT] Jul 30, 2024 7:33:34 PM java.util.prefs.FileSystemPreferences syncWorld
2024-07-30 19:33:34,905 [ERROR] LogOutputStream:75 - [STDERR_REDIRECT] WARNING: Couldn't flush system prefs: java.util.prefs.BackingStoreException: Couldn't get file lock.
2024-07-30 19:33:34,905 [ERROR] LogOutputStream:75 - [STDERR_REDIRECT] 
2024-07-30 19:34:04,903 [ERROR] LogOutputStream:75 - [STDERR_REDIRECT] Jul 30, 2024 7:34:04 PM java.util.prefs.FileSystemPreferences checkLockFile0ErrorCode
2024-07-30 19:34:04,904 [ERROR] LogOutputStream:75 - [STDERR_REDIRECT] WARNING: Could not lock System prefs. Unix error code 2.
2024-07-30 19:34:04,904 [ERROR] LogOutputStream:75 - [STDERR_REDIRECT] 
2024-07-30 19:34:04,905 [ERROR] LogOutputStream:75 - [STDERR_REDIRECT] Jul 30, 2024 7:34:04 PM java.util.prefs.FileSystemPreferences syncWorld
2024-07-30 19:34:04,906 [ERROR] LogOutputStream:75 - [STDERR_REDIRECT] WARNING: Couldn't flush system prefs: java.util.prefs.BackingStoreException: Couldn't get file lock.
2024-07-30 19:34:04,906 [ERROR] LogOutputStream:75 - [STDERR_REDIRECT] 
2024-07-30 19:34:34,904 [ERROR] LogOutputStream:75 - [STDERR_REDIRECT] Jul 30, 2024 7:34:34 PM java.util.prefs.FileSystemPreferences checkLockFile0ErrorCode
2024-07-30 19:34:34,905 [ERROR] LogOutputStream:75 - [STDERR_REDIRECT] WARNING: Could not lock System prefs. Unix error code 2.
2024-07-30 19:34:34,905 [ERROR] LogOutputStream:75 - [STDERR_REDIRECT] 
2024-07-30 19:34:34,906 [ERROR] LogOutputStream:75 - [STDERR_REDIRECT] Jul 30, 2024 7:34:34 PM java.util.prefs.FileSystemPreferences syncWorld
2024-07-30 19:34:34,908 [ERROR] LogOutputStream:75 - [STDERR_REDIRECT] WARNING: Couldn't flush system prefs: java.util.prefs.BackingStoreException: Couldn't get file lock.
2024-07-30 19:34:34,908 [ERROR] LogOutputStream:75 - [STDERR_REDIRECT] 
2024-07-30 19:35:04,905 [ERROR] LogOutputStream:75 - [STDERR_REDIRECT] Jul 30, 2024 7:35:04 PM java.util.prefs.FileSystemPreferences checkLockFile0ErrorCode
2024-07-30 19:35:04,905 [ERROR] LogOutputStream:75 - [STDERR_REDIRECT] WARNING: Could not lock System prefs. Unix error code 2.
2024-07-30 19:35:04,906 [ERROR] LogOutputStream:75 - [STDERR_REDIRECT] 
2024-07-30 19:35:04,907 [ERROR] LogOutputStream:75 - [STDERR_REDIRECT] Jul 30, 2024 7:35:04 PM java.util.prefs.FileSystemPreferences syncWorld
2024-07-30 19:35:04,907 [ERROR] LogOutputStream:75 - [STDERR_REDIRECT] WARNING: Couldn't flush system prefs: java.util.prefs.BackingStoreException: Couldn't get file lock.
2024-07-30 19:35:04,907 [ERROR] LogOutputStream:75 - [STDERR_REDIRECT] 
2024-07-30 19:35:34,906 [ERROR] LogOutputStream:75 - [STDERR_REDIRECT] Jul 30, 2024 7:35:34 PM java.util.prefs.FileSystemPreferences checkLockFile0ErrorCode
2024-07-30 19:35:34,906 [ERROR] LogOutputStream:75 - [STDERR_REDIRECT] WARNING: Could not lock System prefs. Unix error code 2.
2024-07-30 19:35:34,907 [ERROR] LogOutputStream:75 - [STDERR_REDIRECT] 
2024-07-30 19:35:34,908 [ERROR] LogOutputStream:75 - [STDERR_REDIRECT] Jul 30, 2024 7:35:34 PM java.util.prefs.FileSystemPreferences syncWorld
2024-07-30 19:35:34,908 [ERROR] LogOutputStream:75 - [STDERR_REDIRECT] WARNING: Couldn't flush system prefs: java.util.prefs.BackingStoreException: Couldn't get file lock.
2024-07-30 19:35:34,909 [ERROR] LogOutputStream:75 - [STDERR_REDIRECT] 
2024-07-30 19:36:04,907 [ERROR] LogOutputStream:75 - [STDERR_REDIRECT] Jul 30, 2024 7:36:04 PM java.util.prefs.FileSystemPreferences checkLockFile0ErrorCode
2024-07-30 19:36:04,907 [ERROR] LogOutputStream:75 - [STDERR_REDIRECT] WARNING: Could not lock System prefs. Unix error code 2.
2024-07-30 19:36:04,908 [ERROR] LogOutputStream:75 - [STDERR_REDIRECT] 
2024-07-30 19:36:04,909 [ERROR] LogOutputStream:75 - [STDERR_REDIRECT] Jul 30, 2024 7:36:04 PM java.util.prefs.FileSystemPreferences syncWorld
2024-07-30 19:36:04,910 [ERROR] LogOutputStream:75 - [STDERR_REDIRECT] WARNING: Couldn't flush system prefs: java.util.prefs.BackingStoreException: Couldn't get file lock.
2024-07-30 19:36:04,911 [ERROR] LogOutputStream:75 - [STDERR_REDIRECT] 
2024-07-30 19:36:34,907 [ERROR] LogOutputStream:75 - [STDERR_REDIRECT] Jul 30, 2024 7:36:34 PM java.util.prefs.FileSystemPreferences checkLockFile0ErrorCode
2024-07-30 19:36:34,907 [ERROR] LogOutputStream:75 - [STDERR_REDIRECT] WARNING: Could not lock System prefs. Unix error code 2.
2024-07-30 19:36:34,907 [ERROR] LogOutputStream:75 - [STDERR_REDIRECT] 
2024-07-30 19:36:34,908 [ERROR] LogOutputStream:75 - [STDERR_REDIRECT] Jul 30, 2024 7:36:34 PM java.util.prefs.FileSystemPreferences syncWorld
2024-07-30 19:36:34,910 [ERROR] LogOutputStream:75 - [STDERR_REDIRECT] WARNING: Couldn't flush system prefs: java.util.prefs.BackingStoreException: Couldn't get file lock.
2024-07-30 19:36:34,911 [ERROR] LogOutputStream:75 - [STDERR_REDIRECT] 
2024-07-30 19:37:04,907 [ERROR] LogOutputStream:75 - [STDERR_REDIRECT] Jul 30, 2024 7:37:04 PM java.util.prefs.FileSystemPreferences checkLockFile0ErrorCode
2024-07-30 19:37:04,908 [ERROR] LogOutputStream:75 - [STDERR_REDIRECT] WARNING: Could not lock System prefs. Unix error code 2.
2024-07-30 19:37:04,909 [ERROR] LogOutputStream:75 - [STDERR_REDIRECT] 
2024-07-30 19:37:04,910 [ERROR] LogOutputStream:75 - [STDERR_REDIRECT] Jul 30, 2024 7:37:04 PM java.util.prefs.FileSystemPreferences syncWorld
2024-07-30 19:37:04,911 [ERROR] LogOutputStream:75 - [STDERR_REDIRECT] WARNING: Couldn't flush system prefs: java.util.prefs.BackingStoreException: Couldn't get file lock.
2024-07-30 19:37:04,912 [ERROR] LogOutputStream:75 - [STDERR_REDIRECT] 
2024-07-30 19:37:34,907 [ERROR] LogOutputStream:75 - [STDERR_REDIRECT] Jul 30, 2024 7:37:34 PM java.util.prefs.FileSystemPreferences checkLockFile0ErrorCode
2024-07-30 19:37:34,907 [ERROR] LogOutputStream:75 - [STDERR_REDIRECT] WARNING: Could not lock System prefs. Unix error code 2.
2024-07-30 19:37:34,907 [ERROR] LogOutputStream:75 - [STDERR_REDIRECT] 
2024-07-30 19:37:34,908 [ERROR] LogOutputStream:75 - [STDERR_REDIRECT] Jul 30, 2024 7:37:34 PM java.util.prefs.FileSystemPreferences syncWorld
2024-07-30 19:37:34,908 [ERROR] LogOutputStream:75 - [STDERR_REDIRECT] WARNING: Couldn't flush system prefs: java.util.prefs.BackingStoreException: Couldn't get file lock.
2024-07-30 19:37:34,908 [ERROR] LogOutputStream:75 - [STDERR_REDIRECT] 
2024-07-30 19:38:04,908 [ERROR] LogOutputStream:75 - [STDERR_REDIRECT] Jul 30, 2024 7:38:04 PM java.util.prefs.FileSystemPreferences checkLockFile0ErrorCode
2024-07-30 19:38:04,908 [ERROR] LogOutputStream:75 - [STDERR_REDIRECT] WARNING: Could not lock System prefs. Unix error code 2.
2024-07-30 19:38:04,909 [ERROR] LogOutputStream:75 - [STDERR_REDIRECT] 
2024-07-30 19:38:04,910 [ERROR] LogOutputStream:75 - [STDERR_REDIRECT] Jul 30, 2024 7:38:04 PM java.util.prefs.FileSystemPreferences syncWorld
2024-07-30 19:38:04,911 [ERROR] LogOutputStream:75 - [STDERR_REDIRECT] WARNING: Couldn't flush system prefs: java.util.prefs.BackingStoreException: Couldn't get file lock.
2024-07-30 19:38:04,912 [ERROR] LogOutputStream:75 - [STDERR_REDIRECT] 
2024-07-30 19:38:34,909 [ERROR] LogOutputStream:75 - [STDERR_REDIRECT] Jul 30, 2024 7:38:34 PM java.util.prefs.FileSystemPreferences checkLockFile0ErrorCode
2024-07-30 19:38:34,910 [ERROR] LogOutputStream:75 - [STDERR_REDIRECT] WARNING: Could not lock System prefs. Unix error code 2.
2024-07-30 19:38:34,910 [ERROR] LogOutputStream:75 - [STDERR_REDIRECT] 
2024-07-30 19:38:34,912 [ERROR] LogOutputStream:75 - [STDERR_REDIRECT] Jul 30, 2024 7:38:34 PM java.util.prefs.FileSystemPreferences syncWorld
2024-07-30 19:38:34,913 [ERROR] LogOutputStream:75 - [STDERR_REDIRECT] WARNING: Couldn't flush system prefs: java.util.prefs.BackingStoreException: Couldn't get file lock.
2024-07-30 19:38:34,914 [ERROR] LogOutputStream:75 - [STDERR_REDIRECT] 
2024-07-30 19:39:04,907 [ERROR] LogOutputStream:75 - [STDERR_REDIRECT] Jul 30, 2024 7:39:04 PM java.util.prefs.FileSystemPreferences checkLockFile0ErrorCode
2024-07-30 19:39:04,908 [ERROR] LogOutputStream:75 - [STDERR_REDIRECT] WARNING: Could not lock System prefs. Unix error code 2.
2024-07-30 19:39:04,908 [ERROR] LogOutputStream:75 - [STDERR_REDIRECT] 
2024-07-30 19:39:04,909 [ERROR] LogOutputStream:75 - [STDERR_REDIRECT] Jul 30, 2024 7:39:04 PM java.util.prefs.FileSystemPreferences syncWorld
2024-07-30 19:39:04,910 [ERROR] LogOutputStream:75 - [STDERR_REDIRECT] WARNING: Couldn't flush system prefs: java.util.prefs.BackingStoreException: Couldn't get file lock.
2024-07-30 19:39:04,912 [ERROR] LogOutputStream:75 - [STDERR_REDIRECT] 
2024-07-30 19:39:34,908 [ERROR] LogOutputStream:75 - [STDERR_REDIRECT] Jul 30, 2024 7:39:34 PM java.util.prefs.FileSystemPreferences checkLockFile0ErrorCode
2024-07-30 19:39:34,909 [ERROR] LogOutputStream:75 - [STDERR_REDIRECT] WARNING: Could not lock System prefs. Unix error code 2.
2024-07-30 19:39:34,909 [ERROR] LogOutputStream:75 - [STDERR_REDIRECT] 
2024-07-30 19:39:34,911 [ERROR] LogOutputStream:75 - [STDERR_REDIRECT] Jul 30, 2024 7:39:34 PM java.util.prefs.FileSystemPreferences syncWorld
2024-07-30 19:39:34,912 [ERROR] LogOutputStream:75 - [STDERR_REDIRECT] WARNING: Couldn't flush system prefs: java.util.prefs.BackingStoreException: Couldn't get file lock.
2024-07-30 19:39:34,913 [ERROR] LogOutputStream:75 - [STDERR_REDIRECT] 
2024-07-30 19:40:04,908 [ERROR] LogOutputStream:75 - [STDERR_REDIRECT] Jul 30, 2024 7:40:04 PM java.util.prefs.FileSystemPreferences checkLockFile0ErrorCode
2024-07-30 19:40:04,908 [ERROR] LogOutputStream:75 - [STDERR_REDIRECT] WARNING: Could not lock System prefs. Unix error code 2.
2024-07-30 19:40:04,909 [ERROR] LogOutputStream:75 - [STDERR_REDIRECT] 
2024-07-30 19:40:04,910 [ERROR] LogOutputStream:75 - [STDERR_REDIRECT] Jul 30, 2024 7:40:04 PM java.util.prefs.FileSystemPreferences syncWorld
2024-07-30 19:40:04,911 [ERROR] LogOutputStream:75 - [STDERR_REDIRECT] WARNING: Couldn't flush system prefs: java.util.prefs.BackingStoreException: Couldn't get file lock.
2024-07-30 19:40:04,911 [ERROR] LogOutputStream:75 - [STDERR_REDIRECT] 
2024-07-30 19:40:34,906 [ERROR] LogOutputStream:75 - [STDERR_REDIRECT] Jul 30, 2024 7:40:34 PM java.util.prefs.FileSystemPreferences checkLockFile0ErrorCode
2024-07-30 19:40:34,907 [ERROR] LogOutputStream:75 - [STDERR_REDIRECT] WARNING: Could not lock System prefs. Unix error code 2.
2024-07-30 19:40:34,907 [ERROR] LogOutputStream:75 - [STDERR_REDIRECT] 
2024-07-30 19:40:34,907 [ERROR] LogOutputStream:75 - [STDERR_REDIRECT] Jul 30, 2024 7:40:34 PM java.util.prefs.FileSystemPreferences syncWorld
2024-07-30 19:40:34,907 [ERROR] LogOutputStream:75 - [STDERR_REDIRECT] WARNING: Couldn't flush system prefs: java.util.prefs.BackingStoreException: Couldn't get file lock.
2024-07-30 19:40:34,907 [ERROR] LogOutputStream:75 - [STDERR_REDIRECT] 
2024-07-30 19:41:04,908 [ERROR] LogOutputStream:75 - [STDERR_REDIRECT] Jul 30, 2024 7:41:04 PM java.util.prefs.FileSystemPreferences checkLockFile0ErrorCode
2024-07-30 19:41:04,909 [ERROR] LogOutputStream:75 - [STDERR_REDIRECT] WARNING: Could not lock System prefs. Unix error code 2.
2024-07-30 19:41:04,909 [ERROR] LogOutputStream:75 - [STDERR_REDIRECT] 
2024-07-30 19:41:04,911 [ERROR] LogOutputStream:75 - [STDERR_REDIRECT] Jul 30, 2024 7:41:04 PM java.util.prefs.FileSystemPreferences syncWorld
2024-07-30 19:41:04,911 [ERROR] LogOutputStream:75 - [STDERR_REDIRECT] WARNING: Couldn't flush system prefs: java.util.prefs.BackingStoreException: Couldn't get file lock.
2024-07-30 19:41:04,912 [ERROR] LogOutputStream:75 - [STDERR_REDIRECT] 
2024-07-30 19:41:34,907 [ERROR] LogOutputStream:75 - [STDERR_REDIRECT] Jul 30, 2024 7:41:34 PM java.util.prefs.FileSystemPreferences checkLockFile0ErrorCode
2024-07-30 19:41:34,908 [ERROR] LogOutputStream:75 - [STDERR_REDIRECT] WARNING: Could not lock System prefs. Unix error code 2.
2024-07-30 19:41:34,908 [ERROR] LogOutputStream:75 - [STDERR_REDIRECT] 
2024-07-30 19:41:34,909 [ERROR] LogOutputStream:75 - [STDERR_REDIRECT] Jul 30, 2024 7:41:34 PM java.util.prefs.FileSystemPreferences syncWorld
2024-07-30 19:41:34,910 [ERROR] LogOutputStream:75 - [STDERR_REDIRECT] WARNING: Couldn't flush system prefs: java.util.prefs.BackingStoreException: Couldn't get file lock.
2024-07-30 19:41:34,911 [ERROR] LogOutputStream:75 - [STDERR_REDIRECT] 
2024-07-30 19:42:04,907 [ERROR] LogOutputStream:75 - [STDERR_REDIRECT] Jul 30, 2024 7:42:04 PM java.util.prefs.FileSystemPreferences checkLockFile0ErrorCode
2024-07-30 19:42:04,908 [ERROR] LogOutputStream:75 - [STDERR_REDIRECT] WARNING: Could not lock System prefs. Unix error code 2.
2024-07-30 19:42:04,908 [ERROR] LogOutputStream:75 - [STDERR_REDIRECT] 
2024-07-30 19:42:04,910 [ERROR] LogOutputStream:75 - [STDERR_REDIRECT] Jul 30, 2024 7:42:04 PM java.util.prefs.FileSystemPreferences syncWorld
2024-07-30 19:42:04,910 [ERROR] LogOutputStream:75 - [STDERR_REDIRECT] WARNING: Couldn't flush system prefs: java.util.prefs.BackingStoreException: Couldn't get file lock.
2024-07-30 19:42:04,910 [ERROR] LogOutputStream:75 - [STDERR_REDIRECT] 
2024-07-30 19:42:34,909 [ERROR] LogOutputStream:75 - [STDERR_REDIRECT] Jul 30, 2024 7:42:34 PM java.util.prefs.FileSystemPreferences checkLockFile0ErrorCode
2024-07-30 19:42:34,909 [ERROR] LogOutputStream:75 - [STDERR_REDIRECT] WARNING: Could not lock System prefs. Unix error code 2.
2024-07-30 19:42:34,910 [ERROR] LogOutputStream:75 - [STDERR_REDIRECT] 
2024-07-30 19:42:34,910 [ERROR] LogOutputStream:75 - [STDERR_REDIRECT] Jul 30, 2024 7:42:34 PM java.util.prefs.FileSystemPreferences syncWorld
2024-07-30 19:42:34,910 [ERROR] LogOutputStream:75 - [STDERR_REDIRECT] WARNING: Couldn't flush system prefs: java.util.prefs.BackingStoreException: Couldn't get file lock.
2024-07-30 19:42:34,910 [ERROR] LogOutputStream:75 - [STDERR_REDIRECT] 
2024-07-30 19:43:04,908 [ERROR] LogOutputStream:75 - [STDERR_REDIRECT] Jul 30, 2024 7:43:04 PM java.util.prefs.FileSystemPreferences checkLockFile0ErrorCode
2024-07-30 19:43:04,908 [ERROR] LogOutputStream:75 - [STDERR_REDIRECT] WARNING: Could not lock System prefs. Unix error code 2.
2024-07-30 19:43:04,909 [ERROR] LogOutputStream:75 - [STDERR_REDIRECT] 
2024-07-30 19:43:04,910 [ERROR] LogOutputStream:75 - [STDERR_REDIRECT] Jul 30, 2024 7:43:04 PM java.util.prefs.FileSystemPreferences syncWorld
2024-07-30 19:43:04,911 [ERROR] LogOutputStream:75 - [STDERR_REDIRECT] WARNING: Couldn't flush system prefs: java.util.prefs.BackingStoreException: Couldn't get file lock.
2024-07-30 19:43:04,911 [ERROR] LogOutputStream:75 - [STDERR_REDIRECT] 
2024-07-30 19:43:34,909 [ERROR] LogOutputStream:75 - [STDERR_REDIRECT] Jul 30, 2024 7:43:34 PM java.util.prefs.FileSystemPreferences checkLockFile0ErrorCode
2024-07-30 19:43:34,910 [ERROR] LogOutputStream:75 - [STDERR_REDIRECT] WARNING: Could not lock System prefs. Unix error code 2.
2024-07-30 19:43:34,911 [ERROR] LogOutputStream:75 - [STDERR_REDIRECT] 
2024-07-30 19:43:34,912 [ERROR] LogOutputStream:75 - [STDERR_REDIRECT] Jul 30, 2024 7:43:34 PM java.util.prefs.FileSystemPreferences syncWorld
2024-07-30 19:43:34,912 [ERROR] LogOutputStream:75 - [STDERR_REDIRECT] WARNING: Couldn't flush system prefs: java.util.prefs.BackingStoreException: Couldn't get file lock.
2024-07-30 19:43:34,913 [ERROR] LogOutputStream:75 - [STDERR_REDIRECT] 
2024-07-30 19:44:04,909 [ERROR] LogOutputStream:75 - [STDERR_REDIRECT] Jul 30, 2024 7:44:04 PM java.util.prefs.FileSystemPreferences checkLockFile0ErrorCode
2024-07-30 19:44:04,909 [ERROR] LogOutputStream:75 - [STDERR_REDIRECT] WARNING: Could not lock System prefs. Unix error code 2.
2024-07-30 19:44:04,909 [ERROR] LogOutputStream:75 - [STDERR_REDIRECT] 
2024-07-30 19:44:04,910 [ERROR] LogOutputStream:75 - [STDERR_REDIRECT] Jul 30, 2024 7:44:04 PM java.util.prefs.FileSystemPreferences syncWorld
2024-07-30 19:44:04,911 [ERROR] LogOutputStream:75 - [STDERR_REDIRECT] WARNING: Couldn't flush system prefs: java.util.prefs.BackingStoreException: Couldn't get file lock.
2024-07-30 19:44:04,911 [ERROR] LogOutputStream:75 - [STDERR_REDIRECT] 
2024-07-30 19:44:34,909 [ERROR] LogOutputStream:75 - [STDERR_REDIRECT] Jul 30, 2024 7:44:34 PM java.util.prefs.FileSystemPreferences checkLockFile0ErrorCode
2024-07-30 19:44:34,910 [ERROR] LogOutputStream:75 - [STDERR_REDIRECT] WARNING: Could not lock System prefs. Unix error code 2.
2024-07-30 19:44:34,910 [ERROR] LogOutputStream:75 - [STDERR_REDIRECT] 
2024-07-30 19:44:34,910 [ERROR] LogOutputStream:75 - [STDERR_REDIRECT] Jul 30, 2024 7:44:34 PM java.util.prefs.FileSystemPreferences syncWorld
2024-07-30 19:44:34,911 [ERROR] LogOutputStream:75 - [STDERR_REDIRECT] WARNING: Couldn't flush system prefs: java.util.prefs.BackingStoreException: Couldn't get file lock.
2024-07-30 19:44:34,911 [ERROR] LogOutputStream:75 - [STDERR_REDIRECT] 
2024-07-30 19:45:04,909 [ERROR] LogOutputStream:75 - [STDERR_REDIRECT] Jul 30, 2024 7:45:04 PM java.util.prefs.FileSystemPreferences checkLockFile0ErrorCode
2024-07-30 19:45:04,910 [ERROR] LogOutputStream:75 - [STDERR_REDIRECT] WARNING: Could not lock System prefs. Unix error code 2.
2024-07-30 19:45:04,910 [ERROR] LogOutputStream:75 - [STDERR_REDIRECT] 
2024-07-30 19:45:04,911 [ERROR] LogOutputStream:75 - [STDERR_REDIRECT] Jul 30, 2024 7:45:04 PM java.util.prefs.FileSystemPreferences syncWorld
2024-07-30 19:45:04,912 [ERROR] LogOutputStream:75 - [STDERR_REDIRECT] WARNING: Couldn't flush system prefs: java.util.prefs.BackingStoreException: Couldn't get file lock.
2024-07-30 19:45:04,912 [ERROR] LogOutputStream:75 - [STDERR_REDIRECT] 
2024-07-30 19:45:34,909 [ERROR] LogOutputStream:75 - [STDERR_REDIRECT] Jul 30, 2024 7:45:34 PM java.util.prefs.FileSystemPreferences checkLockFile0ErrorCode
2024-07-30 19:45:34,909 [ERROR] LogOutputStream:75 - [STDERR_REDIRECT] WARNING: Could not lock System prefs. Unix error code 2.
2024-07-30 19:45:34,910 [ERROR] LogOutputStream:75 - [STDERR_REDIRECT] 
2024-07-30 19:45:34,910 [ERROR] LogOutputStream:75 - [STDERR_REDIRECT] Jul 30, 2024 7:45:34 PM java.util.prefs.FileSystemPreferences syncWorld
2024-07-30 19:45:34,911 [ERROR] LogOutputStream:75 - [STDERR_REDIRECT] WARNING: Couldn't flush system prefs: java.util.prefs.BackingStoreException: Couldn't get file lock.
2024-07-30 19:45:34,911 [ERROR] LogOutputStream:75 - [STDERR_REDIRECT] 
2024-07-30 19:46:04,909 [ERROR] LogOutputStream:75 - [STDERR_REDIRECT] Jul 30, 2024 7:46:04 PM java.util.prefs.FileSystemPreferences checkLockFile0ErrorCode
2024-07-30 19:46:04,910 [ERROR] LogOutputStream:75 - [STDERR_REDIRECT] WARNING: Could not lock System prefs. Unix error code 2.
2024-07-30 19:46:04,910 [ERROR] LogOutputStream:75 - [STDERR_REDIRECT] 
2024-07-30 19:46:04,911 [ERROR] LogOutputStream:75 - [STDERR_REDIRECT] Jul 30, 2024 7:46:04 PM java.util.prefs.FileSystemPreferences syncWorld
2024-07-30 19:46:04,911 [ERROR] LogOutputStream:75 - [STDERR_REDIRECT] WARNING: Couldn't flush system prefs: java.util.prefs.BackingStoreException: Couldn't get file lock.
2024-07-30 19:46:04,911 [ERROR] LogOutputStream:75 - [STDERR_REDIRECT] 
2024-07-30 19:46:34,910 [ERROR] LogOutputStream:75 - [STDERR_REDIRECT] Jul 30, 2024 7:46:34 PM java.util.prefs.FileSystemPreferences checkLockFile0ErrorCode
2024-07-30 19:46:34,911 [ERROR] LogOutputStream:75 - [STDERR_REDIRECT] WARNING: Could not lock System prefs. Unix error code 2.
2024-07-30 19:46:34,911 [ERROR] LogOutputStream:75 - [STDERR_REDIRECT] 
2024-07-30 19:46:34,912 [ERROR] LogOutputStream:75 - [STDERR_REDIRECT] Jul 30, 2024 7:46:34 PM java.util.prefs.FileSystemPreferences syncWorld
2024-07-30 19:46:34,913 [ERROR] LogOutputStream:75 - [STDERR_REDIRECT] WARNING: Couldn't flush system prefs: java.util.prefs.BackingStoreException: Couldn't get file lock.
2024-07-30 19:46:34,913 [ERROR] LogOutputStream:75 - [STDERR_REDIRECT] 
2024-07-30 22:25:06,465 [INFO] WebApp:189 - Connection lost
2024-07-30 22:25:12,564 [INFO] WebApp:186 - Connection restablished
2024-07-30 22:25:21,148 [ERROR] LogOutputStream:75 - [STDERR_REDIRECT] Jul 30, 2024 10:25:21 PM java.util.prefs.FileSystemPreferences checkLockFile0ErrorCode
2024-07-30 22:25:21,149 [ERROR] LogOutputStream:75 - [STDERR_REDIRECT] WARNING: Could not lock System prefs. Unix error code 2.
2024-07-30 22:25:21,150 [ERROR] LogOutputStream:75 - [STDERR_REDIRECT] 
2024-07-30 22:25:21,151 [ERROR] LogOutputStream:75 - [STDERR_REDIRECT] Jul 30, 2024 10:25:21 PM java.util.prefs.FileSystemPreferences syncWorld
2024-07-30 22:25:21,152 [ERROR] LogOutputStream:75 - [STDERR_REDIRECT] WARNING: Couldn't flush system prefs: java.util.prefs.BackingStoreException: Couldn't get file lock.
2024-07-30 22:25:21,153 [ERROR] LogOutputStream:75 - [STDERR_REDIRECT] 
2024-07-30 22:25:51,146 [ERROR] LogOutputStream:75 - [STDERR_REDIRECT] Jul 30, 2024 10:25:51 PM java.util.prefs.FileSystemPreferences checkLockFile0ErrorCode
2024-07-30 22:25:51,146 [ERROR] LogOutputStream:75 - [STDERR_REDIRECT] WARNING: Could not lock System prefs. Unix error code 2.
2024-07-30 22:25:51,146 [ERROR] LogOutputStream:75 - [STDERR_REDIRECT] 
2024-07-30 22:25:51,147 [ERROR] LogOutputStream:75 - [STDERR_REDIRECT] Jul 30, 2024 10:25:51 PM java.util.prefs.FileSystemPreferences syncWorld
2024-07-30 22:25:51,148 [ERROR] LogOutputStream:75 - [STDERR_REDIRECT] WARNING: Couldn't flush system prefs: java.util.prefs.BackingStoreException: Couldn't get file lock.
2024-07-30 22:25:51,148 [ERROR] LogOutputStream:75 - [STDERR_REDIRECT] 
